t,psi_m,psi_l,nu
18.46722068328951,1.2348673183986341e-8,-5.800649312603815e-10,-0.9694915366317736
36.93444136658094,1.500990094067673e-8,-7.340601351536787e-10,-1.2224481878330802
55.40166204987237,1.5747795166669426e-8,-1.236630108999025e-9,-1.444267830099152
73.8688827331638,1.286396906335193e-8,-2.0649956348093244e-9,-1.6019965394704703
92.33610341645523,1.0204484044993272e-8,-3.113359356796516e-9,-1.6726835592510392
110.80332409974666,1.6446463390100275e-8,-4.222450517002655e-9,-1.6460183998962115
129.2705447830332,2.2994525991845028e-8,-5.2242948498836395e-9,-1.5257866754687597
147.73776546625356,3.0132832205094584e-8,-5.98591099088988e-9,-1.32930954397809
166.20498614947394,3.302282408388943e-8,-6.438733532662503e-9,-1.0849337054500339
184.67220683269431,3.117402702121562e-8,-6.584547323213187e-9,-0.8279323968024604
203.1394275159147,2.522737240686792e-8,-6.478438559403468e-9,-0.59540815131454
221.60664819913507,2.0887671726875364e-8,-6.196720378815689e-9,-0.42093267031697795
240.07386888235544,2.1778900085766778e-8,-5.8032602070540814e-9,-0.32969738668871357
258.54108956559537,2.1781242725335832e-8,-5.327345853167065e-9,-0.3348747221724059
277.00831024895786,2.053784805092634e-8,-4.7604696999720364e-9,-0.43571531463435637
295.47553093232034,1.7952849554563677e-8,-4.070184146222745e-9,-0.6176558720391232
313.9427516156828,1.4185790338906787e-8,-3.223178164947516e-9,-0.854422002175501
332.4099722990453,9.50730586013419e-9,-2.2076212193386008e-9,-1.1118223043915094
350.8771929824078,4.351570989527599e-9,-1.0479822485329599e-9,-1.3526857950177886
369.3444136657703,4.429789249354197e-10,1.904649705755818e-10,-1.5422296425471327
387.81163434913276,3.1917719041718344e-9,1.4073135378909318e-9,-1.6530820554851713
406.27885503249524,5.4681468429678285e-9,2.4819864453195467e-9,-1.6692349690466382
424.7460757158577,7.057117603814428e-9,3.2961589351214184e-9,-1.5883557255075693
443.2132963992202,8.004452706490405e-9,3.759741744759838e-9,-1.4221239195500144
461.6805170825827,9.892273155380916e-9,3.833965847325954e-9,-1.1945447633867534
480.1477377659452,9.835572391256331e-9,3.5437518838175055e-9,-0.9384825342511377
498.61495844930766,8.21054980814469e-9,2.9734648082510837e-9,-0.6909147019423385
517.0821791325919,5.840241435556609e-9,2.244540178049682e-9,-0.4875920786258889
535.5493998156702,3.086427784192975e-9,1.4799945964490325e-9,-0.357876108684862
554.0166204987485,1.6416429082019022e-9,7.653919200793244e-10,-0.3204988358364424
572.4838411818267,2.607774783973215e-10,1.1826595036055988e-10,-0.38085784235650016
590.951061864905,2.3975636146162674e-9,-5.242776593089809e-10,-0.5302367939930533
609.4182825479833,5.7869754844034264e-9,-1.295531250862394e-9,-0.7470641496610751
627.8855032310615,9.941169892935693e-9,-2.369715085300039e-9,-1.0000282680512358
646.3527239141398,1.528959425825118e-8,-3.922660670105736e-9,-1.252599064295984
664.8199445972181,2.2196994919182792e-8,-6.095610620481437e-9,-1.4683032525282231
683.2871652802963,3.107807021812997e-8,-8.973970968748877e-9,-1.6159913862152362
701.7543859633746,4.237505046633895e-8,-1.2587054123362512e-8,-1.6743360926218658
720.2216066464529,5.656491906737977e-8,-1.692633321845025e-8,-1.6349119196055746
738.6888273295311,7.413874151069006e-8,-2.1969781892820323e-8,-1.5034120397106492
757.1560480126094,9.551624283477382e-8,-2.7694130067519423e-8,-1.2988261095520002
775.6232686956877,1.208623458479994e-7,-3.405622662082406e-8,-1.0506980083071922
794.0904893787659,1.4979746086104838e-7,-4.093417581463696e-8,-0.7948594602741539
812.5577100618442,1.8104527210957088e-7,-4.803734623043906e-8,-0.5682556412407611
831.0249307449225,2.12132543189665e-7,-5.481951203504062e-8,-0.40360999336600195
849.4921514280007,2.3931990256377906e-7,-6.044897680466936e-8,-0.32469869287666847
867.959372111079,2.579458623526579e-7,-6.388865289537136e-8,-0.34291717603788135
886.4265927941573,2.632644874321683e-7,-6.410461105201626e-8,-0.4556345450887425
904.8938134772355,2.5164674693184647e-7,-6.03595374095953e-8,-0.6465734913656619
923.3610341603138,2.2178210594825881e-7,-5.248653341048676e-8,-0.8881608716114722
941.8282548433921,1.7540597951626804e-7,-4.102326958856929e-8,-1.1455094950539193
960.2954755264703,1.1719802263498245e-7,-2.7136537788871173e-8,-1.381456118679792
978.7626962095486,5.3822859578549215e-8,-1.2361240502440298e-8,-1.561928123041374
997.2299168926269,5.380988110476678e-9,1.7420142336342663e-9,-1.6608638767786497
1015.6971375757051,4.3238780148770316e-8,1.388596108754214e-8,-1.6639762490352437
1034.1643582587835,7.230636852476106e-8,2.3230151530244927e-8,-1.5708157878383222
1052.6315789418618,9.115728601422898e-8,2.941420271245214e-8,-1.3948356246340459
1071.09879962494,9.993094491610652e-8,3.248726308196062e-8,-1.161448732234039
1089.5660203080183,9.987767621482465e-8,3.278620784364865e-8,-0.9043580839914069
1108.0332409910966,9.28130215489079e-8,3.0804179551789327e-8,-0.6606896691935126
1126.5004616741749,8.06300535723896e-8,2.7071948141203915e-8,-0.4656311969977833
1144.9676823572531,6.494191479852981e-8,2.2060120494688482e-8,-0.34735070384836836
1163.4349030403314,4.686411523812539e-8,1.6104192035445352e-8,-0.3229288589628632
1181.9021237234097,2.6910947986553867e-8,9.35328545625461e-9,-0.39589237619801293
1200.369344406488,4.968136856887652e-9,1.7429119479154767e-9,-0.5557047277658279
1218.8365650895662,2.8680715303159947e-8,-7.01069050391067e-9,-0.7792877048988845
1237.3037857726445,7.034932685014179e-8,-1.740192225623121e-8,-1.0343540996780303
1255.7710064557227,1.2026614054660702e-7,-3.0125003319468896e-8,-1.2840702415482765
1274.238227138801,1.818694588491691e-7,-4.607522786012095e-8,-1.492375080170648
1292.7054478218793,2.596877739623258e-7,-6.637272480698547e-8,-1.6291876956047875
1311.1726685049575,3.5952619157632936e-7,-9.240767692802604e-8,-1.6747512288217716
1329.6398891880358,4.885838403400554e-7,-1.2588535959012497e-7,-1.6224859335038289
1348.107109871114,6.553240709876899e-7,-1.6882038148439676e-7,-1.4799393451499707
1366.5743305541923,8.688186549728065e-7,-2.2339654057545174e-7,-1.2676963553085732
1385.0415512372706,1.1372068130153547e-6,-2.915842422225284e-7,-1.016406585119239
1403.5087719203489,1.4649315491848475e-6,-3.744147462648217e-7,-0.7623583297021802
1421.9759926034271,1.8486653402508196e-6,-4.708893297117875e-7,-0.5422382319732768
1440.4432132865054,2.2724344787571585e-6,-5.766801894408752e-7,-0.3878334317840998
1458.9104339695837,2.7033775353688754e-6,-6.830498662057697e-7,-0.3214412433190755
1477.377654652662,3.0904999934880064e-6,-7.766654653555717e-7,-0.35264924082319143
1495.8448753357402,3.3690184326073656e-6,-8.409980724897155e-7,-0.4769507345784893
1514.3120960188185,3.471653951855339e-6,-8.595654473569571e-7,-0.6763955737058508
1532.7793167018967,3.345372803951321e-6,-8.204077706090005e-7,-0.9221822945523533
1551.246537384975,2.9686498507965663e-6,-7.202803453243604e-7,-1.178817287266753
1569.7137580680533,2.3624468868482146e-6,-5.667414750193258e-7,-1.4092403629413408
1588.1809787511315,1.5895321310360942e-6,-3.770116312380408e-7,-1.5801765475639167
1606.6481994342098,7.413620553204575e-7,-1.739062205870535e-7,-1.6669412600246802
1625.115420117288,6.516015956662709e-8,1.954940798999503e-8,-1.6570049672295448
1643.5826408003663,6.253057983247356e-7,1.848125260500958e-7,-1.5518025510086726
1662.0498614834446,1.0540980084681422e-6,3.104386366980314e-7,-1.3665260994613972
1680.5170821665229,1.3317627260324032e-6,3.9234636524621955e-7,-1.1279310453596239
1698.9843028496011,1.4618053904525508e-6,4.323592028810677e-7,-0.8704724631416788
1717.4515235326794,1.4635932281591076e-6,4.3598711432584573e-7,-0.6313294747659061
1735.9187442157577,1.3638849900939533e-6,4.1025422378856044e-7,-0.4450362808548381
1754.385964898836,1.189657728853592e-6,3.620121613146169e-7,-0.33849514008155507
1772.8531855819142,9.632606591281178e-7,2.968442793671986e-7,-0.3270914633042555
1791.3204062649925,6.998460874751138e-7,2.1846537337253025e-7,-0.41247203458438003
1809.7876269480707,4.064382711118982e-7,1.2844609459429222e-7,-0.5823072021187119
1828.254847631149,8.184387474472626e-8,2.6088827760565075e-8,-0.8120713806570748
1846.7220683142273,3.6665535160115527e-7,-9.169200930764106e-8,-1.068584746314996
1865.1892889973055,9.144810518609712e-7,-2.306031672185795e-7,-1.31480467412506
1883.6565096803838,1.5713130048236492e-6,-3.9940928753268844e-7,-1.5151749956124696
1902.123730363462,2.3852149847475656e-6,-6.106280597608498e-7,-1.6407605999130543
1920.5909510465403,3.4215658247142217e-6,-8.814758635908639e-7,-1.6734259000975678
1939.0581717296186,4.766631681901701e-6,-1.2349337517867235e-6,-1.6084537600391708
1957.5253924126969,6.530246067521296e-6,-1.700581146541554e-6,-1.455226687395424
1975.9926130957751,8.845126372343348e-6,-2.3144849132068288e-6,-1.235871922874854
1994.4598337788534,0.000011858746413985432,-3.116946697516454e-6,-0.9820660859636764
2012.9270544619317,0.00001571210608431463,-4.146441736326304e-6,-0.730460812366467
2031.39427514501,0.000020499400652485253,-5.428011057025936e-6,-0.5173899584735505
2049.861495828203,0.00002620559419636789,-6.9553509347556995e-6,-0.37362269576995505
2068.328716512418,0.000032627592361220227,-8.668581654171358e-6,-0.31992019111726333
2086.795937196633,0.000039299607876435085,-0.000010434215078961979,-0.3640375242263937
2105.263157880848,0.00004545997504334475,-0.000012038570311175012,-0.499603791928079
2123.7303785650633,0.00005010394005194895,-0.000013207153618912837,-0.7070421180996425
2142.1975992492785,0.00005215084257958282,-0.000013656227773745351,-0.9563967144487256
2160.6648199334936,0.0000507090701160517,-0.000013168286985697202,-1.2116587409697344
2179.1320406177088,0.00004536333587882452,-0.000011666614109855278,-1.435966276499758
2197.599261301924,0.000036371285610948305,-9.25683593171054e-6,-1.596927481160147
2216.066481986139,0.00002467354454928861,-6.2136102887980416e-6,-1.6712982425548955
2234.533702670354,0.000011695145958083218,-2.9148732307330735e-6,-1.6483388154151977
2253.0009233545693,8.202372076904091e-7,2.500235563710381e-7,-1.5313647285159309
2271.4681440387844,9.90388867529395e-6,2.9630739806563295e-6,-1.3372679952429118
2289.9353647229996,0.0000168551277879399,5.025664521842958e-6,-1.0940777689163959
2308.4025854072147,0.000021346396473543373,6.365532647264441e-6,-0.8369127041614821
2326.86980609143,0.000023439040582524117,7.01271356420332e-6,-0.602909536395518
2345.337026775645,0.000023457249593233816,7.061271884371922e-6,-0.4258602339675326
2363.80424745986,0.000021845004272074795,6.6313787451760685e-6,-0.33133216197500787
2382.2714681440752,0.000019046425099479587,5.839925586883552e-6,-0.33297594595356295
2400.7386888282904,0.000015426557495449135,4.781769339650509e-6,-0.43055421007441136
2419.2059095125055,0.000011230837244028453,3.5198964094815136e-6,-0.6099758561520395
2437.6731301967206,6.571559073036408e-6,2.0812785353338263e-6,-0.845330933293451
2456.140350880936,1.4273668455682172e-6,4.5512835302029674e-7,-1.1026322463942047
2474.607571565151,5.32418540380056e-6,-1.4091938323882889e-6,-1.3447233846594357
2493.074792249366,0.0000135351715007208,-3.6067289316176163e-6,-1.536644410751283
2511.542012933581,0.000023432260546446582,-6.285462896401734e-6,-1.6506803612325005
2530.0092336177963,0.0000357985432596463,-9.659811336003117e-6,-1.6703635136152906
2548.4764543020115,0.00005171634713536159,-0.000014029029530994877,-1.592851459970716
2566.9436749862266,0.00007264225902048955,-0.00001979860251794085,-1.429337573850773
2585.4108956704417,0.00010047579698703862,-0.00002749892525825465,-1.2034345957496397
2603.878116354657,0.00013758193413415944,-0.000037789159336205234,-0.9477647605666958
2622.345337038872,0.00018669667673367675,-0.00005142491781726866,-0.6992488805155589
2640.812557723087,0.00025060974714202457,-0.0000691585680591105,-0.4937746783805877
2659.2797784073023,0.00033149918765448924,-0.00009153718206485581,-0.3610143073346237
2677.7469990915174,0.00042982908920753086,-0.0001185780135558147,-0.3201394497566881
2696.2142197757325,0.0005428650471690043,-0.000149349495125191,-0.3770527697221304
2714.6814404599477,0.000663139179261751,-0.00018157112474954053,-0.5235355199610939
2733.148661144163,0.00077754463875233,-0.0002114413399287748,-0.7384343957551038
2751.615881828378,0.0008679540067386813,-0.0002339397725145876,-0.9907162444587101
2770.083102512593,0.0009140413065401647,-0.00024374535155636875,-1.2439495059269965
2788.550323196808,0.0008981714591591846,-0.0002366407857855168,-1.4615652276154014
2807.0175438810234,0.000811032318876136,-0.0002109471455092477,-1.612137920884173
2825.4847645652385,0.000655867423336421,-0.00016837040945946039,-1.6739236592166717
2843.9519852494536,0.00044912517272702136,-0.00011381777832150203,-1.6380000790496934
2862.4192059336688,0.0002164204046492298,-0.00005420331582138797,-1.5095548410442579
2880.886426617884,0.000010847942844699348,3.2687147235938907e-6,-1.307136488044754
2899.353647302099,0.00017928973357197802,0.00005267095134463779,-1.0599758830729906
2917.820867986314,0.00030799578588105585,0.00009027527678333017,-0.8037650342190354
2936.2880886705293,0.00039064230825156253,0.0001147020273159152,-0.5755028782445182
2954.7553093547444,0.0004284958191954021,0.00012648250500498764,-0.4081523329873175
2973.2225300389596,0.0004279567140838682,0.00012734993239164703,-0.32588018325113066
2991.6897507231747,0.0003977100228034314,0.00011953263015908894,-0.3405671995304393
3010.15697140739,0.00034611251478507116,0.00010520420826924863,-0.45009245727592956
3028.624192091605,0.00028004514475666106,0.00008613171257014387,-0.6386396153405801
3047.09141277582,0.0002040658238833504,0.0000634911271176494,-0.8789809246345704
3065.5586334600353,0.00012019425476604318,0.00003779041374433072,-1.1364091374625425
3084.0258541442504,0.00002793133198143809,8.838055837129187e-6,-1.3737495176460692
3102.4930748284655,0.00009001739568556486,-0.000024295442270917077,-1.5567281761845029
3120.9602955126807,0.00023357002846896503,-0.00006336403274148518,-1.6589215009453147
3139.427516196896,0.00040777180652596133,-0.00011111126826988199,-1.6655719423833215
3157.894736881111,0.0006276436369827418,-0.00017153432424160241,-1.5757191248202789
3176.361957565326,0.0009142974421542405,-0.0002502499315001765,-1.4023385337032253
3194.829178249541,0.001296767121587985,-0.0003549294237326755,-1.170467751812467
3213.2963989337563,0.0018149035047548127,-0.000495698064817538,-0.9135908321925397
3231.7636196179715,0.0025195104285376116,-0.0006852663729028464,-0.6688029355160532
3250.2308403021866,0.0034714132703484533,-0.0009383721402230575,-0.4714535000708639
3268.6980609864017,0.004737246192778702,-0.001269901049606023,-0.35004151669635103
3287.165281670617,0.006376355823898596,-0.0016909565344783086,-0.32210007231011495
3305.632502354832,0.008417662621741314,-0.0022024303989711235,-0.39166445868820915
3324.099723039047,0.010845758183336668,-0.002786611452377772,-0.5486894471231188
3342.5669437232623,0.013523922979962006,-0.003399171727935014,-0.7704998368962652
3361.0341644074774,0.01622882273064028,-0.003965913615411458,-1.0250647707170288
3379.5013850916926,0.018578110496570332,-0.0043893962337590775,-1.2756230085719324
3397.9686057759077,0.020035430932646568,-0.00456808674882645,-1.4859913824033397
3416.435826460123,0.020187956110818053,-0.004424611510310899,-1.625790069534848
3434.903047144338,0.018666020829974993,-0.003932896585317491,-1.6748301974505952
3453.370267828553,0.015416535558915062,-0.003131680264723596,-1.6260299064899804
3471.8374885127682,0.010758127238561597,-0.002117665390961417,-1.486437246779471
3490.3047091969834,0.005305519234831621,-0.0010186570400570858,-1.2762118962629925
3508.7719298811985,0.00015268088487299864,0.00003632801713146725,-1.0257130552996625
3527.2391505654136,0.004114088944489356,0.0009435055168761326,-0.7711147360421785
3545.706371249629,0.007138392260259441,0.001638593245253901,-0.5491820631974946
3564.173591933844,0.00904987100029452,0.0020967888706399642,-0.39196272720635456
3582.640812618059,0.00987592622543612,0.0023262051525800177,-0.32215964687558274
3601.108033302274,0.009782558861848494,0.00235541420165487,-0.3498527040492791
3619.5752539864893,0.008998616779026275,0.002222436230848001,-0.4710429773092481
3638.0424746707045,0.0077673206849956985,0.001965525110999016,-0.6682299342113105
3656.5096953549196,0.006237778479570105,0.0016167523212383297,-0.912938434539934
3674.9769160391347,0.00452191888781725,0.0011981845608146089,-1.1698306934628517
3693.44413672335,0.0026666188273937776,0.0007199399770303919,-1.4018093735714008
3711.911357407565,0.0006560256234462824,0.0001792060995361585,-1.575374823125912
3730.37857809178,0.001896961724082558,-0.0004406773948970868,-1.665462799159683
3748.8457987759953,0.005028140056446593,-0.0011718199083991711,-1.6590640724425079
3767.3130194602104,0.008875108374742341,-0.0020645935444410573,-1.5571032565088907
3785.7802401444255,0.013832055911447823,-0.0031911715728218213,-1.3743056378856882
3804.2474608286407,0.02046668148950065,-0.004652741190630763,-1.1370714275893892
3822.714681512856,0.02967012015085947,-0.006582453161984801,-0.879664781159006
3841.181902197071,0.042620681484511036,-0.009146377004590745,-0.6392686452779823
3859.649122881286,0.060912028849923625,-0.012536208332620886,-0.45062086000257057
3878.116343565501,0.08661759474729332,-0.016941769882687266,-0.34100827691709923
3896.5835642497163,0.1221330738919333,-0.0225023818680629,-0.3263447852481364
3915.0507849339315,0.16952794731355736,-0.029250954648163373,-0.40890174019372655
3933.5180056181466,0.23376748968429975,-0.03706228005940919,-0.5770111096679739
3951.9852263023618,0.31454654458683917,-0.045541221443264404,-0.8067416220971622
3970.452446986577,0.4123592448674881,-0.053192133440301395,-1.0652335734638398
3988.919667670792,0.520704630442757,-0.054077342554574595,-1.3152547764539704
4007.386888355007,0.576867297098596,-0.0341460302133363,-1.5203918555237248
4025.8541090392223,0.5038560271870891,0.008720361616374463,-1.6500744815676052
4044.3213297234374,0.36353363149876905,0.0407691877915613,-1.6847910402758837
4062.7885504076526,0.2635148297243916,0.048976449400467775,-1.6203092663619076
4081.2557710918677,0.20999200394821194,0.043873741526748056,-1.4670423280162714
4099.722991776082,0.14105084687643676,0.03148861749301949,-1.247349221288822
4118.1902124602975,0.06840531702587797,0.015751868512451302,-0.9926967208628578
4136.657433144513,0.0008622460196767919,-0.00018154732210900806,-0.7395622223549753
4155.124653828728,0.0684608944986166,-0.014150967908536786,-0.5242775798564654
4173.591874512943,0.1254889642533903,-0.024722412306882123,-0.3777717658351211
4192.059095197158,0.1701729999116397,-0.0310238258397764,-0.3210827025756823
4210.526315881373,0.20122577115006965,-0.032833602323055884,-0.36230116502261295
4228.993536565588,0.21605425210291376,-0.03051682509339604,-0.49538807926560563
4247.4607572498035,0.2211872305287539,-0.02471255771586798,-0.7010433334789539
4265.927977934019,0.21356671237409924,-0.016572662077080698,-0.9495074195457138
4284.395198618234,0.18625824367396399,-0.00830560519465771,-1.204884626008787
4302.862419302449,0.14236777713503312,-0.0023034276398256875,-1.4303403406671162
4321.329639986664,0.08679996741381554,0.00039655406454281984,-1.5934039015826822
4339.796860670879,0.022800273181275088,0.00036179632473811016,-1.6706267358449736
4358.264081355094,0.04970791055489326,-0.0008146835089451823,-1.6509596270463922
4376.731302039309,0.12797764875730167,-0.0007059909601570098,-1.5373764474707332
4395.198522723525,0.20370181788569994,0.004131159223127285,-1.3464853089074316
4413.66574340774,0.26314367334462785,0.017191972256014963,-1.1061268618516762
4432.132964091955,0.29679887071419264,0.038866790734817,-0.8512487514422347
4450.60018477617,0.40088345628512234,0.06690315670752994,-0.6187220488661711
4469.067405460385,0.5113815607604493,0.09854130732605482,-0.4421375031821219
4487.5346261446,0.5890962998825938,0.12476609622225612,-0.347371030624432
4506.001846828815,0.6460524022375114,0.14247040872445366,-0.34889834463126496
4524.4690675130305,0.6813751475069548,0.15696588970917297,-0.4470358593209292
4542.936288197246,0.6988869958871469,0.1624295719483227,-0.6270308560593585
4561.403508881461,0.7352765323729961,0.13085449434624344,-0.8619714763599491
4579.870729565676,0.9831556369450261,0.027912449574731678,-1.119170970770037
4598.337950249891,1.1051465446281006,-0.11797838115452586,-1.3620818721394459
4616.805170934106,0.879520320818316,-0.16072884021162884,-1.5514422201439977
4635.272391618321,0.6501965120717361,-0.12516238937836105,-1.6609203064007747
4653.739612302536,0.4646346468621272,-0.08499621263546209,-1.6780681879891464
4672.206832986752,0.3216099888346293,-0.054673868104415976,-1.600379928578302
4690.674053670967,0.21415451837440042,-0.03409368202400782,-1.4378069343281377
4709.141274355182,0.1408263632001327,-0.02065343262015059,-1.2127652829600493
4727.608495039397,0.08319271679416726,-0.011661866751108793,-0.9571483967760153
4746.075715723612,0.03779329255743186,-0.005188972281881804,-0.7075734759490185
4764.542936407827,0.00040004221052226767,-0.000053260863696923526,-0.4999456828559043
4783.010157092042,0.019352666954648344,0.004445041167952374,-0.3641903456888786
4801.4773777762575,0.03720580829310852,0.008737088164033947,-0.3198910215207405
4819.944598460473,0.053020023705049615,0.01307989966982805,-0.37344154560660775
4838.411819144688,0.06524292187213758,0.01753761584843901,-0.5171117878067273
4856.879039828903,0.0712946492705337,0.0218984881695358,-0.7301569663150854
4875.346260513118,0.07419367507962624,0.02559285379916638,-0.9818086729068921
4893.813481197333,0.07196159052333777,0.027724569509579213,-1.2357159765750754
4912.280701881548,0.06671722435142653,0.027264974321093042,-1.4551969230432709
4930.7479225657635,0.05465994514088393,0.023364202723994382,-1.6085440931864492
4949.215143249979,0.03555415492187132,0.01566981669974944,-1.673617284907002
4967.682363934194,0.010148606166684414,0.004547289209606939,-1.6410526162037997
4986.149584618409,0.04141764211781793,-0.008853849823116277,-1.5156124006933103
5004.616805302624,0.10682531938360798,-0.022684878122775493,-1.3154746973353417
5023.084025986839,0.16712977679452795,-0.034657478694405275,-1.0695751177577897
5041.551246671054,0.21223947909847637,-0.042532597578115235,-0.8134079227829004
5060.018467355269,0.24272482474321763,-0.04486735122158101,-0.5839116227380037
5078.485688039485,0.25643806268024466,-0.04177807693443502,-0.4141711909098406
5096.9529087237,0.2443191883816178,-0.03509452526248096,-0.32867078803169714
5115.420129407915,0.21693166377519857,-0.02737470465469978,-0.339763895307195
5133.88735009213,0.2019040295062264,-0.02055151306886941,-0.44588024915045466
5152.354570776345,0.18237296720367382,-0.015447175026731926,-0.6317356420141748
5170.82179146056,0.1552698285147094,-0.012111580880040995,-0.8705186182538448
5189.289012144775,0.12975446462219667,-0.010239620083194161,-1.127750766358637
5207.7562328289905,0.10334618754804092,-0.009380651025842887,-1.3662685439744173
5226.223453513206,0.07940985349428303,-0.00903916293085592,-1.5516008041051996
5244.690674197421,0.05961943096691549,-0.00878303019973816,-1.656956421188999
5263.157894881636,0.04415274473034286,-0.008335893337114497,-1.6670979112001358
5281.625115565851,0.03238745479364406,-0.007588865174905677,-1.5805433764714691
5300.092336250066,0.023505314757765267,-0.006554249840769317,-1.4097803550633885
5318.559556934281,0.016887771794321545,-0.005308022965383593,-1.1794613112429675
5337.026777618496,0.011546324241996489,-0.003946221654958561,-0.9228421289603845
5355.493998302712,0.007123912995727864,-0.002563014344128544,-0.6769784814143084
5373.961218986927,0.003367346441663163,-0.0012390659120585074,-0.47737389547126113
5392.428439671142,0.00010693052206699769,-0.00003845239907022969,-0.3528522859407899
5410.895660355357,0.004762301283765664,0.0009909253516537252,-0.321395286022664
5429.362881039572,0.009081244674456462,0.0018175744468187545,-0.3875454056160469
5447.830101723787,0.012723119895086364,0.0024245866808114283,-0.541749968183664
5466.297322408002,0.015573314311406412,0.002807350175533887,-0.7617405398382493
5484.7645430922175,0.017469644208491893,0.00297189785020654,-1.0157486405533422
5503.231763776433,0.018231970581181384,0.00293194370864732,-1.267093362527531
5521.698984460648,0.01770221052552862,0.0027056031341315106,-1.4794784074151375
5540.166205144863,0.01578638837578049,0.0023122662899456234,-1.622233601904177
5558.633425829078,0.012487611991259414,0.0017706370918685248,-1.6747439603273613
5577.100646513293,0.00792188243078542,0.0010990963625657079,-1.6294266843781056
5595.567867197508,0.002314717563781642,0.0003172775682252398,-1.492826182595885
5614.0350878817235,0.0027549578849868383,-0.000549744915512767,-1.2846689700784726
5632.502308565939,0.007254976990623737,-0.0014690142654099005,-1.0350149250048613
5650.969529250154,0.011451902167271853,-0.0024016699757742565,-0.779916300991994
5669.436749934369,0.01492766642103447,-0.003306330192035857,-0.5562114147537403
5687.903970618584,0.017395634063840638,-0.004143447660629066,-0.3962048999713006
5706.371191302799,0.01883480249749904,-0.004880610249499281,-0.3230027604373911
5724.838411987014,0.01932839769613305,-0.005491983807672853,-0.3471758261556063
5743.305632671229,0.018969208042980253,-0.005957965249737124,-0.4652333357108388
5761.772853355445,0.017984203943535705,-0.006264242261606904,-0.660127010066543
5780.24007403966,0.016603964141105564,-0.006402392295491487,-0.9037128503921451
5798.707294723875,0.01532200877234714,-0.006371580343432343,-1.1608152415400559
5817.17451540809,0.01496990947204034,-0.00617994348607233,-1.3943065385200613
5835.641736092305,0.015094691532914704,-0.005844421547641343,-1.5704686114859412
5854.10895677652,0.01500984318421787,-0.005388800623293225,-1.6638620668082345
5872.576177460735,0.01453039736727523,-0.004840690370903679,-1.66099995309144
5891.0433981449505,0.013638927448097216,-0.004228481524940593,-1.5622954199110675
5909.510618829166,0.012344468045751298,-0.0035790474074013055,-1.3820020696397073
5927.977839513381,0.010687357820499151,-0.0029164360396627927,-1.1461556227144127
5946.445060197596,0.00873871773907437,-0.0022613984501846157,-0.8888141439430929
5964.912280881811,0.006594535774932013,-0.001631444691345049,-0.647139776192195
5983.379501566026,0.004366071486037166,-0.0010411519230799642,-0.4560322205583921
6001.846722250241,0.00216896909696692,-0.000502547587928025,-0.34308893190753004
6020.3139429344565,0.00011307336776101814,-0.00002547285070063836,-0.32461981801094236
6038.781163618672,0.0015980467886093886,0.000382123716573734,-0.40329195212039987
6057.248384302887,0.003061866659714353,0.000713991263907843,-0.5677444222446064
6075.715604987102,0.0042591383906893775,0.0009654958350612337,-0.794228936860274
6094.182825671317,0.005156920926130504,0.0011336541971976517,-1.0500392707972352
6112.650046355532,0.005718320516415702,0.0012172656462778018,-1.2982343113666401
6131.117267039747,0.005906660848363279,0.001217104811608882,-1.5029726578545268
6149.584487723962,0.005691292103413139,0.0011361172507220812,-1.6346884139947362
6168.051708408178,0.0050545967925078135,0.000979545238332388,-1.6743607461952408
6186.518929092393,0.003999323909405337,0.0007549166804679713,-1.6162606482034945
6204.986149776608,0.002554945664550309,0.0004718662479317664,-1.4687782568888874
6223.453370460823,0.0007814602943337964,0.00014182090504082746,-1.253211247799676
6241.920591145038,0.0010849473343261347,-0.00022235464152193705,-1.000689275650722
6260.387811829253,0.0030116094634347924,-0.0006066379867936202,-0.7476785953573044
6278.855032513468,0.00503254241777103,-0.0009960034906849626,-0.5307160335653396
6297.3222531976835,0.007081687103334262,-0.0013745416762429375,-0.3811327697631105
6315.789473881899,0.009093669087177288,-0.0017257818883541828,-0.32052985779747317
6334.256694566114,0.01100575137476615,-0.0020334919716494477,-0.35765885977059264
6352.723915250329,0.012758742211465557,-0.00228306437570107,-0.48715805255931655
6371.191135934544,0.014377142583101764,-0.0024632698141469063,-0.6903267065488266
6389.658356618759,0.015950067992731184,-0.0025678461038932897,-0.937825623137127
6408.125577302974,0.01728796788926572,-0.00259630963946068,-1.1939139521759674
6426.592797987189,0.018327270964215294,-0.0025536246505434364,-1.4216104602224373
6445.060018671405,0.019240287876610956,-0.002448824705498133,-1.5880339215816655
6463.52723935562,0.01972602279383053,-0.002293096557177876,-1.669151435857599
6481.994460039835,0.019701675942603965,-0.002097986281719872,-1.6532489750270767
6500.46168072405,0.01910892696386066,-0.0018742196402385088,-1.5426229837521908
6518.928901408265,0.017929054257631975,-0.0016312728044671548,-1.3532487521670344
6537.39612209248,0.01619152850758581,-0.001377498045242231,-1.1124734520957338
6555.863342776695,0.013973109249031852,-0.001120460324635527,-0.8550669827332492
6574.3305634609105,0.0113882685916755,-0.0008671967869124386,-0.6182009166316804
6592.797784145126,0.008574825068342742,-0.0006242747622097458,-0.4360806261097674
6611.265004829341,0.005679311649552871,-0.0003976723621095165,-0.33500575231578283
6629.732225513556,0.002845024757831453,-0.00019257516431069207,-0.32957232313921603
6648.199446197771,0.0002034393001470044,-0.000013181386452812335,-0.42056496470641147
6666.666666881986,0.0018873563547449385,0.0001374242158600102,-0.5948435903400354
6685.133887566201,0.0036269986233422946,0.00025730146975023685,-0.8272409331167943
6703.6011082504165,0.004974186563106643,0.0003455918982946014,-1.0841969048092903
6722.068328934632,0.005888135068654616,0.00040238427321914413,-1.328604949709166
6740.535549618847,0.006352035219738322,0.0004285454001515995,-1.525170538053303
6759.002770303062,0.006369967350940557,0.0004255545307854235,-1.6455079865417037
6777.469990987277,0.005962380097224199,0.0003953652524438314,-1.6722395825252565
6795.937211671492,0.005161211044575991,0.00034029407469158754,-1.6015050656246543
6814.404432355707,0.004005524802217429,0.0002629165386436991,-1.4435190788079117
6832.871653039922,0.002538150395082081,0.00016595749442632052,-1.2210960898574037
6851.338873724138,0.000803389925044095,0.00005219689545066411,-0.9663557970067279
6869.806094408353,0.0012088583724586643,-0.00007554460223375818,-0.7160847843785464
6888.273315092568,0.0034318742915770877,-0.00021426695310547962,-0.5064242408100399
6906.740535776783,0.005771537626729165,-0.00036048725537644085,-0.3676508778235845
6925.207756460998,0.008173916327163938,-0.0005098838101190227,-0.3198047245113804
6943.674977145213,0.010584032073439158,-0.0006571148675888135,-0.3697951818595757
6962.142197829428,0.012949703179688929,-0.0007960438939268389,-0.5104032465599305
6980.6094185136435,0.0153081491829458,-0.0009204452557137348,-0.7213239918349288
6999.076639197859,0.0175508819633076,-0.001025002470048501,-0.9720987628153231
7017.543859882074,0.01960812882166212,-0.0011061976772600236,-1.2265136538463928
7036.011080566289,0.0213968573551799,-0.001162671427044443,-1.4478290922434471
7054.478301250504,0.022822540359952456,-0.0011948408127215265,-1.6040853344179433
7072.945521934719,0.023785279471875333,-0.0012039015974573892,-1.6727177171630765
7091.412742618934,0.024190549471579424,-0.0011906425565229256,-1.6438151823830005
7109.879963303149,0.023963192017885573,-0.0011546349155709256,-1.5215515145724
7128.347183987365,0.02306168748533687,-0.00109426521687043,-1.3235826060268323
7146.81440467158,0.0214890347863252,-0.001007753906360555,-1.0784967907035838
7165.281625355795,0.019297195641072813,-0.0008948174237420029,-0.8216864460811986
7183.74884604001,0.016583764009613183,-0.0007582071857379861,-0.5902370464158821
7202.216066724225,0.013481741228616236,-0.0006043138593170045,-0.41757173267696057
7220.68328740844,0.01014532549263518,-0.00044248684421666486,-0.32862475813833825
7239.150508092655,0.0067355580829675625,-0.0002834427259779945,-0.336240788467661
7257.6177287768705,0.00340857907932137,-0.00013715492863320577,-0.4393200187459325
7276.084949461086,0.0003078439896739499,-0.000011602200200217825,-0.6229769738306336
7294.552170145301,0.003813706437712547,0.00008822056786146679,-0.8606900754415054
7313.019390829516,0.007362303997838983,0.0001604017418186538,-1.1181315725010745
7331.486611513731,0.010024553055825334,0.0002059746327334091,-1.3581247617429455
7349.953832197946,0.011729212515432156,0.000228038178148272,-1.5460126254509179
7368.421052882161,0.012472444911494263,0.00023087560320047166,-1.6546625994561859
7386.8882735663765,0.012308414158830728,0.00021897983923488464,-1.6683847366706779
7405.355494250592,0.011331987653958429,0.00019620911585565526,-1.5851974545460001
7423.822714934807,0.009657706208519119,0.00016520407657789863,-1.4171136816840777
7442.289935619022,0.007400293274959776,0.00012712049519558198,-1.1884060879540985
7460.757156303237,0.004660511818564238,0.000081663481765681,-0.9321019147616821
7479.224376987452,0.0015176294730686428,0.000027376377210919906,-0.6852135783751746
7497.691597671667,0.0013866857677096178,-0.00003786972173162439,-0.4833937824984046
7516.158818355882,0.0040362094957922335,-0.00011625287818278316,-0.35578698262201436
7534.626039040098,0.006825953131294448,-0.00020934891628346597,-0.3208206914959702
7553.093259724313,0.009702756492755458,-0.00031760293214757115,-0.3835443956086609
7571.560480408528,0.012613212551559127,-0.00044007633142844417,-0.5349003653574912
7590.027701092743,0.015500332288863463,-0.0005744797736917585,-0.7530316602430489
7608.494921776958,0.018300048698638657,-0.0007176092961442964,-1.006438442595431
7626.962142461173,0.020935046417676576,-0.0008653273283801885,-1.2585268033350978
7645.429363145388,0.023381901027608905,-0.0010120902358393264,-1.4728932144654068
7663.8965838296035,0.02587229521370063,-0.0011501063746680814,-1.61858149384781
7682.363804513819,0.028862775785983716,-0.0012681335489778166,-1.6745531362645365
7700.831025198034,0.031451866353855856,-0.0013514264404629298,-1.6327254536580749
7719.298245882249,0.033109460825421065,-0.0013842067238125349,-1.4991387793106576
7737.765466566464,0.03351929747875649,-0.0013543267657264752,-1.2930841714532815
7756.232687250679,0.032883979758929295,-0.0012585576318094528,-1.044317595850617
7774.699907934894,0.031148862938562095,-0.0011054391342652467,-0.7887629145518334
7793.1671286191095,0.02812842838254074,-0.0009137527343369355,-0.563324219805147
7811.634349303325,0.024104136663230184,-0.0007073222139606422,-0.4005566278478929
7830.10156998754,0.019442841336242953,-0.0005087451389333041,-0.3239650770486234
7848.568790671755,0.01450292663371152,-0.00033444045043991126,-0.344610012962334
7867.03601135597,0.009574329819002449,-0.0001928299717998004,-0.4595101410067938
7885.503232040185,0.004908043569349766,-0.00008506913489033665,-0.6520729196284896
7903.9704527244,0.0005325197695516692,-7.765449481999546e-6,-0.8944906391563345
7922.437673408615,0.0036867730537809003,0.00004450673745276987,-1.1517560811654264
7940.904894092831,0.007311683726567539,0.00007762233263268924,-1.3867178662897783
7959.372114777046,0.010202881499544373,0.00009622696784047288,-1.5654454497048207
7977.839335461261,0.012274306700812794,0.00010419523325034366,-1.6621290001924895
7996.306556145476,0.01345426825517953,0.00010452551271895867,-1.6628065655554705
8014.773776829691,0.013698073874530271,0.00009962745964900781,-1.5673802862747228
8033.240997513906,0.012998073254981658,0.00009126485990301174,-1.3896305064909635
8051.708218198121,0.011387649655518273,0.0000802232876413236,-1.1552257590057762
8070.1754388823365,0.008938488441461884,0.00006590260976973478,-0.8980160110443479
8088.642659566552,0.005753116310972587,0.00004612644648491803,-0.655144459608108
8107.109880250767,0.0019561845182040046,0.000017419357184496238,-0.4616837669848468
8125.577100934982,0.001957249966246042,-0.000024134610810540306,-0.34557129776622963
8144.044321619197,0.005866268966367462,-0.00008151804516600677,-0.32357474263681113
8162.511542303412,0.009996200110312178,-0.00015513314949650573,-0.39887072304126836
8180.978762987627,0.014322324450250652,-0.00024125721523411063,-0.5605860478541814
8199.445983670008,0.018742357503682344,-0.00033103331397260453,-0.7853678741363946
8217.913204349676,0.023156483777929646,-0.000410394311227291,-1.040756029903096
8236.380425029343,0.02743402946310663,-0.0004612072063605652,-1.2898705142916818
8254.847645709011,0.031401228265343764,-0.000463631755730577,-1.4967372740795166
8273.314866388679,0.035752557831888805,-0.0004004279789404586,-1.6314831564498309
8291.782087068346,0.03967978282040307,-0.00026084507476321634,-1.674649848618787
8310.249307748014,0.04256473482655055,-0.00004601944547473083,-1.6200038280330193
8328.716528427682,0.04399980909383592,0.000228787591145129,-1.475436536885663
8347.18374910735,0.04373451938801005,0.0005330323062515818,-1.261824779637695
8365.650969787017,0.04197788700586945,0.0008262429786890431,-1.0100159069220394
8384.118190466685,0.040174524945771214,0.00106623677429496,-0.7563731644942848
8402.585411146352,0.03681859882261061,0.0012187675768769767,-0.5375245269662808
8421.05263182602,0.03229181641265687,0.0012647669975797294,-0.3850733490554787
8439.519852505688,0.02703447174247263,0.0012034208507285728,-0.3210346459005834
8457.987073185355,0.021444547631464868,0.0010493771429600062,-0.3546559985046185
8476.454293865023,0.015829174982537345,0.0008277514354746442,-0.48108213871224376
8494.92151454469,0.010404304971237548,0.0005673801070283414,-0.682056054686352
8513.388735224358,0.0053143438691624235,0.00029613914699269455,-0.9285554000022578
8531.855955904026,0.0006634653788072605,0.00003737731018925543,-1.1849835229859504
8550.323176583694,0.004126919501221277,-0.00019124006925228332,-1.4143099178851652
8568.790397263361,0.008257960990622402,-0.0003783940816511744,-1.5834177704862076
8587.257617943029,0.0114505176738715,-0.0005183721294647757,-1.6678863460904012
8605.724838622697,0.013606154620564487,-0.0006092312511620294,-1.655517577272274
8624.192059302364,0.014684944161474596,-0.0006522932126217586,-1.5480975681185187
8642.659279982032,0.014704918835919685,-0.000650586292845583,-1.3611386428575916
8661.1265006617,0.013733135769719098,-0.0006077578862732075,-1.1216392077243074
8679.593721341367,0.01186998779582163,-0.0005273952204515813,-0.8641849407231634
8698.060942021035,0.009231211852939056,-0.0004128350242070828,-0.6259543388017207
8716.528162700703,0.005932233858404891,-0.0002673738903021451,-0.4413498570900832
8734.99538338037,0.002077775884901542,-0.00009463578075634443,-0.33702993410288207
8753.462604060038,0.0021841105021167114,0.00010120985198075775,-0.32805930689519924
8771.929824739706,0.006729694447732047,0.0003156128593314385,-0.41573353720618994
8790.397045419373,0.01143256635459476,0.0005444572962362385,-0.5873919072215373
8808.86426609904,0.016093760190278538,0.0007839002590143595,-0.8182457103713421
8827.331486778708,0.02050288022583446,0.0010325578088358476,-1.074957924015947
8845.798707458376,0.024447627114596002,0.0012894490623539504,-1.3204573347636324
8864.265928138044,0.027730961350875345,0.0015544837735054257,-1.5192919223461083
8882.733148817711,0.03030508601769854,0.0018253615922854873,-1.6427484327006447
8901.20036949738,0.032018446082158016,0.0020952753954063008,-1.672998831863375
8919.667590177047,0.03278503870358577,0.002351095797768174,-1.6056748491276291
8938.134810856714,0.032631648624662585,0.002572680974878903,-1.450498801561383
8956.602031536382,0.03164973740305622,0.0027359767112283035,-1.2298795775892608
8975.06925221605,0.03174425027453911,0.0028160715666221757,-0.9756765295711067
8993.536472895717,0.031627261724559645,0.0027943752376489313,-0.7245986421338708
9012.003693575385,0.030523047523357556,0.002663673255054452,-0.5129034419626017
9030.470914255053,0.028451133120830134,0.0024318310971219695,-0.37116119208902476
9048.93813493472,0.025515797282145224,0.0021196035559924577,-0.3198404100125021
9067.405355614388,0.021886836829442848,0.0017559501276975275,-0.3663521200944124
9085.872576294056,0.017773450671748528,0.00137157862797613,-0.5039796372473988
9104.339796973723,0.013395046914663918,0.0009929763695811758,-0.7128484463608158
9122.807017653391,0.008961216645765567,0.0006391618422235874,-0.9627961658511103
9141.274238333059,0.004661118921521351,0.0003213093759778939,-1.2177281922255798
9159.741459012726,0.0006603854534718843,0.000044657625142962884,-1.4408300551711306
9178.208679692394,0.003655033955749359,-0.00018942831339136457,-1.5998837704608795
9196.675900372062,0.007507842342611631,-0.00038085573252083163,-1.6719204420022014
9215.14312105173,0.010639069867067785,-0.0005295818153689152,-1.64653721021147
9233.610341731397,0.012952814036381174,-0.0006349408816365777,-1.52739953107405
9252.077562411065,0.014357647082135312,-0.0006961978029767078,-1.3317118405299133
9270.544783090732,0.014781320010730068,-0.0007126642853672412,-1.0877330581306957
9289.0120037704,0.014185131412676336,-0.0006838749371731104,-0.8306957341813132
9307.479224450068,0.01257399728586601,-0.000609657917279355,-0.5977181671280548
9325.946445129735,0.010000034237065554,-0.0004902661571685702,-0.42244422708454704
9344.413665809403,0.006559960136690704,-0.0003267488343456561,-0.33018492866297655
9362.88088648907,0.002388679707636998,-0.00012161747179267857,-0.33426333382093354
9381.348107168738,0.0015891744031306004,0.00012031441370891965,-0.43409059895341645
9399.815327848406,0.005066859379985441,0.0003914548677705333,-0.615250998468897
9418.282548528074,0.008733045946161085,0.0006800418731267734,-0.8515836527059699
9436.749769207741,0.012506922840894684,0.0009709100224852561,-1.1089603516202804
9455.216989887409,0.016299871421351607,0.0012463686529302703,-1.3502139345047024
9473.684210567077,0.02001174122232503,0.0014862695292426479,-1.5405055333702566
9492.151431246744,0.02352771604852449,0.001669516091422417,-1.6523556048992276
9510.618651926412,0.02671714162435475,0.0017747179052760751,-1.6696122232882689
9529.08587260608,0.029437049723915903,0.0017829567646017893,-1.5897835684359864
9547.553093285747,0.03154221091342675,0.0016806159722957059,-1.4243977655251043
9566.020313965415,0.03289950198008342,0.0014632442432380877,-1.1973381000486345
9584.487534645083,0.03340719639051014,0.0011402914020395571,-0.9413940132973461
9602.95475532475,0.03301392731289722,0.0007390041530191919,-0.6935259581676202
9621.421976004418,0.03317815488642125,0.0003030377632456231,-0.489527952737407
9639.889196684086,0.03349858621347566,-0.00011228299949773647,-0.3588586691780388
9658.356417363753,0.03193712181706872,-0.0004531159791957846,-0.3203875105241055
9676.823638043421,0.02871481279876105,-0.0006806982925462577,-0.37966987657733053
9695.290858723089,0.024327812903419413,-0.0007785302832336085,-0.5281449467713014
9713.758079402756,0.019350436270517843,-0.0007548158770228961,-0.744371807215834
9732.225300082424,0.01458840791918738,-0.0006350574188294778,-0.9971255469260707
9750.692520762092,0.009900722368128008,-0.00045331029710602604,-1.2499063317143402
9769.15974144176,0.0052163691907523,-0.00024436126630985894,-1.466210310949548
9787.626962121427,0.0008209277186383996,-0.00003837963152614955,-1.6148011397656636
9806.094182801095,0.004258076024615939,0.0001418748465687542,-1.674220822688096
9824.561403480762,0.008800367964414,0.00028189190744720526,-1.6358884615330604
9843.02862416043,0.01234193482802877,0.0003748708776999637,-1.505339423680183
9861.495844840098,0.014769772354258349,0.0004209655552995487,-1.3014259880550902
9879.963065519765,0.016025678598549215,0.00042542839503103056,-1.0535949060257501
9898.430286199433,0.0161143942424284,0.00039672577026988255,-0.7976350265344929
9916.8975068791,0.0151016246450205,0.0003445798166692543,-0.5705090739978502
9935.364727558768,0.013098866805918503,0.00027812741506365643,-0.40501592226548233
9953.831948238436,0.01024031449346292,0.00020439442668462632,-0.3250541775366458
9972.299168918104,0.006660034861779423,0.0001271643071603164,-0.34217103911284863
9990.766389597771,0.0024768811379296783,0.000046245962024442694,-0.4538947985267468
10009.233610277439,0.0015948697837771281,-0.00004284510760537624,-0.6440917708200569
10027.700830957107,0.005233852299678243,-0.00014852280347708838,-0.8852961163188496
10046.168051636774,0.009030207033647552,-0.0002830188454831247,-1.1426761159476884
10064.635272316442,0.012874712984698822,-0.0004596686847735883,-1.3790641468072058
10083.10249299611,0.01662201915971689,-0.0006911855985818318,-1.5603239933058621
10101.569713675777,0.020080099744576425,-0.0009865840198766901,-1.6602804081703302
10120.036934355445,0.02351862994807418,-0.001347645137312116,-1.664499045784813
10138.504155035112,0.026937626537268132,-0.0017667508737018842,-1.572370900355032
10156.97137571478,0.029626189451317907,-0.0022243687158916142,-1.3972002318099224
10175.438596394448,0.03203948489407732,-0.0026914549167940567,-1.164283292913374
10193.905817074115,0.03435701882100686,-0.0031318988068879255,-0.9072553279839485
10212.373037753783,0.03647471204299292,-0.0035081359165648708,-0.6632333780008051
10230.84025843345,0.03783544043308602,-0.0037861760107546277,-0.4674562898615969
10249.307479113118,0.038213171250439146,-0.003938887839557537,-0.3481959276280004
10267.774699792786,0.03740390818000601,-0.003947405038535661,-0.32267445108194687
10286.241920472454,0.03529481293157577,-0.0038021871545423063,-0.39457727234722
10304.709141152121,0.03192706050727625,-0.0035046674487722446,-0.5535208651003332
10323.17636183179,0.02750943702760869,-0.003070229529688157,-0.7765522715321729
10341.643582511457,0.022369115857542768,-0.0025278558862238216,-1.0314637394889279
10360.110803191124,0.016865790629995,-0.0019174839778865263,-1.2814438056300261
10378.578023870792,0.011318990207848545,-0.0012841001560346026,-1.4903931654901659
10397.04524455046,0.005979117720504657,-0.0006705719184294683,-1.6281376885881584
10415.512465230127,0.001031695845866385,-0.00011327800155813995,-1.674785793937741
10433.979685909795,0.004647587996549223,0.00036118145059237046,-1.6236009552812123
10452.446906589463,0.009736404358285483,0.0007368718630572751,-1.4819745200437557
10470.91412726913,0.013642033484400141,0.0010073775171405407,-1.2703583499833426
10489.381347948798,0.016249157297837786,0.0011743064079996182,-1.019311411977658
10507.848568628466,0.01752797201829101,0.0012450204579870438,-0.7650868152935076
10526.315789308133,0.017526954580818252,0.001229973366467009,-0.5443965684753114
10544.783009987801,0.016353696875926253,0.001140429468738809,-0.38911007232288614
10563.250230667469,0.014149319984738309,0.0009865504386805761,-0.32165192930987363
10581.717451347136,0.011062755745396217,0.0007760489191272974,-0.3517636574976
10600.184672026804,0.00723049930498099,0.0005134158688990716,-0.47509693719451807
10618.651892706472,0.0027644542003904798,0.00019969392549459885,-0.6738415345443576
10637.11911338614,0.0018128333313950217,-0.0001670250263798504,-0.9192972285342336
10655.586334065807,0.0062296789055457475,-0.0005912189968599461,-1.1760183421883106
10674.053554745475,0.010941605376404791,-0.001077381006734708,-1.4069323816424155
10692.520775425142,0.01585873942995517,-0.0016284175552672396,-1.578693613900911
10710.98799610481,0.020879523689427103,-0.0022432377887198116,-1.6664984814540402
10729.455216784478,0.02588009691584217,-0.0029141057366893343,-1.65766746296989
10747.922437464145,0.030695812340705467,-0.0036260954530817004,-1.5534761218345527
10766.389658143813,0.03510559082838867,-0.004354758000565281,-1.3689709139777613
10784.85687882348,0.038914131554301575,-0.0050657854797909185,-1.1307963431736496
10803.324099503148,0.04247545955602062,-0.005714743132171412,-0.873347231049512
10821.791320182816,0.044948195855597735,-0.006248491896642278,-0.6338017475402044
10840.258540862484,0.04600182273067472,-0.006611419308524245,-0.4467524942053376
10858.725761542151,0.045430445913627486,-0.006755773201097756,-0.33921099635360924
10877.192982221819,0.044984115652872,-0.006653439144688654,-0.3267070347042887
10895.660202901487,0.043164910484113805,-0.006304367966874707,-0.411046106594111
10914.127423581154,0.040011570637114566,-0.005737284177559273,-0.580048809128712
10932.594644260822,0.0357100284353615,-0.005002697501730536,-0.8093097109718826
10951.06186494049,0.030524048187790656,-0.004161699855006808,-1.0657216808441887
10969.529085620157,0.024751039070469175,-0.0032749727721603722,-1.3122567503420637
10987.996306299825,0.018685328692919653,-0.0023950633398561244,-1.5133131692635298
11006.463526979493,0.012596146851100998,-0.0015627838677044863,-1.6398565423639282
11024.93074765916,0.006720128418840744,-0.0008069467547943789,-1.6736126415559989
11043.397968338828,0.0012585092298091419,-0.00014619538150127952,-1.6097064033249786
11061.865189018496,0.00421548631894096,0.00040854890326917604,-1.4573659907862415
11080.332409698163,0.009083469405447865,0.0008523279116412738,-1.2385902224806506
11098.79963037783,0.013025573252567037,0.0011834579782153797,-0.9849717890360908
11117.266851057499,0.015930123160996776,0.0014038385399411009,-0.7331350122896295
11135.734071737166,0.01769607959001545,0.0015173748224222015,-0.5194469830650386
11154.201292416834,0.018248162878367523,0.0015296117738233842,-0.374765845728532
11172.668513096502,0.0175516359658162,0.0014470074119265622,-0.31998462742623407
11191.13573377617,0.015621636092769002,0.0012760039215084704,-0.3630141184306809
11209.602954455837,0.012524697498474673,0.0010220102579038695,-0.49764049405349564
11228.070175135505,0.00837345347196189,0.0006885834262727113,-0.7044226413621458
11246.537395815172,0.0033182024402943393,0.0002773475555372624,-0.9534996086226178
11265.00461649484,0.0019160403507801974,-0.00021186773095141595,-1.2089027625893036
11283.471837174508,0.006820329394153116,-0.0007782841503395835,-1.433749947762605
11301.939057854175,0.011991519840138706,-0.0014177580048483328,-1.5955715716418863
11320.406278533843,0.017292376014444777,-0.002119153680527803,-1.6709994846720624
11338.87349921351,0.02257521513172731,-0.0028612573978289133,-1.6491415382269128
11357.340719893178,0.027679416033973888,-0.003611320632486287,-1.5331545014214891
11375.807940572846,0.032432259505151766,-0.004326363337281323,-1.3397881903129596
11394.275161252513,0.03665406542504185,-0.004957641628146395,-1.0969666395587647
11412.742381932181,0.04016803440365006,-0.005457551637720428,-0.8397556165976134
11431.209602611849,0.04281298551485857,-0.005788045318920203,-0.6052988061357175
11449.676823291516,0.04445651872567109,-0.005926671305995099,-0.42745392702099344
11468.144043971184,0.04500702073300776,-0.005869595983532575,-0.3319033766569808
11486.611264650852,0.04442308980096493,-0.005630378939965701,-0.3324454749758275
11505.07848533052,0.042719880729261306,-0.0052356436695002,-0.4290018907699977
11523.545706010187,0.039971432942095445,-0.00471964379773065,-0.6076289935110035
11542.012926689855,0.03630732071335603,-0.004119478721870022,-0.8425314746789881
11560.480147369522,0.031978030205544204,-0.003471835261401118,-1.0997874277646846
11578.94736804919,0.027176625620505948,-0.00281016150285793,-1.342246935630059
11597.414588728858,0.021975531624322225,-0.0021634432454548675,-1.5348967763848245
11615.881809408525,0.016584802777789412,-0.0015551494833262163,-1.6499165672413272
11634.349030088193,0.011206874743148382,-0.0010022019564502004,-1.6706962325277643
11652.81625076786,0.006028129382367374,-0.0005152074878867845,-1.5942346521591306
11671.283471447528,0.00121492228990451,-0.00009936226288954843,-1.4315730976113306
11689.750692127196,0.003622214719181444,0.00024412710850257033,-1.2062008395287485
11708.217912806864,0.007887248485665577,0.0005168246977877113,-0.9506631460364352
11726.685133486531,0.011223938585360105,0.0007206852928868905,-0.7018614932832808
11745.152354166199,0.01359191491469821,0.0008590759000355773,-0.49572468119874635
11763.619574845867,0.015004991980205263,0.0009350414626098874,-0.3620204054887359
11782.086795525534,0.015363849037725922,0.0009513182540237699,-0.3200565509663255
11800.554016205202,0.014673927560024468,0.0009100811091651822,-0.375892977612832
11819.02123688487,0.012981142032658911,0.0008127447974580419,-0.5214664330023709
11837.488457564537,0.010365917175703173,0.0006599018546069929,-0.735754951842349
11855.955678244205,0.006933935709277599,0.0004515230965650946,-0.9878135909912219
11874.422898923873,0.002806682808778861,0.00018754455958491946,-1.2412431198434053
11892.89011960354,0.0016638024190106936,-0.0001310897120152536,-1.4594463586948772
11911.357340283208,0.006182243692897409,-0.0005007292626312654,-1.610913112579095
11929.824560962876,0.010935432466012352,-0.0009142980450228778,-1.6737705135920935
11948.291781642543,0.015769460252347503,-0.001358532873929638,-1.6389416618742896
11966.759002322211,0.020518723175926772,-0.0018140538809822266,-1.5114564263070243
11985.226223001879,0.02501488344296775,-0.0022553554884087532,-1.309725109199103
12003.693443681546,0.029089679915909796,-0.0026523579701160363,-1.062879858487367
12022.160664361214,0.03258192282021902,-0.002972830948174284,-0.8065677418601519
12040.627885040882,0.03534428573734368,-0.0031850415130353967,-0.5778029890710025
12059.09510572055,0.03724992693506866,-0.003260114073340997,-0.4096217712864152
12077.562326400217,0.038197845564008466,-0.0031739696779226664,-0.32631140523894364
12096.029547079885,0.0426622991015407,-0.002909923654551703,-0.3399029331646314
12114.496767759552,0.04754151056589671,-0.0024635868128295756,-0.44843361487657474
12132.96398843922,0.05103648536786789,-0.0018515979710691313,-0.6362303290338502
12151.431209118888,0.05233538260122198,-0.0011223266997406624,-0.8761730580945919
12169.898429798555,0.05095886170217546,-0.00036074555688001887,-1.1336115773981306
12188.365650478223,0.04887129021139456,0.0003232459877847788,-1.371369517054146
12206.83287115789,0.04414198980675816,0.0008239305816513835,-1.5551129089544824
12225.300091837558,0.037230166815158595,0.0010743952588013375,-1.6583080010954916
12243.767312517226,0.028877622988230434,0.0010665896241904965,-1.6660526641130555
12262.234533196894,0.01986329285956559,0.0008473400919183538,-1.577228283676292
12280.701753876561,0.010848783879811929,0.0004987723267862076,-1.4046613471185738
12299.168974556229,0.0023394101093449577,0.00011004141809432507,-1.1732712888495944
12317.636195235897,0.00461919711303367,-0.00024163708554063724,-0.9164720140582153
12336.103415915564,0.010137771871628173,-0.0005049182471883027,-0.6713467466896932
12354.570636595232,0.014274532543649094,-0.0006580112698542893,-0.47329299002276576
12373.0378572749,0.017255993389669263,-0.0007051699627979616,-0.35091089987998575
12391.505077954567,0.018791643147737878,-0.0006680811296105797,-0.32187321892293413
12409.972298634235,0.01887262328803922,-0.00057629639624592,-0.39037318300052637
12428.439519313903,0.017606199275050274,-0.00045878665502947487,-0.5465189487928915
12446.90673999357,0.015188239809840954,-0.00033817273766093654,-0.7677620012531212
12465.373960673238,0.01184874477086192,-0.00022826702361118163,-1.0221532828580946
12483.841181352906,0.007796071163788946,-0.00013352235534750455,-1.2729568520956136
12502.308402032573,0.003180061653223585,-0.000051207761567827206,-1.4839548398604192
12520.77562271224,0.0023686658379812645,0.00003052084439072357,-1.6246776346195515
12539.242843391909,0.009260400549787776,0.00013151815333935002,-1.6748040118514544
12557.710064071576,0.016730670744690174,0.00028119347942335703,-1.6270957813081313
12576.177284751244,0.024713756759532142,0.0005207972870144179,-1.4884431438216523
12594.644505430912,0.03307268920900394,0.0009043623321485178,-1.2788697727793499
12613.11172611058,0.0415372953306381,0.0014978119913151657,-1.0286412555323552
12631.578946790247,0.04964902677414802,0.0023729611853968648,-0.7738944072681061
12650.046167469915,0.05674910547928405,0.0035917585431410087,-0.5514185740792641
12668.513388149582,0.06487185014696671,0.005182092469983512,-0.393342560720847
12686.98060882925,0.07376485079073497,0.007106048156364188,-0.32249457763457284
12705.447829508917,0.07990361939906276,0.009238474450503865,-0.34910552215460594
12723.915050188585,0.08606528721971025,0.011366716599365499,-0.4693318363741056
12742.382270868253,0.08964990337314178,0.013223133201718916,-0.6658110804203821
12760.84949154792,0.08773555977639184,0.014540374083348963,-0.9101696246595065
12779.316712227588,0.08332548822378713,0.015114874896704043,-1.1671201525579284
12797.783932907256,0.0771896577705331,0.014856302657686388,-1.399557291071342
12816.251153586923,0.06735781226827256,0.013803979624347497,-1.573915573442686
12834.718374266591,0.0556207635093075,0.01210276829065812,-1.6650161548941993
12853.185594946259,0.043647690974698256,0.009955335896124814,-1.6597026159985606
12871.652815625926,0.032854806699909984,0.007570759116551818,-1.5587409277168107
12890.120036305594,0.022131411719991376,0.005132629092092186,-1.3767091211738884
12908.587256985262,0.01199401969510918,0.002783942801494987,-1.1398924329439442
12927.05447766493,0.0027241379897921707,0.0006292159026248989,-0.8824877461301888
12945.521698344597,0.003443393902642252,-0.001256775609614756,-0.6416653821562717
12963.988919024265,0.007885858887712965,-0.002820333621374088,-0.45220137380708264
12982.456139703932,0.01153142107273713,-0.004024799173569556,-0.34145542151459
13000.9233603836,0.014251570777965674,-0.00484838895587105,-0.32541982457866714
13019.390581063268,0.01591387971562817,-0.005286857023425097,-0.40641000199614014
13037.857801742935,0.016424085599603074,-0.005351255349043865,-0.5727301245797262
13056.325022422603,0.015756711237876506,-0.005066526328791658,-0.8003621279209467
13074.79224310227,0.013966558345727534,-0.004465080148084148,-1.0564341631237462
13093.259463781938,0.01119572279269293,-0.003578993235628534,-1.303967581857615
13111.726684461606,0.007613232924063001,-0.002433774010574437,-1.5072169415744532
13130.193905141274,0.0032400923068137844,-0.0010446630923739543,-1.636831904782916
13148.661125820941,0.003005969844391738,0.0005837592138632314,-1.6740956317479294
13167.128346500609,0.012250970572984854,0.002450949873448089,-1.6136276227880468
13185.595567180277,0.021858426222334155,0.004548216083409616,-1.464160686968928
13204.062787859944,0.031330687461033256,0.006848080814855695,-1.247279815761517
13222.530008539612,0.04007935154014108,0.009285821176506635,-0.9943050721597457
13240.99722921928,0.04772440090278575,0.01174960217761395,-0.7417686534308477
13259.464449898947,0.05472363332939631,0.014075752903305636,-0.5261393249443201
13277.931670578615,0.05950262009038505,0.016059741971770077,-0.3785560910819071
13296.398891258283,0.06153172969523131,0.0174811780699542,-0.32033158096075764
13314.86611193795,0.060644119666442425,0.018144277640843306,-0.3598743975304617
13333.333332617618,0.05709218563151279,0.017923941699201255,-0.49147473947476705
13351.800553297286,0.05644542262948503,0.01680802962732341,-0.6961286580509104
13370.267773976953,0.05991834750592094,0.014921605634663947,-0.9442821944372917
13388.734994656621,0.05918514186475653,0.012514951295322051,-1.2000994626370445
13407.202215336289,0.05999499541259487,0.009907667586021678,-1.426638089210637
13425.669436015956,0.056257768935128946,0.0074077521112474575,-1.591183963876335
13444.136656695624,0.04892517091800977,0.005238804656658366,-1.6699750002535567
13462.603877375292,0.041712258808921425,0.003513176384435832,-1.6516324064048045
13481.07109805496,0.03433644257675427,0.002241412130949462,-1.5388040523448945
13499.538318734627,0.025949249825521284,0.0013628707900644036,-1.347782308213462
13518.005539414295,0.017501748740463924,0.0007800552642004406,-1.1061514092523257
13536.472760093962,0.009530032203362869,0.00038742341293728096,-0.8488041130290702
13554.93998077363,0.0022788045227318645,0.00009166175888676776,-0.6129029067376688
13573.407201453298,0.00434956425889259,-0.00017629238254296276,-0.43251341880882127
13591.874422132965,0.010128654602757926,-0.00045608137920882027,-0.3336850267305932
13610.341642812633,0.01478962080801006,-0.0007575244003886114,-0.3306890797318662
13628.8088634923,0.018160851586374295,-0.001065623300139923,-0.42395798493307535
13647.276084171968,0.0200985767323308,-0.0013463873304078733,-0.6000227758130731
13665.743304851636,0.020530697353919714,-0.0015562703443314653,-0.833458169286425
13684.210525531304,0.01948869142388516,-0.0016515329793559857,-1.0905542089251847
13702.677746210971,0.017105456623537362,-0.0015969197421978343,-1.334184257311775
13721.144966890639,0.01378140354883749,-0.0013725048739325946,-1.5291663549355359
13739.612187570307,0.00942532108547937,-0.0009780319608508781,-1.6473437391264651
13758.079408249974,0.0040833324685329965,-0.0004345027190011658,-1.6716508836240194
13776.546628929642,0.001901169418992895,0.00021517642804258277,-1.5985779081654643
13795.01384960931,0.008113638008694577,0.0009088572089809218,-1.4386774689276722
13813.481070288977,0.014473690694105326,0.0015684750212780732,-1.2150409038268097
13831.948290968645,0.02119895485420231,0.0021056565501434625,-0.9599636572723153
13850.415511648313,0.02794635332722002,0.002431689848418513,-0.7102815114346851
13868.88273232798,0.03421505230377905,0.0024713628017438553,-0.5020511296346137
13887.349953007648,0.03938013085160213,0.0021788573212847694,-0.3653431317691573
13905.817173687316,0.0427804126775266,0.001551523112498838,-0.3198996623391775
13924.284394366983,0.046275488604342614,0.0006377910272865968,-0.3722835175411537
13942.75161504665,0.04884236616866897,-0.00046695917963922756,-0.5149304559971277
13961.218835726319,0.04883130240000468,-0.0016350508220791047,-0.7272414992968962
13979.686056405986,0.04700727724422844,-0.0027280218871622865,-0.9785575043101289
13998.153277085654,0.046408014447697085,-0.003622080780346167,-1.2325865113841172
14016.620497765321,0.04522498312201093,-0.004226045034042714,-1.452644572510321
14035.08771844499,0.04301324128310786,-0.0044962310137969695,-1.606953240459453
14053.554939124657,0.03966029259339982,-0.004438273693672115,-1.6732287024787493
14072.022159804324,0.035335679213529404,-0.004099920086175288,-1.6418998098627813
14090.489380483992,0.031074149312321345,-0.0035554315775439315,-1.5174902735383877
14108.95660116366,0.026605760725572435,-0.002886960985134683,-1.317965423526198
14127.423821843327,0.021050074725681732,-0.002168836435660664,-1.07213787172848
14145.891042522995,0.01482116756990106,-0.001458109072420668,-0.8155067246790878
14164.358263202663,0.00837231709536917,-0.0007931368159187222,-0.5851312020334487
14182.82548388233,0.002136500766863124,-0.00019685705887908926,-0.4142789647674971
14201.292704561998,0.0033182073113882512,0.0003178919881935793,-0.3276219913703992
14219.759925241666,0.007859809295098042,0.000743772844489711,-0.33767376561214557
14238.227145921333,0.011439846426565238,0.0010759728591104168,-0.4429822732896757
14256.694366601001,0.013947143995197576,0.001311542594642449,-0.628339741077686
14275.161587280669,0.01533359413835873,0.001449253226084797,-0.8669788082019698
14293.628807960336,0.015608457933299697,0.0014900641324505392,-1.1244379641915916
14312.096028640004,0.014828627899849841,0.0014367519881911949,-1.3635380482341066
14330.563249319672,0.013083820680598435,0.0012929004040267407,-1.5497511758317826
14349.03046999934,0.010494659700525625,0.0010614498350618483,-1.6561868017365757
14367.497690679007,0.0071660975338286755,0.0007435452311104665,-1.6674749123325463
14385.964911358675,0.003167820719156553,0.0003384108642402573,-1.5819855898389834
14404.432132038342,0.0014146279574600768,-0.00015527167260387248,-1.4120644181778599
14422.89935271801,0.0064910814630024715,-0.0007363246356695308,-1.182249722458876
14441.366573397678,0.011904321950291773,-0.0013971443356163196,-0.9257290744710858
14459.833794077345,0.01749748098211721,-0.002119141674304818,-0.6795467665226709
14478.301014757013,0.02309964060018064,-0.0028682825402056456,-0.479254328840762
14496.76823543668,0.029223183486212015,-0.0035933526454010245,-0.35377659411184414
14515.235456116348,0.036110563227442355,-0.004227753669025811,-0.32123468046372883
14533.702676796016,0.04327950554249631,-0.0046940339472673395,-0.3863290715405202
14552.169897475684,0.050477520363477066,-0.004915085896098542,-0.5396606852396125
14570.637118155351,0.05726864515691184,-0.004830506845920677,-0.7590879880353627
14589.104338835019,0.06300791222557282,-0.004416119439040411,-1.0129242468907305
14607.571559514687,0.06691264602603719,-0.0037021803694603454,-1.2645133271060018
14626.038780194354,0.06870843712137709,-0.0027783624633655763,-1.4775233235600287
14644.506000874022,0.06901207015262703,-0.0017784639381332114,-1.6211934855665968
14662.97322155369,0.0662735501104408,-0.0008472800759297388,-1.6747765204466136
14681.440442233357,0.06080605801239773,-0.00010061893372583162,-1.630534648684445
14699.907662913025,0.05411873361767425,0.0004022683260554006,-1.4948567950079215
14718.374883592693,0.046278461077765176,0.0006593880570937759,-1.2873357557051284
14736.84210427236,0.037431144245903325,0.0007133527967178522,-1.0379387327651133
14755.309324952028,0.02825750925503831,0.0006258433187816597,-0.7826798705623554
14773.776545631696,0.019243328998761952,0.00045848771163686287,-0.5584196580249461
14792.243766311363,0.010702079906802199,0.00026122923400078216,-0.3975421138551229
14810.710986991031,0.002832262034061446,0.00006849481625602978,-0.32327835781833597
14829.178207670699,0.003933643367476933,-0.00009729058701782569,-0.3463518781166811
14847.645428350366,0.009573797464044274,-0.00022251576466384283,-0.46342996846225665
14866.112649030034,0.014125591380662734,-0.0002992476405943797,-0.657604991007141
14884.579869709702,0.01745764441574823,-0.00032614307284444747,-0.9008359853588236
14903.04709038937,0.019469703415640187,-0.0003065446993751077,-1.157998037938839
14921.514311069037,0.02010652214827422,-0.000250590548639697,-1.3919546345480396
14939.981531748705,0.01957648317642951,-0.00017392431576817262,-1.5689204917036095
14958.448752428372,0.0176895174325786,-0.00009509605431533397,-1.663340415774862
14976.91597310804,0.014478969345417689,-0.0000316232097961937,-1.6615796471196111
14995.383193787708,0.010052653954130082,4.6907404556085455e-6,-1.5638927926122679
15013.850414467375,0.004561812862126523,0.000010353010340478862,-1.3843870408677377
15032.317635147043,0.0020013362211234063,-5.9624508807210256e-6,-1.1489849818078928
15050.78485582671,0.009776050398133852,-0.000023817496846994396,-0.8916812060317002
15069.252076506378,0.018004500651851836,-0.000014519916456564274,-0.6496332341390129
15087.719297186046,0.026372698570286103,0.00005543204191908635,-0.457795658864547
15106.186517865714,0.03449654047514042,0.0002139966406716769,-0.34387236687209066
15124.653738545381,0.041931537305077655,0.00047603131396697066,-0.3243157975795786
15143.120959225049,0.04820723542862205,0.0008305613068682533,-0.40195101222762325
15161.588179904717,0.05291145999071346,0.0012382360767025581,-0.5655677028842829
15180.055400584384,0.05695599300531713,0.0016296356017183574,-0.7915390608510354
15198.522621264052,0.05902839662673123,0.0019171420099771885,-1.0472337001378622
15216.98984194372,0.05903937566569088,0.0020139596056266266,-1.2957278934771594
15235.457062623387,0.05784433277891697,0.0018569382274825114,-1.5011376181111336
15253.924283303055,0.05595008818559581,0.0014278551207128043,-1.6338004274093634
15272.391503982722,0.05241545202926652,0.0007646262478046631,-1.6745588733656325
15290.85872466239,0.047977580651494746,-0.000041657652570828135,-1.6175269468116151
15309.325945342058,0.04379663122816543,-0.0008622482373762681,-1.4709400668008434
15327.793166021725,0.03853728599586915,-0.0015603890551400643,-1.2559658757440173
15346.260386701393,0.032579207816222706,-0.002020638097780288,-1.0036475602998567
15364.72760738106,0.027179326870876847,-0.002173119644302979,-0.7504210673023244
15383.194828060728,0.02125041550932827,-0.0020092617423145727,-0.5328535174573155
15401.662048740396,0.014874408014950654,-0.0015760784788752254,-0.38236262077880145
15420.129269420064,0.008450672634537422,-0.0009628333594766043,-0.32067967048453355
15438.596490099731,0.002341451963963616,-0.0002774118701909181,-0.3567113346235951
15457.0637107794,0.002772321811030683,0.00037734044539113623,-0.4852534591013434
15475.530931459067,0.006959133609502056,0.0009208860879862516,-0.6877426283601648
15493.998152138734,0.01040263443449986,0.0013061398517738962,-0.934936940227597
15512.465372818402,0.012998471254938748,0.0015192711346365788,-1.191138844843329
15530.93259349807,0.014658067918646281,0.001573725232615327,-1.419350208663262
15549.399814177737,0.015315205985404104,0.00149976185686023,-1.5866151556659154
15567.867034857405,0.014932978231270141,0.0013333807155413587,-1.6687791383294173
15586.334255537073,0.013509646898660351,0.00110724626804446,-1.6539770092908566
15604.80147621674,0.011082511230277422,0.0008450027993721645,-1.5443464123174113
15623.268696896408,0.007729351118351458,0.000559028552945338,-1.3557190807716228
15641.735917576076,0.0035674488562615746,0.00025069388131636897,-1.1153346225670038
15660.203138255743,0.0012449839038332503,-0.00008810896173868267,-0.8579069272177341
15678.670358935411,0.006557996439872245,-0.00047421130117577094,-0.620611222406694
15697.137579615079,0.012219307688789297,-0.0009316460946790899,-0.4377156794191953
15715.604800294746,0.018025578412317188,-0.0014928436897234069,-0.33563280493075254
15734.072020974414,0.023939013003457063,-0.0021981278242481765,-0.32910524099849314
15752.539241654082,0.030006252247167284,-0.003093694179745569,-0.4190767775715728
15771.00646233375,0.035935574079350385,-0.004226580351481921,-0.5925560203023812
15789.473683013417,0.042637242056793784,-0.005634614838933983,-0.8244924001614394
15807.940903693085,0.04902089874422605,-0.007329486111110102,-1.0813936128382202
15826.408124372752,0.054684729770129226,-0.009279706052080533,-1.326162106659002
15844.87534505242,0.0591852299700214,-0.011393069005432764,-1.5234522019565804
15863.342565732088,0.06210654756721257,-0.013512396024280223,-1.644774241436681
15881.809786411755,0.06313515295345873,-0.015425868575309108,-1.6726086979602137
15900.277007091423,0.06212685665243842,-0.01689905235848581,-1.6029361279968373
15918.74422777109,0.059132929212703064,-0.017721312519837756,-1.4458176274047303
15937.211448450758,0.054760893517246834,-0.017750052597428827,-1.2239419728700174
15955.678669130426,0.0490753214566151,-0.016938227770192518,-0.9693492514153563
15974.145889810094,0.042155244153037605,-0.015336408008797035,-0.7188040841701537
15992.613110489761,0.03442492042500453,-0.013074776996161334,-0.5084865492333864
16011.080331169429,0.0262967027526866,-0.010333286079783358,-0.3687674691645371
16029.547551849097,0.018139869897252574,-0.007313246049468623,-0.3198225705524103
16048.014772528764,0.010269364621701336,-0.004214948640899148,-0.3687189049814565
16066.481993208432,0.0029477586417333617,-0.0012229272602175666,-0.5083943050392605
16084.9492138881,0.0036370810993460257,0.0015029682094776441,-0.7186772637972685
16103.416434567767,0.009255982996376342,0.0038329594710614025,-0.9691999536717246
16121.883655247435,0.013670881693761315,0.005671219530259634,-1.2237837004213106
16140.350875927103,0.01674600174428113,0.006958006727838664,-1.4456635837911758
16158.81809660677,0.01842951976577443,0.0076689004510489085,-1.602797660981825
16177.285317286438,0.018750877160401226,0.007812587519763664,-1.6724940966109088
16195.752537966106,0.01780404478876893,0.007424434536308764,-1.6446880093680345
16214.219758645773,0.015722476952320555,0.006557705333927856,-1.523394855093565
16232.686979325441,0.012652154308990686,0.005273707301396613,-1.3261305015659677
16251.154200005109,0.0087294595159823,0.0036328194116020795,-1.0813817688838858
16269.621420684776,0.00406638205125233,0.0016877704460521747,-0.824492717500106
16288.088641364444,0.0014236839362150055,-0.0005176446117018385,-0.5925607248889514
16306.555862044112,0.008128609138226259,-0.0029499461572437247,-0.4190793749237202
16325.02308272378,0.015324680463496776,-0.005578888288291437,-0.32910175026979216
16343.490303403447,0.022806216514439318,-0.008371638400510141,-0.3356225756501688
16361.957524083115,0.030332408420173967,-0.011282584023088875,-0.4377016578607291
16380.424744762782,0.03762336035106903,-0.0142441382232037,-0.620599618197917
16398.891965449784,0.04436555014753267,-0.017159409325159823,-0.857906319381182
16417.359186138547,0.0502305150851286,-0.019900517270864112,-1.1153546524933509
16435.82640682731,0.05527934578836138,-0.02231581918584258,-1.355768901711722
16454.293627516072,0.060116959989615686,-0.024247384082190297,-1.5444331180906248
16472.760848204834,0.06314594541304595,-0.025556043695993434,-1.6541042524102099
16491.228068893597,0.06643413728897847,-0.026147057508805697,-1.6689461169250115
16509.69528958236,0.0672998122406948,-0.02598605825890361,-1.586816132859918
16528.162510271122,0.06544393741347393,-0.02510195695542884,-1.419574693809461
16546.629730959885,0.06143856167938655,-0.023574023072941496,-1.1913724903216236
16565.096951648648,0.05774390433319761,-0.021510893322766348,-0.9351630878066582
16583.56417233741,0.051871415578775976,-0.019030779002768682,-0.687944318095509
16602.031393026173,0.04440338164325311,-0.01624734169128436,-0.48541563710493424
16620.498613714935,0.036015435740682084,-0.013264387178714684,-0.35682293339494314
16638.965834403698,0.027313076364806628,-0.010177900858361202,-0.32073518640372617
16657.43305509246,0.01897700961599283,-0.007080224018449068,-0.3823628237385692
16675.900275781223,0.01091974520056015,-0.004063275283544924,-0.5328050925166286
16694.367496469986,0.003267841276251178,-0.0012185387186583376,-0.7503352666641075
16712.83471715875,0.004787139714577025,0.001365787271530209,-1.0035382059618931
16731.30193784751,0.012533583149772213,0.0036088999852242664,-1.2558471774816669
16749.769158536274,0.018678260985399396,0.005440608549436005,-1.470824689133084
16768.236379225036,0.02304542370927376,0.006805418147229764,-1.6174246143587518
16786.7035999138,0.02554147933719591,0.00766163000427177,-1.674475627277241
16805.17082060256,0.02616737933638698,0.00798407384379773,-1.6337384884619506
16823.638041291324,0.0253060243612277,0.007764562385589566,-1.5010957393914424
16842.105261980087,0.022821852366463568,0.00701264719550934,-1.2957020833003374
16860.57248266885,0.01871015951209516,0.005755897593886734,-1.0472182048921066
16879.039703357612,0.013130002645397123,0.004039156386794194,-0.7915275089442064
16897.506924046374,0.0062679775865992875,0.0019239547035130463,-0.5655543043754849
16915.974144735137,0.0013798969184345253,-0.0005139419846572597,-0.40193170639459214
16934.4413654239,0.008599699917391446,-0.003187687354242059,-0.3242892320482141
16952.908586112662,0.016288231043513825,-0.00600111748412986,-0.343840585882873
16971.375806801425,0.024170752552584406,-0.008852798138540131,-0.4577643765388375
16989.843027490188,0.031910583549583565,-0.01164050920420036,-0.6496115923534194
17008.31024817895,0.03910114581723972,-0.014267545566638977,-0.8916809799791776
17026.777468867713,0.04645125892268668,-0.016650596180904427,-1.149019285974426
17045.244689556475,0.053347603326938754,-0.01872812013498655,-1.3844686786917952
17063.711910245238,0.05902254548616533,-0.020466750385186194,-1.5640324521378308
17082.179130934,0.06606428840425028,-0.021861991702580144,-1.6617841556350184
17100.646351622763,0.07536241726672878,-0.02292905939597721,-1.6636112183813108
17119.113572311526,0.08429071844690116,-0.023681717432444183,-1.5692524431477057
17137.58079300029,0.09223686319538148,-0.02410387265384179,-1.3923352164542666
17156.04801368905,0.09835602154917995,-0.02412943931685589,-1.1584073642066344
17174.515234377814,0.10162747299520052,-0.02365077423973718,-0.9012482130539343
17192.982455066576,0.10106259597860308,-0.022557777048007238,-0.6579914787741072
17211.44967575534,0.09605749161297591,-0.020788980773468357,-0.46376370613735113
17229.9168964441,0.08721049051823607,-0.018363858763608687,-0.3466120534397227
17248.384117132864,0.07452104483160685,-0.015384618511525588,-0.3234538013800245
17266.851337821627,0.05898917677921789,-0.012015014632473123,-0.39763270779299975
17285.31855851039,0.041855382485851314,-0.008450130455186645,-0.558435438928534
17303.785779199152,0.024352573759361576,-0.00488841113929454,-0.7826382602961333
17322.252999887914,0.0075558389786731985,-0.001511190225079161,-1.0378607968312241
17340.720220576677,0.004079156879336278,0.0015294031928150668,-1.287242466661217
17359.18744126544,0.011048646132707698,0.004116281217665376,-1.4947660530193827
17377.654661954202,0.016706105858844862,0.006166726431494999,-1.6304594426256438
17396.121882642965,0.021109873266123534,0.007631885261619579,-1.6747242346866356
17414.589103331728,0.02403385936690114,0.008490893770503712,-1.6211660887318156
17433.05632402049,0.025329442581362098,0.008747199308306473,-1.4775180989059822
17451.523544709253,0.024899451970451625,0.008422202480212478,-1.2645239041730842
17469.990765398015,0.022717261876504143,0.00755057931499644,-1.0129419053791127
17488.457986086778,0.018834603735099202,0.006175201558111625,-0.7591032876338276
17506.92520677554,0.013376727275864204,0.004343967839339619,-0.5396653807890459
17525.392427464303,0.006522730497835845,0.0021066768157235495,-0.3863180536144369
17543.859648153066,0.002254916562001194,-0.0004861815531752794,-0.3212075810069195
17562.32686884183,0.0157342736039376,-0.003385061778679346,-0.3537387750669873
17580.79408953059,0.03060906517042628,-0.006541451549196201,-0.4792171137513847
17599.261310219354,0.04683604415148362,-0.009907609300593399,-0.6795268842059351
17617.728530908116,0.06428129409007263,-0.013433462185372481,-0.9257473298263457
17636.19575159688,0.08260315634366176,-0.017061172789087656,-1.182328913864079
17654.66297228564,0.1011035057731529,-0.020714909927267648,-1.4122265337728228
17673.130192974404,0.11860204319448396,-0.02428973377778798,-1.5822484098733047
17691.597413663167,0.133435717742179,-0.027644269089383326,-1.6678484189333558
17710.06463435193,0.14372054963357317,-0.030604921054011622,-1.656670197001984
17728.531855040692,0.14892415621377642,-0.0329867563458362,-1.5503314577985183
17746.999075729454,0.147501010189314,-0.03462813533475708,-1.3641905449716627
17765.466296418217,0.13976994790858494,-0.03542615421988816,-1.1251284540647362
17783.93351710698,0.12728632178907756,-0.035353876259279375,-0.8676670763716492
17802.400737795742,0.1145853788300712,-0.03444139686938002,-0.6289849664530592
17820.867958484505,0.10404810811643694,-0.032728722644658814,-0.44354942341235676
17839.335179173268,0.09507431357530588,-0.030227303424223327,-0.33813850234759313
17857.80239986203,0.08408766142083782,-0.02693129459449281,-0.327972451703676
17876.269620550793,0.07010597057597151,-0.02286721121424254,-0.4145151630713924
17894.736841239555,0.05435660018494906,-0.01814500810663481,-0.585263536146501
17913.204061928318,0.03802029392222368,-0.012973794980013414,-0.8155540733836453
17931.67128261708,0.022026605321562018,-0.007639284908217241,-1.0721249853266113
17950.138503305843,0.007029980037126387,-0.0024574148437930448,-1.317919474292159
17968.605723994606,0.007332934543059836,0.0022734123544747866,-1.5174369985557767
17987.07294468337,0.020435670021135853,0.0063079299871319884,-1.6418600116712647
18005.54016537213,0.0311958799394473,0.009475719696438999,-1.6732157920942945
18024.007386060894,0.03927430664509818,0.011685896108361299,-1.6069721751637398
18042.474606749656,0.04438911932565648,0.012920121168676123,-1.4526922000749065
18060.94182743842,0.046336050648132204,0.013213754104849448,-1.2326531217694479
18079.40904812718,0.04505010359943587,0.012635219826063327,-0.9786292950667831
18097.876268815944,0.04063714253176752,0.01126618253560375,-0.7273036018934939
18116.343489504707,0.033492701616367096,0.009187710470249707,-0.5149700862076749
18134.81071019347,0.02389438116930126,0.006472901496449985,-0.3722927668471408
18153.277930882232,0.011811097928093237,0.0031853469818916742,-0.3198774825450752
18171.745151570994,0.001966489953151855,-0.000621910844517161,-0.36529624209102757
18190.212372259757,0.015443228401513704,-0.004904921532314831,-0.5019937989054466
18208.67959294852,0.030109845655166126,-0.00962819476712981,-0.7102343338437738
18227.146813637282,0.0456671024673304,-0.014765354373995475,-0.9599515048645223
18245.614034326045,0.061643631708258456,-0.02029713366970002,-1.2150902734376303
18264.081255014808,0.07728970749127166,-0.026208143139348113,-1.438813551710385
18282.54847570357,0.09149623030635075,-0.03247201036213435,-1.598821866953859
18301.015696392333,0.10283101689307612,-0.03902065586868116,-1.6720178377183594
18319.482917081095,0.1097919802365994,-0.04569148050946165,-1.6478416083017295
18337.950137769858,0.11129383564872113,-0.05216391879874171,-1.529795017834478
18356.41735845862,0.12108247514531642,-0.057921656813553414,-1.3349339405250795
18374.884579147383,0.13774215732182998,-0.062306152112032255,-1.091402594265345
18393.351799836146,0.14885916716827516,-0.06471128892763583,-0.8343679224474851
18411.81902052491,0.15224637081160622,-0.06485185299729349,-0.6009431257008498
18430.28624121367,0.1476257849432245,-0.06287850840903907,-0.4248321516936083
18448.753461902434,0.13788852830480655,-0.0591872137138921,-0.331464947099658
18467.220682591196,0.12313584285854881,-0.05411141571407871,-0.3343245119192957
18485.68790327996,0.10457956421423714,-0.047802734465517416,-0.43299758109076025
18504.15512396872,0.08455833511650157,-0.04033742034223271,-0.6132324687349224
18522.622344657484,0.06653858511693732,-0.03187936992276632,-0.8489966368449283
18541.089565346247,0.04754521675813754,-0.02275810500466592,-1.106236474192094
18559.55678603501,0.028048365448782697,-0.01344054457328566,-1.347795640631427
18578.024006723772,0.009256991799654082,-0.004445910767166945,-1.53878146995506
18596.491227412534,0.00569007511819831,0.003739856937997399,-1.6516045066154608
18614.958448101297,0.016421983936952666,0.010723572695555877,-1.6699634024169716
18633.42566879006,0.025283749070911122,0.016235041914241386,-1.5911995747642484
18651.892889478822,0.03221182832346253,0.020132000980646624,-1.4266814674661603
18670.360110167585,0.036924763202783525,0.022383059252845353,-1.2001628950478995
18688.827330856348,0.039194907809118815,0.02303764268350325,-0.9443526185822914
18707.29455154511,0.03883349494400852,0.022187503923607334,-0.6961906459392104
18725.761772233873,0.035739147226243925,0.01993880671295166,-0.4915135219055018
18744.228992922635,0.03005620296208452,0.016396770356473668,-0.35987906579077894
18762.696213611398,0.02180240656595031,0.011664765358447758,-0.32029794136793605
18781.16343430016,0.011046890763992474,0.005847324613159854,-0.37848844208792454
18799.630654988923,0.002004650892327503,-0.0009439356798641232,-0.5260508971282597
18818.097875677686,0.018132422265712676,-0.00859119342270541,-0.7416808658500206
18836.56509636645,0.03543405960827984,-0.01697545838559836,-0.9942458564360239
18855.03231705521,0.05330508086178406,-0.025986938101243095,-1.247281185740599
18873.499537743974,0.07104532323358484,-0.03553776399144076,-1.4642556655562968
18891.966758432736,0.09197806313470057,-0.04556637046669912,-1.6138466824702373
18910.4339791215,0.1140605996022483,-0.05600911778900901,-1.6744629527389214
18928.90119981026,0.1363253043529334,-0.06670275763506209,-1.6373618848665523
18947.368420499024,0.15703945988351045,-0.07719946114255098,-1.507911282502897
18965.835641187787,0.1735168817617965,-0.08656117388265856,-1.304812948002288
18984.30286187655,0.18277393531253236,-0.09336345197401295,-1.057400389705971
19002.770082565312,0.1841722100941277,-0.09617434925221778,-0.8014020136044953
19021.237303254075,0.1778170308783148,-0.09434529546140473,-0.5737831403034774
19039.704523942837,0.1664607193124824,-0.08839592972227846,-0.4074111007460701
19058.1717446316,0.15152597767396098,-0.07961330292360784,-0.3263109030455218
19076.638965320362,0.13574555084895779,-0.06935710492413522,-0.3421948960684106
19095.106186009125,0.11715910840523006,-0.05864261038089939,-0.452768902791367
19113.573406697888,0.09895567416538645,-0.048077478524294226,-0.6420615764692709
19132.04062738665,0.07992727774152075,-0.03796533395498522,-0.8827304068369277
19150.507848075413,0.06100879514884486,-0.028435796363890944,-1.1400110956566856
19168.975068764175,0.04270184836209902,-0.019541588106984177,-1.3767391440520438
19187.442289452938,0.024972886705729815,-0.011317519842046635,-1.5587178454794952
19205.9095101417,0.008429502400962087,-0.0038086294544393178,-1.6596573464488285
19224.376730830463,0.0052773741347019254,0.0029220441846140094,-1.6649716505140935
19242.843951519226,0.0157957304084265,0.008793236277308498,-1.5738853425909436
19261.31117220799,0.024433657598518708,0.013708353238350585,-1.3995457916700722
19279.77839289675,0.03095889980781334,0.01756094251630673,-1.1671245865275743
19298.245613585514,0.035151760070937677,0.020234063814621783,-0.9101823790277613
19316.712834274276,0.036850441003362364,0.02160776460220218,-0.6658221688852239
19335.18005496304,0.03599560258579204,0.021568841523238687,-0.46933103727299247
19353.6472756518,0.032650540781030114,0.020028507447752086,-0.3490842140361524
19372.114496340564,0.02698894427810742,0.016944747170467536,-0.32244739410116213
19390.581717029327,0.019261469902538984,0.012346048540421855,-0.39326903844613437
19409.04893771809,0.009752338577921658,0.0063510347451026464,-0.5513247413000892
19427.516158406852,0.0015838455536033998,-0.0008227554492999663,-0.7737938756157912
19445.983379095615,0.01711796959656146,-0.008859108976699556,-1.0285552102494413
19464.450599784377,0.033840450933484735,-0.01735681153985244,-1.2788255242647615
19482.91782047314,0.051139355864901155,-0.025856398745990244,-1.4884713074157943
19501.385041161902,0.06827555827426969,-0.033881199386089536,-1.6272264833086483
19519.852261850665,0.08462541160798016,-0.040990117879960604,-1.6750627364510702
19538.319482539428,0.10052539759388578,-0.04683137094020993,-1.6250814787689027
19556.78670322819,0.1143643289845344,-0.05118608231389867,-1.4845099524371252
19575.253923916953,0.12698175337920334,-0.053985966268126635,-1.2736574214332541
19593.721144605715,0.13850921047401346,-0.05531426374150313,-1.0229813323581571
19612.188365294478,0.1460464497804635,-0.05539773796917733,-0.7686862207565358
19630.65558598324,0.1479018048054031,-0.05458242865547059,-0.5474928595167647
19649.122806672003,0.14566948974708555,-0.053242578161158106,-0.3913382887140721
19667.590027360766,0.13863708992683768,-0.051616226597887095,-0.3227705945558582
19686.05724804953,0.12579650748653176,-0.049681444844024515,-0.35169374159428396
19704.52446873829,0.1138286819508309,-0.047184870254778376,-0.4739326419200344
19722.991689427054,0.09876483426321692,-0.04379199071976687,-0.671833185359776
19741.458910115816,0.08232880086048087,-0.039257060931013645,-0.9168117480630074
19759.92613080458,0.06688543438386363,-0.03352850780826539,-1.1734837344491877
19778.39335149334,0.050928021129696285,-0.026770912772175803,-1.4047741007631662
19796.860572182104,0.035313081703736926,-0.019318748473526832,-1.577272064031925
19815.327792870867,0.020646455946256165,-0.011602719055304939,-1.6660568566332785
19833.79501355963,0.007177930943869532,-0.004075104173099941,-1.6582974412648266
19852.262234248392,0.006263957949570852,0.002851780407072233,-1.555106087386067
19870.729454937155,0.019447808221365638,0.008836361977346404,-1.3713780016192856
19889.196675625917,0.030269892307941408,0.013635048791571383,-1.1336402133931724
19907.66389631468,0.03846381931168661,0.017099360324360123,-0.8762205131936955
19926.131117003442,0.04378937731632573,0.01916929525151508,-0.636289868712924
19944.598337692205,0.04607167359126641,0.019854491295840316,-0.4484943932760822
19963.065558380968,0.0452349533024991,0.01921433643934303,-0.3399521151644743
19981.53277906973,0.041317392228285364,0.017336058513566604,-0.3263370441896445
19999.999999758493,0.03446298506210101,0.014319673856417203,-0.4096159265244518
20018.467220447255,0.02489326507154628,0.01026799694105076,-0.5777644036435866
20036.934441136018,0.012880267091234271,0.005285466754806643,-0.8065034668482807
20055.40166182478,0.0010564111620417621,-0.0005202644637690599,-1.0628054415485406
20073.868882513543,0.01426900581438141,-0.007035347809191143,-1.3096632461997375
20092.336103202306,0.028316335866605893,-0.01414176299364951,-1.51143425697511
20110.80332389107,0.04295478515246893,-0.02171828377036926,-1.6389871019814157
20129.27054457983,0.05752317044636993,-0.029644073223898726,-1.6739081329162868
20147.737765268594,0.07113651547271248,-0.03779325032171086,-1.6111601254995254
20166.204985957356,0.08283743649859025,-0.046020874312875625,-1.459809316109029
20184.67220664612,0.0923077757314595,-0.05414089746889803,-1.2417159021724442
20203.13942733488,0.10055698486837304,-0.06190387894059767,-0.9883772417437228
20221.606648023644,0.10509650311879622,-0.06898965684108323,-0.7363797163543081
20240.073868712407,0.10766010145981016,-0.07501961529475482,-0.5221159377127056
20258.54108940117,0.10698167292393863,-0.07958561642965378,-0.3765297476505834
20277.008310089932,0.1029508829911064,-0.08228170144888458,-0.32064738473481175
20295.475530778695,0.09611259547115437,-0.08274419573592434,-0.3625401003819497
20313.942751467457,0.08715256032308823,-0.08071362211234881,-0.49615759953928634
20332.40997215622,0.07687819130625255,-0.07611320162921292,-0.7022016807127524
20350.877192844982,0.06611789714222498,-0.06911299160144362,-0.9509137436652353
20369.344413533745,0.0570145203150986,-0.06012303062763873,-1.2063726595876594
20387.811634222508,0.04850969759581662,-0.04971759226893248,-1.431682171995028
20406.27885491127,0.04013279371712067,-0.038525385901773485,-1.5942992611220945
20424.746075600033,0.029549207244887417,-0.027141033436007926,-1.6707341274002605
20443.213296288795,0.017966728089764766,-0.016067543243991674,-1.6499428009917751
20461.680516977558,0.006469816686827659,-0.005712641694216541,-1.5349222779638452
20480.14773766632,0.004053847692902337,0.003605000508091469,-1.3422778502964476
20498.614958355083,0.013086678192512627,0.011636115435844627,-1.0998251796076222
20517.082179043846,0.020379482007925158,0.018183243811470445,-0.8425734446971037
20535.54939973261,0.02565979387202287,0.02309351439362949,-0.6076696624836289
20554.01662042137,0.028740904104544426,0.026254076805120995,-0.4290342825587782
20572.483841110134,0.029571332049470635,0.027596704003620128,-0.3324627263417909
20590.951061798896,0.028261601277567036,0.02709930416640362,-0.33190025075504437
20609.41828248766,0.02506616313214634,0.024788496158095256,-0.42742808136716454
20627.88550317642,0.021075773057593245,0.0207360965191398,-0.6052516452369285
20646.352723865184,0.015361650921269215,0.015056963663822105,-0.8396926202685568
20664.819944553947,0.008077578549845444,0.007899918676118717,-1.096897133324697
20683.28716524271,0.0005103955265084695,-0.0005495216440778495,-1.3397245831313547
20701.754385931472,0.009313164900416518,-0.01007050325648065,-1.5331110683728435
20720.221606620235,0.018889316171780943,-0.020403696916198907,-1.6491328643691554
20738.688827308997,0.02909366529133894,-0.03123340768734295,-1.671038738275951
20757.15604799776,0.039668153095848764,-0.0421857673926254,-1.595668822354956
20775.623268686522,0.050145286972934196,-0.05282388423245432,-1.4339107539994203
20794.090489375285,0.060587492330954604,-0.06265914629280543,-1.2091272373891
20812.557710064048,0.07469301519648204,-0.07118301281935985,-0.953782149738546
20831.02493075281,0.08839283700221832,-0.07792493188360322,-0.7047524759710753
20849.492151441573,0.09996718977113374,-0.08252285863222825,-0.49800300829881083
20867.959372130335,0.10759295047041632,-0.08478141600573041,-0.36339259478960656
20886.426592819098,0.11231222652695635,-0.084700251511801,-0.32036182629331883
20904.89381350786,0.11329592546165165,-0.08245274718079271,-0.3751252011306047
20923.361034196623,0.10746129288785794,-0.07832520014503971,-0.5197737852644368
20941.828254885386,0.09652496010544276,-0.07264687038226159,-0.7334179958869198
20960.29547557415,0.08392347326645547,-0.06573404546325684,-0.9852047868812223
20978.76269626291,0.07200859823390557,-0.057864972377951795,-1.2387729561177965
20997.229916951674,0.05891450603096081,-0.0492905868687631,-1.4575034600291676
21015.697137640436,0.045967222434305635,-0.04025500408738676,-1.6098071596516184
21034.1643583292,0.03390211540453688,-0.03101022669285957,-1.6736866174952358
21052.63157901796,0.02324875299050041,-0.02182297752076795,-1.6399130508393476
21071.098799706724,0.013764136972350158,-0.012969233568459103,-1.5133594540913582
21089.566020395487,0.004999199808224261,-0.004716455049504182,-1.3122972473092172
21108.03324108425,0.0037672245613997557,0.002692632047983542,-1.0657579662428138
21126.500461773012,0.012676330781177287,0.009059967633094322,-0.8093409815569736
21144.967682461775,0.019862645003648753,0.014231287070613545,-0.5800726653781078
21163.434903150537,0.025107163168813527,0.01810085062231761,-0.4110594250875805
21181.9021238393,0.028719937311809492,0.020602728265690838,-0.32670679704039907
21200.369344528062,0.030367746776392455,0.021700761332958222,-0.3391950381359129
21218.836565216825,0.02991892473627263,0.02138267837761336,-0.4467201838583019
21237.303785905588,0.027386222034122405,0.01965593634384242,-0.6337545697245428
21255.77100659435,0.022880923582375663,0.01654954298829048,-0.873289169865932
21274.238227283113,0.0165919422990467,0.012121496271049106,-1.130733922988543
21292.705447971875,0.008757787585322464,0.006468080095590157,-1.3689128047732477
21311.172668660638,0.00031627061256425784,-0.0002703655937864621,-1.5534323233260399
21329.6398893494,0.009100371098567305,-0.00790299244817197,-1.6576481957834996
21348.107110038163,0.018310799398707483,-0.016194982459331663,-1.6665129724874856
21366.574330726926,0.02742217861020509,-0.024874276637365793,-1.5787489622457052
21385.04155141569,0.03585765309734901,-0.03364826626383521,-1.4070326512462252
21403.50877210445,0.043040170112313314,-0.04221926082906427,-1.176163981168166
21421.975992793214,0.049986334746435525,-0.05030540376049707,-0.919484881088669
21440.443213481976,0.05613536203334674,-0.057646065169167954,-0.6740642938569438
21458.91043417074,0.060722674683983714,-0.06400513071289513,-0.4753450479534473
21477.3776548595,0.06387346989066389,-0.06915525031711839,-0.352025608818277
21495.844875548264,0.06606182350667267,-0.07286789652182045,-0.3219157725581357
21514.312096237027,0.06646298593914264,-0.07491239478229596,-0.38936476336714515
21532.77931692579,0.06516040788342826,-0.07508268870937272,-0.5446331261563391
21551.246537614552,0.06233402438868842,-0.07325079164789101,-0.765299123636136
21569.713758303315,0.059087851936223096,-0.06942492547832205,-1.019496540914968
21588.180978992077,0.05690044800397167,-0.0637784846711588,-1.2705163600435594
21606.64819968084,0.053329700732601466,-0.05663352306110839,-1.482107838625259
21625.115420369602,0.04759215562785784,-0.048399174468413714,-1.6237135009589339
21643.582641058365,0.0403860978725505,-0.03951043495544343,-1.6748820119576666
21662.049861747128,0.03223220418117991,-0.030374539971776887,-1.628221627968594
21680.51708243589,0.023287742315401788,-0.02134616945981574,-1.4904677255871144
21698.984303124653,0.014141699282436658,-0.012717470026359427,-1.2815102799489706
21717.451523813415,0.005314883798144826,-0.004724995524835738,-1.0315217196633428
21735.918744502178,0.0024401227614514786,0.0024401227614514786,-0.7765999051778744
21754.38596519094,0.008621079982542572,0.008621079982542572,-0.5535553989452745
21772.853185879703,0.013688176498846962,0.013688176498846962,-0.39459578735970346
21791.320406568466,0.01753329081443105,0.01753329081443105,-0.3226746805382017
21809.78762725723,0.020069102991135207,0.020069102991135207,-0.3481770308560043
21828.25484794599,0.021231577957577713,0.021231577957577713,-0.4674194373538929
21846.722068634754,0.020985926671562655,0.020985926671562655,-0.6631820124477077
21865.189289323516,0.019330846781811552,0.019330846781811552,-0.9071950166787627
21883.65651001228,0.0163018707669031,0.0163018707669031,-1.164221190993007
21902.12373070104,0.011972024461923782,0.011972024461923782,-1.3971442818414155
21920.590951389804,0.006455226319890312,0.006455226319890312,-1.572328940582996
21939.058172078567,0.00009653670996452943,-0.0000974273233854904,-1.6644779776832355
21957.52539276733,0.007393684762605253,-0.007496812919806298,-1.6602855243680374
21975.992613456092,0.015369336827740087,-0.015509394372946675,-1.5603585437621843
21994.459834144855,0.023884381749543732,-0.023862857203606005,-1.3791291968175825
22012.927054833617,0.03282994362484558,-0.03224568406472704,-1.1427707187502651
22031.39427552238,0.0422278419779342,-0.04031373383071776,-0.8854177685654772
22049.861496211142,0.05164758725338534,-0.04771229000483679,-0.6442370503925822
22068.328716899905,0.06067098937726608,-0.054101644064575266,-0.45406000106582883
22086.795937588668,0.06878960712450968,-0.05919272686436146,-0.3423525532228862
22105.26315827743,0.07546742739235004,-0.06277723850161455,-0.32524838750227375
22123.730378966193,0.0802318658407358,-0.06474728760560616,-0.4052187463350291
22142.197599654955,0.08275964073022182,-0.06509075929508229,-0.5707156825221803
22160.664820343718,0.08388154699545003,-0.06387262683665595,-0.7978402346166478
22179.13204103248,0.08252255359820274,-0.061213436582408146,-1.0537940122722358
22197.599261721243,0.07962142009333668,-0.0572685865576678,-1.3016153871289478
22216.066482410006,0.07465940215527285,-0.052215063131506576,-1.5055166980859638
22234.53370309877,0.06693997877555052,-0.04624572843003283,-1.636052117351735
22253.00092378753,0.05916775163558216,-0.03956991541925921,-1.6743698949480075
22271.468144476294,0.04919025474054281,-0.03241621514811406,-1.614934808257709
22289.935365165056,0.038134514645723774,-0.025031025078454942,-1.4663276084551233
22308.40258585382,0.027491182538632114,-0.017670709245919507,-1.2500060034252525
22326.86980654258,0.016705071780872414,-0.010587540321530559,-0.99720609060907
22345.337027231344,0.006384825985660583,-0.004012218625019632,-0.7444317053695645
22363.804247920107,0.002670481258485594,0.0018587572553592185,-0.52818306982893
22382.27146860887,0.009905511935893948,0.006873704953174547,-0.3796859636497603
22400.738689297632,0.0157387467126277,0.010925771056716481,-0.3203825627837028
22419.205909986395,0.02000032949586594,0.013946658340063157,-0.35883509486491894
22437.673130675157,0.022607511312341195,0.01589960383716603,-0.48948943900895875
22456.14035136392,0.023555816606138803,0.016767319094555568,-0.6934772090763419
22474.607572052682,0.0229060393605053,0.016547141875944207,-0.9413404906788571
22493.074792741445,0.020765563322709225,0.015248106237645404,-1.1972857638546732
22511.542013430208,0.017268668366502447,0.012893229767555477,-1.4243527222810828
22530.00923411897,0.012559627369416019,0.009524304483779202,-1.589751589509589
22548.476454807733,0.006780106600365397,0.005210686927084323,-1.6695982025853804
22566.943675496495,0.00006672565732512828,0.00005278509714281746,-1.6523630897077353
22585.410896185258,0.008686312841397885,-0.005815428471291845,-1.5405364670771737
22603.87811687402,0.018249860377331267,-0.012227975716431366,-1.3502686944371318
22622.345337562783,0.02837860239839526,-0.01899285805375111,-1.1090380791838204
22640.812558251546,0.03873275958822084,-0.0259028831432287,-0.8516827914391124
22659.27977894031,0.0488297635083004,-0.032747029471618824,-0.6153699054047191
22677.74699962907,0.059741102178600604,-0.03932586342466373,-0.4342280893314371
22696.214220317834,0.07010948562670463,-0.04546053885586466,-0.3344190302370495
22714.681441006596,0.07990862819039175,-0.050997480741003055,-0.33035931275600955
22733.14866169536,0.08975188263009505,-0.055803840167951514,-0.422638329148936
22751.61588238412,0.0982060957197545,-0.059753258859555215,-0.5979328954227362
22770.083103072884,0.10552739306357921,-0.06270681513735268,-0.8309309539192052
22788.550323761647,0.10945729359183118,-0.06449598698005914,-1.0879866571007486
22807.01754445041,0.11049459433887969,-0.06492372269872244,-1.3319791025123837
22825.484765139172,0.10826219023532814,-0.06379011524989012,-1.5276730978008919
22843.951985827935,0.10183454291568227,-0.060940832948507245,-1.646807731345307
22862.419206516697,0.09204128745802329,-0.05632222207695434,-1.6721777626070549
22880.88642720546,0.08055968677670286,-0.05002440488469086,-1.6001183096172187
22899.353647894222,0.06703790467958622,-0.04229402929743922,-1.4410339710368554
22917.820868582985,0.05233368909017687,-0.03351394545254897,-1.2178960850511176
22936.288089271748,0.0373415693607214,-0.024159179846049775,-0.962925297863144
22954.75530996051,0.02267909875409873,-0.014739555141393239,-0.7129386245379623
22973.222530649273,0.00882802555135646,-0.005744946765415619,-0.5040329297546395
22991.689751338035,0.0027469571194147576,0.0023975215284631536,-0.3663725075336232
23010.156972026798,0.010772174014603888,0.009352548766281514,-0.3198333895774151
23028.62419271556,0.017307380758997376,0.014888695473602895,-0.37113331747283185
23047.091413404323,0.022311661991555164,0.018876751870629732,-0.51286180286606
23065.558634093086,0.02562030026781825,0.02128337959566063,-0.7245503369934925
23084.02585478185,0.02714554671479299,0.022143602683199766,-0.975628211984252
23102.49307547061,0.026849354423993995,0.02154040267430489,-1.2298371244716808
23120.960296159374,0.02474752035356043,0.019579805213413543,-1.4504670835616926
23139.427516848136,0.020908233649090387,0.01637134735809296,-1.6056575407975826
23157.8947375369,0.015446065544470797,0.01201750704287572,-1.6729982466979272
23176.36195822566,0.008511719795131762,0.006608604206684531,-1.6427654575211879
23194.829178914424,0.0002882285234605173,0.00022525151397853317,-1.5193261662488509
23213.296399603187,0.01152387974431042,-0.007055460444649229,-1.3205075640926192
23231.76362029195,0.024547250974518757,-0.015152863393423128,-1.0750227529094314
23250.230840980712,0.03840057341318027,-0.023971186620896597,-0.818324412164115
23268.698061669475,0.05269929714403771,-0.03338879126401716,-0.5874851441268515
23287.165282358237,0.06694265209694247,-0.0432434273486358,-0.41584379509499136
23305.632503047,0.08049270684293702,-0.053312308280425755,-0.3281908664997397
23324.099723735762,0.09305835863164215,-0.06329691770524862,-0.3371883004594499
23342.566944424525,0.10356672655354278,-0.07279904408368262,-0.44154068155654125
23361.034165113288,0.11094153705314845,-0.08131532262690983,-0.6261819797858003
23379.50138580205,0.11441312468590796,-0.08825581833249888,-0.8644509084602348
23397.968606490813,0.11362269611156232,-0.09299929750728506,-1.1219408335105818
23416.435827179575,0.10875882221961584,-0.09499796818265627,-1.361468385728181
23434.903047868338,0.10051887403003008,-0.09390679602531743,-1.548443324929424
23453.3702685571,0.08995507673772993,-0.08969201650622066,-1.6558640901674704
23471.837489245863,0.07867630510632298,-0.08266031570864632,-1.6682173717533935
23490.304709934626,0.0667557304654597,-0.07338917194350872,-1.5837183970955648
23508.77193062339,0.05482932394332278,-0.0625929193881129,-1.4145684073733389
23527.23915131215,0.04399164412369236,-0.0509822090832079,-1.1851923222567835
23545.706372000914,0.035163778088941625,-0.039167424957750205,-0.9287113541688982
23564.173592689676,0.025534859109508506,-0.027620055977172632,-0.6821600859896074
23582.64081337844,0.015735182461533256,-0.016680475306112878,-0.4811386319145373
23601.1080340672,0.006292144717581279,-0.006590479810727613,-0.3546720178427469
23619.575254755964,0.00329629984378781,0.0024669303280428407,-0.3210190346548564
23638.042475444727,0.013775458786306132,0.01033627854742342,-0.3850357762480407
23656.50969613349,0.022312309172529667,0.016869474617791747,-0.5374745868435147
23674.976916822252,0.028633364042880617,0.021922842914586408,-0.7563196443984556
23693.444137511015,0.03255250583963815,0.025359262855834622,-1.0099662903336182
23711.911358199777,0.03400226266696428,0.027064859864517263,-1.2617849709123676
23730.37857888854,0.0330486138834102,0.026962848469695686,-1.4754107296180194
23748.845799577302,0.02999476366725392,0.02502807951944529,-1.6199944454632882
23767.313020266065,0.02521059147820537,0.021293858019880072,-1.6746575450776258
23785.780240954828,0.01853256928895885,0.015853701996680125,-1.631506950354342
23804.24746164359,0.010230780752181083,0.008856626302417802,-1.4967749144823725
23822.714682332353,0.0005764626182759806,0.0005046366220960994,-1.2899191437617359
23841.181903021115,0.007791675919152771,-0.008949207402195732,-1.0408131124942217
23859.649123709878,0.01659314327243008,-0.019191482344006586,-0.7854322405403554
23878.11634439864,0.025506220310789397,-0.029844682567794368,-0.5606588180584002
23896.583565087403,0.034038930876724445,-0.040458111527080724,-0.398955849328717
23915.050785776166,0.04267819102252578,-0.050513130306258265,-0.3236789581813945
23933.51800646493,0.05177861498079875,-0.0594479213013775,-0.3457034041613633
23951.98522715369,0.060155697706953754,-0.06670983591295909,-0.4618533770586382
23970.452447842454,0.06775095934731105,-0.07182462455136428,-0.6553604609422442
23988.919668531216,0.07438087449222285,-0.07447438949435033,-0.8982850519364471
24007.38688921998,0.0788875489887871,-0.07454913285779123,-1.1555508744671406
24025.85410990874,0.08331651572794319,-0.07216631583138565,-1.3900096536963986
24044.321330597504,0.09185832318438233,-0.0676542990088661,-1.567804448245789
24062.788551286267,0.0972738393181044,-0.061519327416096045,-1.6632579948224289
24081.25577197503,0.09639380026965155,-0.0543764535059717,-1.6625816839136498
24099.722992663792,0.09370929513159985,-0.046830433100983976,-1.5658694338867152
24118.190213352555,0.0855409170450779,-0.03935026426398912,-1.3870861316481924
24136.657434041317,0.07457917178721708,-0.03221197691350353,-1.1520503584473167
24155.12465473008,0.06240985034248052,-0.02552529799191075,-0.8947034803466252
24173.591875418842,0.0482416370355908,-0.01930239424561169,-0.652206426615534
24192.059096107605,0.034447780654715994,-0.013524608522904727,-0.459573339150905
24210.526316796368,0.021261332014037168,-0.008183487119142732,-0.34461630979995683
24228.99353748513,0.008640512589283849,-0.0032956952004833326,-0.3239302374382054
24247.460758173893,0.0037315043370556096,0.001099690553519692,-0.40049715843827804
24265.927978862655,0.016681699632889062,0.004949517937885314,-0.563255937223572
24284.395199551418,0.02727195362787093,0.008194356633836341,-0.7886995896763542
24302.86242024018,0.035240068392081075,0.010771883821919586,-1.0442697536585208
24321.329640928943,0.040374847581464715,0.01261433624810821,-1.2930582621418232
24339.796861617706,0.04259088214352702,0.013650544314175122,-1.4991369456000245
24358.26408230647,0.041911089001907376,0.013807622630009187,-1.6327459795448376
24376.73130299523,0.038451183915132095,0.013021816704081078,-1.6745914672592166
24395.198523683994,0.03239509641028706,0.011253497273653002,-1.6186315842040482
24413.665744372756,0.02397146943023091,0.008504766982041645,-1.4729489406959275
24432.13296506152,0.013436195021559485,0.004837539366827759,-1.2585832664175256
24450.60018575028,0.001055892845075204,0.00038266557162660176,-1.006493095833356
24469.067406439044,0.010477623158128885,-0.004657882655184343,-0.7530852247521224
24487.534627127807,0.022760472565678768,-0.010019468506043074,-0.5349574178676202
24506.00184781657,0.03560928000136293,-0.015397441696235503,-0.3836134020681006
24524.469068505332,0.04839689280827994,-0.02047972890208339,-0.3209132443643061
24542.936289194095,0.06011431248472403,-0.024986752745357957,-0.35591614442120356
24561.403509882857,0.07160275042681664,-0.028712677030269078,-0.483571716923332
24579.87073057162,0.08159608905518374,-0.03155829290070328,-0.6854489424109651
24598.337951260382,0.0905916284712087,-0.03353828537384763,-0.9323976858187142
24616.805171949145,0.09649644980324815,-0.03476082837344809,-1.188758502248171
24635.272392637908,0.10119794736549381,-0.03537724389206593,-1.4175126450294926
24653.73961332667,0.1022349881159562,-0.03552075240226276,-1.5856282403494133
24672.206834015433,0.10213136972634977,-0.035258741694676125,-1.66883026794288
24690.674054704195,0.10086562410583093,-0.03457588360805684,-1.655105497532851
24709.141275392958,0.09593910784002736,-0.03339260311077275,-1.546436524014739
24727.60849608172,0.08905657951054435,-0.03160600166438071,-1.358514912638127
24746.075716770483,0.0806978788917285,-0.029132718299098623,-1.1184751537334543
24764.542937459246,0.06960428459198773,-0.025944000437387066,-0.8609766590543209
24783.01015814801,0.05702753716585145,-0.02208590031305263,-0.6231993578736138
24801.47737883677,0.045120303312487786,-0.017684045684253337,-0.4394752660285425
24819.944599525534,0.03260972625448563,-0.012932645102427958,-0.33633106182359535
24838.411820214296,0.02014936494815523,-0.008070870993419316,-0.32865753495464295
24856.87904090306,0.008321333104842739,-0.0033519473922484326,-0.4175591641253029
24875.34626159182,0.003058575879008772,0.000987930143406362,-0.5901945116479638
24893.813482280584,0.014728440012449478,0.004752669799099215,-0.8216305810027759
24912.280702969347,0.024194156440330142,0.007802681273542764,-1.0784433768075465
24930.74792365811,0.03150649614909822,0.010052882682581388,-1.3235446810593305
24949.215144346872,0.03636245303669939,0.011468945563020342,-1.5215379670775442
24967.682365035635,0.03858600917594638,0.012054157067266693,-1.6438299826341953
24986.149585724397,0.03813140446544556,0.011836398648031899,-1.6727598424217582
25004.61680641316,0.03507441395947184,0.010857610939590286,-1.6041493855850655
25023.084027101922,0.029597833122252046,0.009166800880815179,-1.4479065320606346
25041.551247790685,0.021952913203913085,0.006817697125926288,-1.2265945217047933
25060.018468479448,0.012412236143782628,0.0038688752143570763,-0.9721736385854907
25078.48568916821,0.0012345297339773132,0.00038600023334003485,-0.7213859154634455
25096.952909856973,0.00935528217948315,-0.0035555660259876318,-0.5104492827734154
25115.420130545735,0.020566528567979494,-0.007872828059943904,-0.36982735929456073
25133.887351234498,0.032217264087028505,-0.012475853617306324,-0.31983018371454014
25152.35457192326,0.04381285354216758,-0.017273448175643573,-0.36768120570873647
25170.821792612023,0.055163930454415866,-0.02217788335279657,-0.5064741140820438
25189.289013300786,0.06675265123447786,-0.02710747867818163,-0.7161701499918441
25207.75623398955,0.07693834831520385,-0.031985427857420666,-0.9664918621695213
25226.22345467831,0.08484299633838346,-0.03673242010788576,-1.2212953618200175
25244.690675367074,0.09201460805339577,-0.041253872397482,-1.443789623918144
25263.157896055836,0.09743911767046916,-0.045423430810128104,-1.601849098194484
25281.6251167446,0.10315304253016196,-0.04906943552856492,-1.6726524873563462
25300.09233743336,0.10584689968937579,-0.05196783143935593,-1.64597789849913
25318.559558122124,0.10408821652266993,-0.05384640796068042,-1.5256786073208453
25337.026778810887,0.09901927669164519,-0.05440587350715281,-1.3291264118422332
25355.49399949965,0.0936867105983419,-0.053364647757977,-1.084703131488915
25373.961220188412,0.08668687112421694,-0.05052803357585205,-0.8277026472841011
25392.428440877175,0.07755873116053885,-0.04586090458812793,-0.5952350698827561
25410.895661565937,0.06566823254754463,-0.03952889437887966,-0.42086832549002645
25429.3628822547,0.052083239839289405,-0.03188686468992939,-0.3297805419813192
25447.830102943462,0.037764050856228776,-0.023422324569611436,-0.33512346762042566
25466.297323632225,0.0234981562290498,-0.014679453760309207,-0.4361226048279472
25484.764544320988,0.009898604448820767,-0.006188113732654481,-0.6181887908289208
25503.23176500975,0.0021889174175116354,0.0015890528444687654,-0.8550251862167384
25521.698985698513,0.011478127840786818,0.008288186920819151,-1.1124252821257703
25540.166206387275,0.01901638101452806,0.013657820519232084,-1.353213252388402
25558.633427076038,0.02454463771040293,0.017556269420727,-1.5426130197429275
25577.1006477648,0.02792106936652095,0.019938820423817588,-1.6532705480267937
25595.567868453563,0.029135247732652945,0.020837823488654893,-1.6692040444141643
25614.035089142326,0.028494479155716977,0.020337186157030167,-1.5881116641765638
25632.50230983109,0.025964646700320504,0.01854928717156029,-1.4217036030102121
25650.96953051985,0.021720791898776383,0.015594122070901262,-1.194010772825913
25669.436751208614,0.016292594219060316,0.011586236545697022,-0.9379144197143898
25687.903971897376,0.00949691085329531,0.006625487422711289,-0.6903978613516433
25706.37119258614,0.0011439994146039052,0.0007956390271728045,-0.48720597592787823
25724.8384132749,0.009910307017955177,-0.005832243529526406,-0.35768357464940315
25743.305633963664,0.02212402820498961,-0.013196291096102401,-0.32053796414581925
25761.772854652427,0.035027696987518585,-0.02123408144102144,-0.381137575446483
25780.24007534119,0.04828828897413496,-0.029871221485869678,-0.5307367342545849
25798.707296029952,0.06143655962006595,-0.03900512643330136,-0.747738501423713
25817.174516718715,0.07384881377177062,-0.048481872875573796,-1.0008132066879547
25835.641737407477,0.08477895635450318,-0.05807042889301068,-1.2534223254984067
25854.10895809624,0.09344758035722457,-0.06743919793173292,-1.469094430821488
25872.576178785002,0.0991805110300585,-0.07614590213946469,-1.6166913686942639
25891.043399473765,0.10156902588107554,-0.08365778735824377,-1.6749042654782254
25909.510620162528,0.1047395660329845,-0.08940552387735885,-1.6353302182221057
25927.97784085129,0.10560761545551157,-0.09286430345653708,-1.503685420492111
25946.445061540053,0.10314758111785348,-0.09363733124638231,-1.2989796349549252
25964.912282228815,0.09676934278475342,-0.09151868539025661,-1.0507715416765953
25983.379502917578,0.09399302357653364,-0.08652442181030028,-0.7949014538780647
26001.84672360634,0.0902445240027023,-0.0788993949648427,-0.5683168997181292
26020.313944295103,0.081425690308977,-0.06909064415739707,-0.40373723592392047
26038.781164983866,0.07139063012274793,-0.05769214079719494,-0.3249277034964011
26057.24838567263,0.0583396601238691,-0.045357138856172624,-0.3432663076913232
26075.71560636139,0.04313805980090292,-0.03271785486427872,-0.45610007618816156
26094.182827050154,0.027199400175832826,-0.020331084109827167,-0.6471282965195029
26112.650047738916,0.01166807682563692,-0.00865914841921585,-0.8887571816069113
26131.11726842768,0.0024756528235772785,0.00192420845060158,-1.1460855768891025
26149.58448911644,0.014397885264574601,0.011118033974943113,-1.3819458183416489
26168.051709805204,0.024369169085459184,0.018681727039032744,-1.5622716167077197
26186.518930493967,0.032100428122586504,0.024428327777929304,-1.6610177728081499
26204.98615118273,0.03734713088010948,0.02822811647076666,-1.6639213366030754
26223.453371871492,0.03993118301302427,0.030011106305865808,-1.5705611545990126
26241.920592560255,0.03976470340853189,0.029769039582221615,-1.394418458011563
26260.387813249017,0.03687106921266943,0.027552703836529482,-1.1609298147190643
26278.85503393778,0.03138490764786782,0.023461639767878413,-0.9038136786349064
26297.322254626542,0.023532970504176326,0.01763287107954406,-0.6602010681207436
26315.789475315305,0.013598698365295168,0.01022853204865759,-0.46527357053432145
26334.256696004068,0.0018889901782608862,0.0014282572250250464,-0.34718297890203964
26352.72391669283,0.009973484070047027,-0.008569606093106762,-0.32298616055625157
26371.191137381593,0.0228764593462227,-0.019540104756779888,-0.3961821128922149
26389.658358070355,0.03701010924890791,-0.031216918883115435,-0.5562067853756664
26408.125578759118,0.05226809311481205,-0.04327239200113913,-0.7799585358205376
26426.59279944788,0.06837986907908859,-0.05529735025689451,-1.035133871987387
26445.060020136643,0.08480862864681574,-0.06678793996275721,-1.2848917542126304
26463.527240825406,0.10291409461953097,-0.07715528466914694,-1.4931729360963566
26481.99446151417,0.12060959213100536,-0.08577515395089079,-1.629906313347959
26500.46168220293,0.13586090525442718,-0.09208528990491739,-1.6753506526810378
26518.928902891694,0.14659774914097143,-0.09572462107785153,-1.6229450814078439
26537.396123580456,0.15111043417143907,-0.0966304154254058,-1.480257158630639
26555.86334426922,0.1487612779701513,-0.09502854209070187,-1.2678916259815562
26574.33056495798,0.14124376800742625,-0.09129545048229938,-1.0165163884860065
26592.797785646744,0.12917934196385894,-0.08579047662681631,-0.7624337369263412
26611.265006335507,0.11393906877814575,-0.07877483020713004,-0.5423362459483372
26629.73222702427,0.09727699250584873,-0.0704392960744039,-0.38800621631970683
26648.199447713032,0.08103576504705787,-0.06098113634896468,-0.3217255226407449
26666.666668401795,0.06593364445958314,-0.05065671436050853,-0.35305872244687386
26685.133889090557,0.0508722895536315,-0.03979375260782031,-0.47747307575973563
26703.60110977932,0.036265794202922697,-0.028769586133603926,-0.6769940638210671
26722.068330468082,0.022434890699054674,-0.017974606056275287,-0.9228015678540703
26740.535551156845,0.009655788197767155,-0.007782387968745797,-1.179391953776613
26759.002771845608,0.0015501878511000732,0.0014749453557110488,-1.4097052197112188
26777.46999253437,0.010060585655225586,0.00952079353960447,-1.580476894240951
26795.937213223133,0.01717881389899672,0.016139136319280063,-1.6670418162690088
26814.404433911895,0.022731593324344768,0.021175490324226796,-1.6568960357046856
26832.871654600658,0.026579094460659057,0.024532098539132997,-1.5515024304837777
26851.33887528942,0.028613472210174594,0.026161080782195763,-1.3660793123623862
26869.806095978183,0.028757105633695636,0.026054453220399752,-1.1274026054843538
26888.273316666946,0.02696931457637239,0.024238209176075887,-0.8699390698826379
26906.74053735571,0.023257241847545948,0.02076790377075618,-0.6308690031235891
26925.20775804447,0.01768955805062599,0.015728461627194015,-0.4447171737698564
26943.674978733234,0.010411166675554154,0.00924129104212305,-0.33836727764407865
26962.142199421996,0.0016485823100660536,0.0014655139199327275,-0.32717979990339496
26980.60942011076,0.009974130946339409,-0.007394858317157442,-0.41277386004563876
26999.07664079952,0.022835427722519338,-0.01709211063293555,-0.5827933371445213
27017.543861488284,0.03595630795803267,-0.02734158448485605,-0.8126910522938958
27036.011082177047,0.048659837899123835,-0.0378308270302343,-1.069273386602649
27054.47830286581,0.06068045663461515,-0.048230939001067424,-1.3154935237227363
27072.945523554572,0.07221369399072582,-0.05820509677366266,-1.5158011960141393
27091.412744243335,0.08246448598636578,-0.06741500090610829,-1.6412764121703918
27109.879964932097,0.09190129458554823,-0.07552140914763293,-1.6738057368148282
27128.34718562086,0.10225773485821292,-0.08219825984992117,-1.608697842605924
27146.814406309622,0.11148795150031977,-0.08714281021379429,-1.4553604262444348
27165.281626998385,0.11915624523316341,-0.09009800949360224,-1.2359407317152895
27183.748847687148,0.12462061921950097,-0.0908694834984936,-0.9821264393364874
27202.21606837591,0.12710100509480737,-0.08934109799593999,-0.7305695846708941
27220.683289064673,0.12587543218468897,-0.08549765900254234,-0.517594595917283
27239.150509753435,0.12079151239479727,-0.07945342576324567,-0.3739539803253196
27257.617730442198,0.1121469481478253,-0.07147323421251366,-0.3203880270726516
27276.08495113096,0.0995208650868433,-0.06195688598778186,-0.3646295136488735
27294.552171819723,0.08391215850526981,-0.05139056730449969,-0.5002864216993884
27313.019392508486,0.06647208399287503,-0.040278280922874346,-0.7077645214670024
27331.48661319725,0.048300117611231264,-0.029087145051550224,-0.957096823834569
27349.95383388601,0.03033549138375881,-0.018219083195486346,-1.212271303743989
27368.421054574774,0.013333871049720534,-0.008007316539014753,-1.4364318192616878
27386.888275263536,0.0015318853115556098,0.0012724665407384123,-1.597201004765511
27405.3554959523,0.011244643479842236,0.009389424030620949,-1.6713563228165214
27423.82271664106,0.019167673606257762,0.0161460982966215,-1.6481839285784197
27442.289937329824,0.025092658927857885,0.021377481914493127,-1.5310259940736015
27460.757158018587,0.028914169873432233,0.024951201433756388,-1.3367980790844567
27479.22437870735,0.030617300212537155,0.026775870027285476,-1.0935463040141504
27497.691599396112,0.030255361523495457,0.02680487849597184,-0.836397147344782
27516.158820084875,0.02793117016325076,0.025040325024224885,-0.602484798443288
27534.626040773637,0.02377754027554608,0.021532372524668764,-0.4255886166953062
27553.0932614624,0.017943802675949166,0.016376511264172694,-0.3312550928965283
27571.560482151162,0.01059452192788577,0.009710973181207824,-0.3331087345878826
27590.027702839925,0.0018664157654453028,0.0017126385251712483,-0.4308846140703552
27608.494923528688,0.011278289964488325,-0.007397707078904871,-0.6104666885139116
27626.96214421745,0.026535843117067692,-0.017357101538414237,-0.845926336815996
27645.429364906213,0.042851603169283325,-0.027851161520660632,-1.1032666930369972
27663.896585594975,0.05983445759231863,-0.03850972516129819,-1.3453320168890759
27682.363806283738,0.07695777250885384,-0.048904666904922345,-1.5371731126978678
27700.8310269725,0.09352260403743302,-0.05855420469057847,-1.6510939697401994
27719.298247661263,0.10877500639109317,-0.06694580718964047,-1.6706508832870894
27737.765468350026,0.12201958585178807,-0.07358105434971929,-1.5930266452608268
27756.23268903879,0.1322770894680196,-0.07804610946368343,-1.4294370426289067
27774.69990972755,0.1388894785930487,-0.08009228700933879,-1.2035110324935445
27793.167130416314,0.1415190272164106,-0.07969704570273259,-0.9478784519919915
27811.634351105076,0.1405060805316514,-0.07706913958840286,-0.6994578549643852
27830.10157179384,0.13589538374264315,-0.07259317397142631,-0.4941248128779882
27848.5687924826,0.12770309450684858,-0.06672959604207981,-0.36153071797464836
27867.036013171364,0.11665293029575452,-0.059919437471092185,-0.32082071035168874
27885.503233860127,0.10407082093881567,-0.05251485776367583,-0.3778695092642377
27903.97045454889,0.09148851359157886,-0.04476003052214064,-0.5244341281950513
27922.437675237652,0.07759668955548744,-0.03681191350160429,-0.7393450145142725
27940.904895926415,0.062146975606751476,-0.02879391806549813,-0.9915629658467141
27959.372116615177,0.04560270004623604,-0.020843651261255487,-1.244660656219445
27977.83933730394,0.02891635693388004,-0.013133733143518723,-1.4620824524345892
27996.306557992702,0.012931030686903995,-0.0058642289071575045,-1.612423441698795
28014.773778681465,0.001484384313568253,0.0007600295632239571,-1.673965210146243
28033.240999370228,0.012780243577670406,0.006555410104903799,-1.6378129788405262
28051.70822005899,0.022124697255064326,0.011374509744460899,-1.5091807608937482
28070.175440747753,0.029288553387375845,0.01510978800346577,-1.3066388162593394
28088.642661436515,0.03410781307083665,0.017688468173972204,-1.0594320686422793
28107.109882125278,0.036488603407696815,0.01906177041333018,-0.8032567798421425
28125.57710281404,0.0364079690752917,0.019195659894579817,-0.575105461927441
28144.044323502803,0.03391197647942557,0.01806849076524987,-0.4079245953553054
28162.511544191566,0.029106346511569986,0.01567635745365917,-0.32585672526086495
28180.97876488033,0.02214590541349156,0.012045790577742722,-0.3407540579017488
28199.44598556909,0.01322231529899718,0.007247480794216948,-0.45046699718609967
28217.913206257854,0.0025584831548280985,0.001408460037483315,-0.6391547073341961
28236.380426946616,0.010168122256002847,-0.00528318605472111,-0.8795728050466513
28254.84764763538,0.024382932421780152,-0.012582752369772224,-1.1370077774084364
28273.31486832414,0.039639737537843105,-0.020204309765194366,-1.374289935904058
28291.782089012904,0.05571852758099579,-0.027846753137232772,-1.5571609625527718
28310.249309701667,0.07241664488862744,-0.0352276516058717,-1.6592208888651612
28328.71653039043,0.08903142153386091,-0.042115806800421804,-1.6657400582479307
28347.183751079192,0.10468037101693257,-0.04835037574859431,-1.575785518590803
28365.650971767955,0.1181761861352348,-0.05383055693308575,-1.4023547669828285
28384.118192456717,0.12821334289864106,-0.05846091553577215,-1.170497739728749
28402.58541314548,0.13534983623986607,-0.06207231768831198,-0.9136988194374461
28421.052633834242,0.1376975503791562,-0.06436591755007214,-0.6690419769813442
28439.519854523005,0.13500264891929373,-0.0649515443904401,-0.4718570913385094
28457.987075211768,0.12964997185690288,-0.06349841366389958,-0.3506193969786822
28476.45429590053,0.12046087758198615,-0.059927102706644114,-0.32283758308212174
28494.921516589293,0.10842678283145893,-0.05450051212306985,-0.39252443576110374
28513.388737278055,0.09512163444946525,-0.0477438968335686,-0.5496160402213619
28531.855957966818,0.08031695800177521,-0.04025739242976284,-0.7714241081308497
28550.32317865558,0.06497460761072273,-0.03255518920094205,-1.0259120847472922
28568.790399344343,0.04984059443408627,-0.024998110272395242,-1.2763219815736049
28587.257620033106,0.03542391972051795,-0.01780836940935545,-1.486483520914715
28605.72484072187,0.022035627009672078,-0.011113164311789821,-1.6260385167261326
28624.19206141063,0.009858603113864942,-0.004989951495495507,-1.6748257199311247
28642.659282099394,0.0012893072477534572,0.0005054364776433454,-1.6257927776210936
28661.126502788156,0.01349133105741368,0.005320127699609828,-1.486014802534729
28679.59372347692,0.023568315899196796,0.009396591158909333,-1.2756725687939945
28698.06094416568,0.0311772689785678,0.01266530992661585,-1.025138014495144
28716.528164854444,0.036052561526945276,0.015045074108914293,-0.7705880360249053
28734.995385543207,0.038181322445466986,0.0164452281257867,-0.5487800515246534
28753.46260623197,0.038374747703985676,0.016776528232989706,-0.39174382783946443
28771.929826920732,0.035831068681187975,0.015967850458991552,-0.3221561171982921
28790.397047609495,0.030700611825106403,0.013982380174746331,-0.3500660189158243
28808.864268298257,0.023273477528665723,0.010834240098800439,-0.47144390039724704
28827.33148898702,0.01389401352857049,0.006593268967687188,-0.6687633784800459
28845.798709675782,0.002893645067482236,0.0013931298517029646,-0.9135322935907092
28864.265930364545,0.008732567571216467,-0.004572023897674943,-1.1704071704493744
28882.733151053308,0.021182120054827166,-0.011047572984614167,-1.402296995909266
28901.20037174207,0.034162324458510494,-0.017724696739134002,-1.575719273765924
28919.667592430833,0.047048230767666524,-0.02425460473835496,-1.6656348981358562
28938.134813119595,0.05914843076838093,-0.03027479779487073,-1.6590636925839053
28956.602033808358,0.06976252090419792,-0.03545488158257369,-1.5569585915324193
28975.06925449712,0.0782664720217131,-0.039555581802963716,-1.3740679332191787
28993.536475185883,0.0844354822772051,-0.0424862667959572,-1.1368058180467027
29012.003695874646,0.09716141914354967,-0.04433651879825323,-0.8794380212338553
29030.47091656341,0.11058336670114238,-0.04535811587092095,-0.6391340676292674
29048.93813725217,0.12356794212213809,-0.04588302364843455,-0.4505997428023363
29067.405357940934,0.13453103982875136,-0.04618644233090273,-0.3410649227578134
29085.872578629696,0.14085608444295622,-0.04633752700921784,-0.3263504123323811
29104.33979931846,0.13976135363844022,-0.046131069235401334,-0.4085820221544862
29122.80702000722,0.13217318016447877,-0.045168599781931884,-0.5758828173408387
29141.274240695984,0.12155556379284702,-0.043041014694914045,-0.8040888700129775
29159.741461384747,0.10508915827253507,-0.039495074132988875,-1.0602404704808066
29178.20868207351,0.08683717600755365,-0.03450685764531016,-1.3073431879918818
29196.675902762272,0.06874739329128675,-0.028279655336626144,-1.5097102868940122
29215.143123451035,0.04985183166271,-0.021189088230128147,-1.6381154204356252
29233.610344139797,0.03147451682866631,-0.013710050723525585,-1.6740124048165421
29252.07756482856,0.014368173468848014,-0.0063380510361199325,-1.6122132044496122
29270.544785517322,0.0006785289191722261,0.0004755748361360685,-1.46163738356909
29289.012006206085,0.00919624150807411,0.006368284242177643,-1.2440245386765436
29307.479226894848,0.016359221533820658,0.01109087027275481,-0.9907953904067927
29325.94644758361,0.021964868845591463,0.014511259982124448,-0.7385146758698156
29344.413668272373,0.025798811254537625,0.01660164152433683,-0.5236110075066638
29362.880888961135,0.02768934834588572,0.017416016331405465,-0.37711624491234313
29381.348109649898,0.028245467273250516,0.0170568450007698,-0.32018413091919756
29399.81533033866,0.026815919434383377,0.015644515502836104,-0.3610354043099461
29418.282551027423,0.023377436380330997,0.013292232637941201,-0.493770585881708
29436.749771716186,0.018029616912098638,0.010092104005793568,-0.6992218957379014
29455.21699240495,0.010969849315554312,0.00610921492276106,-0.9477212692424215
29473.68421309371,0.002472173581195049,0.0013849910746668711,-1.2033847265706143
29492.151433782474,0.0111375721957057,-0.004056023385954072,-1.4292943780743894
29510.618654471236,0.027370636727716863,-0.010200897150958371,-1.5928297201867214
29529.08587516,0.04415543393665455,-0.01704259748568231,-1.6703783251226116
29547.55309584876,0.06095302789466119,-0.0245718751924574,-1.6507456455916516
29566.020316537524,0.07798536031192188,-0.03276251613741565,-1.5367715024031627
29584.487537226287,0.09326102990076435,-0.04154419248658753,-1.3449197859789852
29602.95475791505,0.10516696705203346,-0.05076120793060247,-1.1029006021190286
29621.421978603812,0.11501976304811729,-0.06012372372678741,-0.845668271962827
29639.889199292575,0.12166640808486712,-0.06916188328561587,-0.6103732093977219
29658.356419981337,0.12217418413105482,-0.07721572383145651,-0.4309967825571548
29676.8236406701,0.12223443228739485,-0.08349309997097719,-0.33344404561982743
29695.290861358862,0.11636979536492024,-0.08721869546742574,-0.33180299811240316
29713.758082047625,0.1091221127852106,-0.08784033910080243,-0.42631047613876394
29732.225302736388,0.09913682353473376,-0.08519914186947876,-0.6033182598049688
29750.69252342515,0.08778863864513942,-0.0795623447459151,-0.8372641405787686
29769.159744113913,0.07648464599403773,-0.07150864936649219,-1.0943632557480536
29787.626964802676,0.0638480360047816,-0.06175307767907648,-1.3374867217729796
29806.094185491438,0.05242739675849874,-0.05099619267207876,-1.531523177950699
29824.5614061802,0.040925294384065725,-0.03984905287486255,-1.648449050450514
29843.028626868963,0.029521837007649224,-0.028802645305843852,-1.6713753415333314
29861.495847557726,0.01885881276124344,-0.018233482741167033,-1.5969866009962117
29879.96306824649,0.008964098216883962,-0.008422281263289451,-1.4360199404418792
29898.43028893525,0.0004595697058112301,0.00041992843548137575,-1.2117149198493256
29916.897509624014,0.008915429651458851,0.00812664884489029,-0.9564580518458176
29935.364730312776,0.0160160354193722,0.014560254042306335,-0.7071063528501641
29953.83195100154,0.02161150348019438,0.019596632828344326,-0.49966515294719516
29972.2991716903,0.025560144830403676,0.023129290656839767,-0.364088682352289
29990.766392379064,0.027761026493069784,0.025066800231025227,-0.31995429055018737
30009.233613067827,0.028099827172065602,0.02534534483904844,-0.37363506026907933
30027.70083375659,0.02650949963944785,0.02393647823489521,-0.5173792226817667
30046.168054445352,0.02302711950527035,0.020854437898059096,-0.730429392819729
30064.635275134115,0.017789207935800584,0.016159997995456876,-0.9820200392593368
30083.102495822877,0.010938417988696346,0.009961898228575846,-1.2358203302092186
30101.56971651164,0.0026489209152533487,0.002418028375058637,-1.4551807390207345
30120.036937200402,0.006426639808559452,-0.0062649270968078785,-1.608425714826787
30138.504157889165,0.016073784588947173,-0.01582635359361103,-1.6734280643337438
30156.971378577928,0.02608979690343328,-0.025941274262278602,-1.6408044256394074
30175.43859926669,0.03627825042760357,-0.036217664506148196,-1.5152703624295756
30193.905819955453,0.0460321542524131,-0.04619923337027832,-1.3149594032128895
30212.373040644216,0.05479982027568892,-0.0553842140721564,-1.0688043914291425
30230.840261332978,0.06620041625167603,-0.0632642855966417,-0.8123592863657156
30249.30748202174,0.08099470725053169,-0.06937570566791668,-0.5826645568262592
30267.774702710503,0.09599742552213077,-0.07335501426625084,-0.4128970457381442
30286.241923399266,0.11229225099288663,-0.07499332927166359,-0.3275764061676153
30304.70914408803,0.12649618568058943,-0.07428359685154655,-0.33902187449437193
30323.17636477679,0.13332556716593322,-0.07143660969203049,-0.4455749352711272
30341.643585465554,0.1373753415498398,-0.06683955949866366,-0.6318443903326635
30360.110806154316,0.13271935680252686,-0.06096160840405562,-0.870931936627341
30378.57802684308,0.12445521577232382,-0.0542546313616709,-1.1283144274410468
30397.04524753184,0.11079576120412901,-0.047088571808162796,-1.3668259376760503
30415.512468220604,0.09519059765097879,-0.039732155949726386,-1.5520229143117836
30433.979688909367,0.0786145373566137,-0.03237063809925478,-1.6571578766932882
30452.44690959813,0.06050301372353148,-0.025138886079466495,-1.667042759376109
30470.914130286892,0.04391351811385752,-0.018152948619077562,-1.5802432962801376
30489.381350975655,0.02810175983189591,-0.011529997222232836,-1.409287136352215
30507.848571664417,0.013186323997351656,-0.005392539436565268,-1.1788554507330598
30526.31579235318,0.00034623355467366517,0.00014019696621195112,-0.9222191487807805
30544.783013041942,0.012174730458173385,0.004960361193669069,-0.6764343880251865
30563.250233730705,0.022071915432262525,0.00897967748035629,-0.4769912710427784
30581.717454419468,0.029696673754626344,0.012129799489027768,-0.3526886030946322
30600.18467510823,0.03472312716168117,0.014356844220102622,-0.32147493266332317
30618.651895796993,0.03694118507246628,0.015616926266867155,-0.38785653770470485
30637.119116485756,0.036641812053891984,0.015870170647014507,-0.5422466903730804
30655.586337174518,0.03456485011804228,0.015084675307633584,-0.7623501416632721
30674.05355786328,0.029895590503410653,0.01324249143159861,-1.016382830788153
30692.520778552043,0.022927337285036153,0.010353194814997396,-1.2676617886499941
30710.987999240806,0.014034775152924648,0.006463826522633139,-1.4799023972188228
30729.45521992957,0.003565404314189089,0.0016704429586433542,-1.622458080828192
30747.92244061833,0.00922958929757694,-0.0038764907150234036,-1.6747458545780964
30766.389661307094,0.023660171035247073,-0.009973512833286959,-1.62921866289512
30784.856881995856,0.03876395378228879,-0.01637342363040969,-1.4924552274437026
30803.32410268462,0.05373569362005749,-0.02280625902633083,-1.2842099374235632
30821.79132337338,0.06799143509477162,-0.029005525915060566,-1.0345599743731753
30840.258544062144,0.08008610235949462,-0.03473928136966405,-0.7795617367362232
30858.725764750907,0.09118231642571288,-0.039842530379728534,-0.5560439567146781
30877.19298543967,0.09897952252683463,-0.04424078365396585,-0.39628947476361337
30895.660206128432,0.1028630115686379,-0.04795625030452468,-0.32337346502652686
30914.127426817195,0.10458189142150943,-0.05108567798928549,-0.3478307504762041
30932.594647505957,0.10139869475440552,-0.05372262706293921,-0.4661329521430159
30951.06186819472,0.10495874661160107,-0.05583592089920005,-0.6611964178248461
30969.529088883482,0.10525669100464391,-0.057180836832835945,-0.904850261647009
30987.996309572245,0.10460713324879815,-0.05735328826534059,-1.161907467562071
31006.463530261008,0.10029489174114296,-0.05595833642753612,-1.3952468402630622
31024.93075094977,0.09370810732452971,-0.052768908038961636,-1.571171904656606
31043.397971638533,0.08400679659913006,-0.047788204734037075,-1.6642755754703413
31061.865192327296,0.07144451762124361,-0.04123144656731521,-1.6611088472101245
31080.332413016058,0.05734647897837389,-0.03347069393475639,-1.562123526266174
31098.79963370482,0.04259598988826836,-0.024974285699367556,-1.38160792466582
31117.266854393583,0.02759988977370533,-0.016246255194651393,-1.1456241840758026
31135.734075082346,0.013180550709616257,-0.007771685993260185,-0.8882449382610567
31154.20129577111,0.000059149000624534345,0.000025435206932844605,-0.6466330042146174
31172.66851645987,0.014992640106485038,0.006807036980664756,-0.45567481389105313
31191.135737148634,0.027370977557442142,0.012331425321446708,-0.3429425808543002
31209.602957837396,0.036714217384840216,0.01645394374086139,-0.32471266263558046
31228.07017852616,0.04266218291863042,0.019116869209880698,-0.40361509946400353
31246.53739921492,0.04507551222886352,0.020336514128085834,-0.5682537976243308
31265.004619903684,0.04409816111072993,0.020179395878480257,-0.7948522468136058
31283.471840592447,0.040128521333780955,0.01874013128646465,-1.050687112500668
31301.93906128121,0.03369851557635059,0.016122265167284044,-1.2988138229037218
31320.406281969972,0.02532308646042039,0.012423090004058293,-1.5034016842636997
31338.873502658735,0.015389024186064134,0.007725269882455241,-1.6349080757278107
31357.340723347497,0.004121828609055186,0.0020990832211103434,-1.6743445779473705
31375.80794403626,0.007852630243459568,-0.004395230544697746,-1.6160190223075512
31394.275164725022,0.020692217150337172,-0.01169736648066891,-1.468357492738215
31412.742385413785,0.034456916778102545,-0.019735941729855724,-1.2526875287246941
31431.209606102548,0.04877581295257966,-0.028414961258111972,-1.0001581849584824
31449.67682679131,0.06315923270561333,-0.03759770227280767,-0.7472417041939747
31468.144047480073,0.07740316101663036,-0.047087630748596516,-0.5304664271781603
31486.611268168836,0.09087041085456193,-0.05660563621151777,-0.3811415532647619
31505.078488857598,0.1022376226618209,-0.06575964727419008,-0.3208354887735406
31523.54570954636,0.11048300112117085,-0.07402221346075422,-0.35826077881265744
31542.012930235123,0.11487178329310951,-0.08073002546321106,-0.48801572123342984
31560.480150923886,0.11563240436738988,-0.08516724464572795,-0.691364665818173
31578.94737161265,0.11435138084125084,-0.08673456412041058,-0.9389441029813681
31597.41459230141,0.10931418142348322,-0.08515115358125613,-1.195003127257294
31615.881812990174,0.10124552448317532,-0.08055755816966612,-1.4225657053474883
31634.349033678936,0.09645713374430921,-0.07346309469384613,-1.5887697162858467
31652.8162543677,0.09196186263031635,-0.06458873676120434,-1.6696122329333414
31671.28347505646,0.08207450679327143,-0.05468627189735105,-1.6534158847115308
31689.750695745224,0.07157489423135054,-0.04441370920530778,-1.5425155366928125
31708.217916433987,0.05849098980329291,-0.03426834620523694,-1.3529214943221202
31726.68513712275,0.04362572596838338,-0.02458977484879568,-1.1120077517402487
31745.152357811512,0.028389256935487064,-0.01559366215772923,-0.8545591415122606
31763.619578500275,0.01373008731348042,-0.007413360842681,-0.6177482815008947
31782.086799189037,0.00025338941849341356,-0.0001347602693238917,-0.43576773185881823
31800.5540198778,0.009068009962456521,0.006179144263183466,-0.3348925074303024
31819.021240566562,0.01672658372366685,0.011470551361198473,-0.32968591812247944
31837.488461255325,0.02253585118405292,0.015676834672836436,-0.4208966113885132
31855.955681944088,0.02634837281358232,0.018725095422469928,-0.5953504923043335
31874.42290263285,0.02811932623041872,0.020533761344153394,-0.8278531447161196
31892.890123321613,0.0279033797073144,0.021020318610835167,-1.0848280479029973
31911.357344010376,0.025840995020849383,0.020115855766146228,-1.329165229547536
31929.824564699138,0.022124465372997018,0.017781567693443533,-1.5255801923968182
31948.2917853879,0.017222403959399668,0.014024564966497326,-1.64570925872332
31966.759006076663,0.010807720674558624,0.00890842322460501,-1.672205533199174
31985.226226765426,0.0030692606636987816,0.00255968228829414,-1.6012439862827548
32003.69344745419,0.0071787813507495435,-0.004829761835326484,-1.4430738870928348
32022.16066814295,0.019153632856622613,-0.013002327887467873,-1.2205387790096007
32040.627888831714,0.03173534413654945,-0.021636421843730456,-0.9657776963680413
32059.095109520476,0.04539981255357884,-0.030354201229398747,-0.7155839763191894
32077.56233020924,0.05941244775184621,-0.038740022285774896,-0.5060918845061639
32096.029550898,0.07293264671079282,-0.046373497912320115,-0.36755834970804974
32114.496771586764,0.08475429487270582,-0.05287623583607617,-0.31999337222256297
32132.963992275527,0.09354921134435153,-0.057955356462220504,-0.37027011913084745
32151.43121296429,0.10077445835673796,-0.06143289682692762,-0.5111320698978823
32169.898433653052,0.10543000501403982,-0.06323981594872545,-0.7222406345301022
32188.365654341815,0.1051623578753492,-0.06338610067024529,-0.9731120375284454
32206.832875030577,0.10335489857251946,-0.06193302427493576,-1.22751941426136
32225.30009571934,0.09988270061041339,-0.05898678250717529,-1.4487244507468502
32243.767316408102,0.0931502069900975,-0.05471358555475714,-1.6047830080347472
32262.234537096865,0.08746091918061193,-0.04935178949750592,-1.673158381021568
32280.701757785628,0.07833601425306326,-0.043198871816871265,-1.6439758191855516
32299.16897847439,0.06710831695901663,-0.036576475514927834,-1.5214482923561157
32317.636199163153,0.05702761254600022,-0.029785706107328433,-1.3232677655733296
32336.103419851916,0.04557363692846622,-0.023078670635999957,-1.078050118106824
32354.570640540678,0.033622124551964214,-0.016647607317629418,-0.8212028258649191
32373.03786122944,0.02183650241851543,-0.010630345572038628,-0.589812117648877
32391.505081918203,0.010664058891759379,-0.0051237548365038865,-0.41728781727134645
32409.972302606966,0.0004179498141889535,-0.0001989044162339506,-0.3285390781022914
32428.43952329573,0.007384706328554576,0.004086052988408338,-0.3363776079651044
32446.90674398449,0.013844227443923988,0.0076772349585240915,-0.4396677714087001
32465.373964673254,0.01884236042472841,0.010520748895460336,-0.6234907082272438
32483.841185362016,0.02225962171899142,0.012562978259150677,-0.8612987691923687
32502.30840605078,0.024033084427504712,0.013752937091754071,-1.1187491558672071
32520.77562673954,0.024155992985459087,0.014047785867054787,-1.3586631741505468
32539.242847428304,0.022671954021700722,0.013417840673670781,-1.5463949916425943
32557.710068117067,0.019883835790114133,0.011851881728994386,-1.6548346546762884
32576.17728880583,0.015708332859263447,0.009361931545306767,-1.6683229310472014
32594.644509494592,0.010019162120385523,0.005988213535198952,-1.584912660791561
32613.111730183355,0.003000322541045315,0.0018028772827673213,-1.416650038134664
32631.578950872117,0.005707094086505001,-0.003084716767707648,-1.1878351676357295
32650.04617156088,0.015509383982948226,-0.008525357088741544,-0.9315130361763433
32668.513392249642,0.02562765463969223,-0.014327913178280907,-0.6847015847923694
32686.980612938405,0.03620592196814581,-0.020260975524125435,-0.48304595586083265
32705.447833627168,0.04668418606778974,-0.026058370612161767,-0.3556708775948143
32723.91505431593,0.05655654991240964,-0.031430470643381773,-0.3209745655415284
32742.382275004693,0.06524088157049587,-0.036082796739905824,-0.3839715872456318
32760.849495693456,0.0721635257155597,-0.03974291587026723,-0.5355684766586769
32779.316716382215,0.07684442608322128,-0.04219333153182341,-0.7538767431535116
32797.78393707098,0.07893184487719307,-0.04330524638782753,-1.0073736941853755
32816.25115775974,0.07821043016426582,-0.04306382000555941,-1.259454536169754
32834.7183784485,0.07729560571314824,-0.04157028852123904,-1.4737182881546727
32853.185599137265,0.07900357817824022,-0.03901908865657563,-1.6192241356105188
32871.65281982603,0.08202035872728514,-0.03565957558977496,-1.6749592754610914
32890.12004051479,0.08216007539231882,-0.03175658079464733,-1.6328733531373552
32908.58726120355,0.0809745745649245,-0.027554837421357996,-1.4990415019127075
32927.054481892315,0.07603900715833826,-0.023250446067605034,-1.2927877863725312
32945.52170258108,0.0673951921130321,-0.018975855987036667,-1.0438950163599219
32963.98892326984,0.05579175081941344,-0.01480834906488851,-0.7883035303944242
32982.4561439586,0.0423025174824052,-0.010795653042692897,-0.5629204491043399
33000.923364647366,0.028038596128892763,-0.00698275368165213,-0.4002896200745708
33019.39058533613,0.013961370210440124,-0.0034283193749594654,-0.3238921674959099
33037.85780602489,0.0008289150518915151,-0.00020188006609037594,-0.3447560764191947
33056.325026713654,0.01007431014966871,0.002627239284157507,-0.4598641251776565
33074.792247402416,0.01915301766618691,0.005001021076170402,-0.6525899429351156
33093.25946809118,0.026175582696532074,0.00687792817092,-0.8950992204656298
33111.72668877994,0.03093334302135307,0.00822765840327983,-1.15236935455699
33130.193909468704,0.03332231068471394,0.009026111819429477,-1.3872470672443669
33148.66113015747,0.03335277548623449,0.00924881600195786,-1.5658136108129759
33167.12835084623,0.03114025262838463,0.008871969427855375,-1.6622827635597506
33185.59557153499,0.02687556785786009,0.007877325917998725,-1.6627243415603863
33204.062792223755,0.020817783526411622,0.0062614249507249795,-1.5670756170575604
33222.53001291252,0.01315104068643358,0.004043166765521303,-1.3891502923618309
33240.99723360128,0.004062225880904426,0.0012716370887459355,-1.154643779323108
33259.46445429004,0.006291333584184271,-0.001970447665376013,-0.8974228015691805
33277.931674978805,0.017829105909588503,-0.0055681620226680105,-0.6546350251333611
33296.39889566757,0.030471081337136826,-0.009377727313263239,-0.46134480407730377
33314.86611635633,0.044126728207035136,-0.013239224018355733,-0.3454695874372889
33333.33333704509,0.0585590514984476,-0.016993846564758965,-0.3237481566816327
33351.800557733855,0.07326382464085175,-0.02050672602366462,-0.39932292681890436
33370.26777842262,0.08735724076426017,-0.023695546653046674,-0.5612855482731326
33388.73499911138,0.1014987969837578,-0.02655777753920546,-0.7862516314883716
33407.20221980014,0.1132600284779477,-0.02918568841498435,-1.0417374442105678
33425.669440488906,0.12096554433250684,-0.03175203852331999,-1.2908511335356287
33444.13666117767,0.1234436360774307,-0.03445090341863394,-1.4976208847815609
33462.60388186643,0.12341059339232797,-0.03739354717427306,-1.632190023155114
33481.071102555194,0.12002281247935874,-0.0404946844053316,-1.6751282494698343
33499.538323243956,0.1132458731201459,-0.04340441187654704,-1.6202364808922334
33518.00554393272,0.10603811276833079,-0.045540657864208085,-1.4754410035535996
33536.47276462148,0.095458254770779,-0.04622742849697955,-1.2616486275988692
33554.939985310244,0.08646690876643584,-0.04488972953418572,-1.009728347816783
33573.40720599901,0.07506385476273983,-0.041230471806353135,-0.7560547788432619
33591.87442668777,0.06101170461052913,-0.03532379849436595,-0.5372561313853911
33610.34164737653,0.046413717825775094,-0.027600648858528094,-0.3849248886196465
33628.808868065295,0.031017686388755995,-0.018743543715931114,-0.32105526692043834
33647.27608875406,0.015646786575796743,-0.009540771080035395,-0.3548666990386867
33665.74330944282,0.0012284085391986938,-0.00075015821361053,-0.4814723016762135
33684.21053013158,0.008897244879685896,0.007000944139904462,-0.6825846876386561
33702.677750820345,0.016900199188382432,0.01326529553180986,-0.9291571334209214
33721.14497150911,0.022722552391160812,0.01779878908507536,-1.185578560828589
33739.61219219787,0.026221020528058213,0.0205386711325512,-1.4148164058623862
33758.07941288663,0.02744921058026887,0.021572111311701753,-1.5837646128289347
33776.546633575395,0.026626179317739126,0.02107925911099673,-1.668024428240769
33795.01385426416,0.025062298924465633,0.019280646765768066,-1.655427647751922
33813.48107495292,0.022127817797240636,0.016387568805619115,-1.5477936206810952
33831.94829564168,0.017471384260171335,0.012571688851311113,-1.3606663797617211
33850.415516330446,0.01127529332075726,0.007943832143981578,-1.1210699192887235
33868.88273701921,0.0036587031269323927,0.002557241189460967,-0.8636057701448625
33887.34995770797,0.006836449847967203,-0.003590989637890894,-0.6254563743445057
33905.817178396734,0.019847520380879096,-0.010549352753281125,-0.44101575453539466
33924.284399085496,0.03395928218843294,-0.018399340365251326,-0.33692282225359105
33942.75161977426,0.048910621112725074,-0.02724458914174999,-0.328214550129988
33961.21884046302,0.06426988708814899,-0.03718348417058346,-0.41615452473090925
33979.686061151784,0.08108245752602763,-0.04826838897355203,-0.5880504547709187
33998.15328184055,0.09817068197664575,-0.06043394004544728,-0.8190869366205608
34016.62050252931,0.11416850752499044,-0.07339995601695039,-1.0759087068126987
34035.08772321807,0.1300475072398272,-0.0865646010184787,-1.3214367924012846
34053.554943906835,0.14387011365191452,-0.09894432108478642,-1.5202220163360083
34072.0221645956,0.1536444234878821,-0.1092358575489044,-1.6435629768611693
34090.48938528436,0.15774467400005643,-0.11607049615003841,-1.6736499890694223
34108.95660597312,0.15517356270056565,-0.11840160341700544,-1.6061372452102705
34127.423826661885,0.14624386551416396,-0.11584370725152164,-1.450771860506269
34145.89104735065,0.1323376822986392,-0.10875278190788844,-1.2299880049901757
34164.35826803941,0.11531629511600794,-0.09803037560248863,-0.9756678260836736
34182.82548872817,0.09690019908310779,-0.08480991668403008,-0.7245366136243854
34201.292709416935,0.0790549291246154,-0.07019330803000066,-0.5128580646881746
34219.7599301057,0.061620170013506684,-0.05510533236448066,-0.3711966684802652
34238.22715079446,0.04478903438954006,-0.04024624381772192,-0.32000384829154654
34256.69437148322,0.028975173791098964,-0.026110689386007406,-0.3666650606744108
34275.161592171986,0.014520874745686543,-0.013034820067206725,-0.5044339549071294
34293.62881286075,0.0013954018323406102,-0.001250020481459882,-0.713407337342703
34312.09603354951,0.010653799388795184,0.009068715961634008,-0.9634000302043931
34330.563254238274,0.020872730834559042,0.017770072911208953,-1.2183043871717085
34349.030474927036,0.028963644156139296,0.024703484174760496,-1.441304852593874
34367.4976956158,0.03471415919121779,0.02972223973993176,-1.6001945066831902
34385.96491630456,0.03794652805660532,0.032684816230983495,-1.6720258625615936
34404.432136993324,0.03891004684585851,0.033476942445743306,-1.64642438727744
34422.89935768209,0.03724019914540842,0.03203085097114947,-1.5270863815821751
34441.36657837085,0.03290729943061947,0.028343017019088354,-1.3312450379943486
34459.83379905961,0.02602964964724875,0.022484055370049265,-1.0871818242478057
34478.301019748375,0.01683951454242355,0.014604596090007204,-0.8301425342442023
34496.76824043714,0.005649261153594825,0.0049240804111444665,-0.5972476772838363
34515.2354611259,0.00731292427870605,-0.006269370824186656,-0.42213212136784045
34533.70268181466,0.021649211797675417,-0.018619156262392998,-0.33008802750282606
34552.169902503425,0.03658268674158621,-0.031698267795674265,-0.33441244702049133
34570.63712319219,0.05141221275485881,-0.045001544254651464,-0.43448699562983006
34589.10434388095,0.06571836355884651,-0.05794891469550293,-0.615866897608071
34607.57156456971,0.07857697253718053,-0.06990397009533256,-0.8523665478323326
34626.038785258475,0.08949423439260815,-0.08022201833551146,-1.1098404675728601
34644.50600594724,0.09978048903818909,-0.08831285431062963,-1.3511137343702002
34662.973226636,0.10759940410288055,-0.09371782082806523,-1.5413499644571371
34681.44044732476,0.11579597601574872,-0.09617071976395838,-1.6530817225893333
34699.907668013526,0.12180335164482213,-0.09563609615837915,-1.6701769224891891
34718.37488870229,0.12980255766774124,-0.09231071656660009,-1.5901683616574889
34736.84210939105,0.1365661611734055,-0.08658994735461445,-1.4246100201875476
34755.309330079814,0.1376960320517397,-0.07900657400071065,-1.1974089866809172
34773.776550768576,0.13239424351415394,-0.07015343591306955,-0.941373941453447
34792.24377145734,0.12115482613635098,-0.060601755416798866,-0.6934777393621138
34810.7109921461,0.10609129823807112,-0.05083206301695406,-0.48951743847210066
34829.178212834864,0.0888736762415053,-0.04119854418165053,-0.3589436046420304
34847.64543352363,0.07025796390591416,-0.03193345205452935,-0.3206068458540479
34866.11265421239,0.051537579833933506,-0.023178503196620154,-0.38003615777470257
34884.57987490115,0.0335959357017037,-0.015029039886032502,-0.5286415493551128
34903.047095589915,0.016956859285555636,-0.007562570829218367,-0.7449554465614233
34921.51431627868,0.0019260745245144343,-0.0008567457800398627,-0.997733352418138
34939.98153696744,0.00929259616501282,0.0050119774813821025,-1.2504660730060566
34958.4487576562,0.018416634192548555,0.009968859921654642,-1.466652030271761
34976.915978344965,0.025507271372106566,0.01394238310079434,-1.6150683746400498
34995.38319903373,0.03036555426463214,0.016862297909769494,-1.6742797264253633
35013.85041972249,0.03289104193073251,0.018657449759546068,-1.6357334791834366
35032.31764041125,0.03308832140363953,0.019255086828153686,-1.5049947258231366
35050.784861100015,0.031061026186771847,0.018590366494774687,-1.3009425207251302
35069.25208178878,0.02698745092109911,0.016618667827049044,-1.0530435640413056
35087.71930247754,0.021088008463188847,0.013334384113061828,-0.7970969888124175
35106.1865231663,0.01358749589476595,0.008784343948857604,-0.5700647252919454
35124.653743855066,0.004693139609136565,0.0030827690692922212,-0.40473395348232705
35143.12096454383,0.007600728457296465,-0.0035831118045725886,-0.3249824258030469
35161.58818523259,0.023204797269623694,-0.010954778968465868,-0.3423303414461352
35180.055405921354,0.03980943052558535,-0.018712892264698102,-0.4542766695548802
35198.522626610116,0.05675522324614304,-0.026499895300620493,-0.6446601419054235
35216.98984729888,0.07320655916066607,-0.0339525870129574,-0.8859928058451976
35235.45706798764,0.08814360134655347,-0.040745288890228985,-1.1434292299699589
35253.924288676404,0.10046111299287533,-0.04663995564778713,-1.3797983061376
35272.39150936517,0.1091746793800634,-0.051536269322370064,-1.5609711352548528
35290.85873005393,0.11532941781391289,-0.055506703685231855,-1.6607898280166435
35309.32595074269,0.11764522704147605,-0.05880356159921322,-1.6648451970422498
35327.793171431455,0.11676579186550068,-0.06179779758368923,-1.572557365310725
35346.26039212022,0.11383469821426079,-0.064831429984758,-1.3972583867616175
35364.72761280898,0.11320889055708273,-0.06800038293417948,-1.1642652307642813
35383.19483349774,0.1161334907016109,-0.07097419081507209,-0.9072229060895635
35401.662054186505,0.11276382902866756,-0.07300727815812294,-0.6632470856242525
35420.12927487527,0.10656898557860496,-0.07315895295425062,-0.467566320048116
35438.59649556403,0.09567690131341507,-0.07058324070191171,-0.34843550323229117
35457.06371625279,0.08160483815837156,-0.06476738416516045,-0.3230553990446045
35475.530936941555,0.06628415259354639,-0.05568551940579604,-0.39508837503221655
35493.99815763032,0.04944849579052679,-0.0438404026975677,-0.5541291427783385
35512.46537831908,0.03261959909804097,-0.03017136225340021,-0.7772069257132785
35530.93259900784,0.016710623353522268,-0.015856301974242138,-1.0321024173870181
35549.399819696606,0.0021842576896978546,-0.002088135760749623,-1.282000722315601
35567.86704038537,0.013503652460719863,0.01011067463521575,-1.4908082738105939
35586.33426107413,0.02702310869007971,0.019997508246633357,-1.6283656679313743
35604.801481762894,0.037718196854134224,0.02715792020877758,-1.6748034219726027
35623.268702451656,0.04539231374335164,0.03149153472865796,-1.6234115595550933
35641.73592314042,0.0496587287667744,0.03315183696609443,-1.4816086525888512
35660.20314382918,0.05037185659229413,0.03244970347451169,-1.2698704519108386
35678.670364517944,0.047582620851593184,0.0297522736874226,-1.0187728906151912
35697.13758520671,0.04153416306198696,0.02539900572187434,-0.7645765260072992
35715.60480589547,0.03259519694019076,0.01965335605482702,-0.5439900931760264
35734.07202658423,0.021172867503971723,0.012676028978566858,-0.3888693817091501
35752.539247272995,0.00759588571921147,0.004531565719409275,-0.3216169986489384
35771.00646796176,0.006669671565760434,-0.004804582262696838,-0.3519473393923028
35789.47368865052,0.020968149888751817,-0.01542939003130828,-0.4754838999161034
35807.94090933928,0.03608691783789026,-0.027503365363190226,-0.674391417903895
35826.408130028045,0.05194995628406517,-0.0412356913493384,-0.9199514835630146
35844.87535071681,0.06803390337988054,-0.056854599403712174,-1.176709625474967
35863.34257140557,0.08290603239517581,-0.0745401700486425,-1.4075949676256623
35881.80979209433,0.09484431191432031,-0.09428457420844041,-1.579273131298399
35900.277012783095,0.10469858406163143,-0.1156363580660476,-1.6669593782746983
35918.74423347186,0.1100914448198379,-0.13731470827285736,-1.6579969324533324
35937.21145416062,0.10997699575717021,-0.15683291180617812,-1.5536838154139814
35955.67867484938,0.10675680388909438,-0.170594785400035,-1.3690847394475074
35974.145895538146,0.0988783244099286,-0.17507525209643068,-1.130855921263485
35992.61311622691,0.09780117845147553,-0.16880506168142942,-0.8733974519591013
36011.08033691567,0.09817269346738923,-0.1534379357253026,-0.633888023337613
36029.547557604434,0.09412869861787022,-0.13268159243810582,-0.44691673346667277
36048.014778293196,0.08636735242840145,-0.11024849503205886,-0.3394860534065603
36066.48199898196,0.07593302396477818,-0.0886205199441045,-0.32710954964034267
36084.94921967072,0.06401081228880041,-0.06897572540673341,-0.41157042972575
36103.416440359484,0.05180756491167668,-0.05163594627238666,-0.5806649062649896
36121.88366104825,0.03925365132729154,-0.03649938496550606,-0.8099661768277285
36140.35088173701,0.026730510390393765,-0.023310566636326274,-1.0663531975972975
36158.81810242577,0.014097443898316318,-0.011793663946771393,-1.312794342784439
36177.285323114535,0.0020930452643237547,-0.0017131987593242484,-1.5136953068703332
36195.7525438033,0.008077484515271939,0.007093545845177731,-1.6400392295036097
36214.21976449206,0.016698477430465705,0.014706055752353777,-1.6735769211813445
36232.68698518082,0.023817804066702763,0.021109418552213523,-1.6094621238375155
36251.154205869585,0.029269268815549854,0.02619316628300214,-1.4569512386072694
36269.62142655835,0.032837133713769166,0.029759743485091514,-1.2380664749854267
36288.08864724711,0.0342878689607524,0.03154073154171712,-0.9844155066755038
36306.55586793587,0.03342026118506317,0.031240947575386223,-0.7326269552778507
36325.023088624635,0.030109898270095782,0.028597730344744568,-0.5190608970064869
36343.4903093134,0.024543592068167502,0.023453288771761983,-0.3745582363780661
36361.95753000216,0.016482231920112316,0.01582244366141041,-0.31998714617188817
36380.42475069092,0.006171208677405839,0.00594154111037434,-0.3632296363062935
36398.891971379686,0.004729753385891189,-0.005718915790736964,-0.4980433653991155
36417.35919206845,0.015367131660113251,-0.01846828936153794,-0.7049630229607011
36435.82641275721,0.026666479273254735,-0.03144919822517585,-0.9541111115028622
36454.293633445974,0.03828600428125084,-0.04372489938248322,-1.209512259054935
36472.760854134736,0.04984837643294185,-0.054401235663083525,-1.4342881056609507
36491.2280748235,0.06133028743012304,-0.06276243677646474,-1.5959826733565468
36509.69529551226,0.07266963375167956,-0.06838289009136739,-1.6712492697619163
36528.162516201024,0.08328532833609284,-0.07116934538575234,-1.649222087109336
36546.62973688979,0.09286894507139612,-0.07132251496278527,-1.5330854714434519
36565.09695757855,0.10276263585763819,-0.069245968423547,-1.3396140360642101
36583.56417826731,0.1117111545342747,-0.06544094480669636,-1.096749896744504
36602.031398956075,0.11759372339822351,-0.06041711744998185,-0.8395669901081815
36620.49861964484,0.11944792486426893,-0.05462928660889339,-0.6052055796841059
36638.9658403336,0.11681119431657554,-0.048443940750465084,-0.4275087849868586
36657.43306102236,0.10989820331774762,-0.04213318341600912,-0.3321357355774346
36675.900281711125,0.09948316844396225,-0.03588543545642897,-0.3328568028187711
36694.36750239989,0.08660048658516552,-0.029826432726863278,-0.42956554324903345
36712.83472308865,0.0722630497398553,-0.024035840668851408,-0.6082942145639891
36731.30194377741,0.05775700863449236,-0.01856877223719504,-0.8432306256190667
36749.769164466175,0.04371070210461368,-0.013467352893271365,-1.10044527802148
36768.23638515494,0.029381003402911166,-0.008769457689237991,-1.342790817370566
36786.7036058437,0.01545035673838381,-0.004511183355616372,-1.5352664467772223
36805.17082653246,0.00251251584325382,-0.0007244869191184121,-1.6500726328566189
36823.638047221226,0.007887093402717586,0.0025617976350647952,-1.6706260312674117
36842.10526790999,0.01639947967950537,0.005322927624412485,-1.5939546835750178
36860.57248859875,0.023112099271860278,0.007536618971477652,-1.431127475316762
36879.039709287514,0.027868100893281216,0.009177472458381733,-1.2056557902947498
36897.506929976276,0.030568544279717027,0.010215564768783462,-0.950098199076569
36915.97415066504,0.03117134423115239,0.010612979106846073,-0.7013585627010864
36934.4413713538,0.029694445544357764,0.010328993244201829,-0.4953566386523742
36952.908592042564,0.026214156739228004,0.009327275090167642,-0.3618408607161976
36971.37581273133,0.020859520185974947,0.007586992674331446,-0.32009238826995895
36989.84303342009,0.01380253564255272,0.0051195108156012,-0.37614078319095123
37008.31025410885,0.005246806640742176,0.0019763646931052798,-0.5218933588610245
37026.777474797615,0.005172596924366556,-0.001738123661615837,-0.7363039083182971
37045.24469548638,0.017406496909005552,-0.0058715951885512175,-0.988412017749826
37063.71191617514,0.0303671048716272,-0.010231932231888218,-1.2418140442884325
37082.1791368639,0.04358672401310581,-0.014607156921471224,-1.4599200975685613
37100.646357552665,0.05699583993429595,-0.018790270776061938,-1.6112378598957262
37119.11357824143,0.0705628148299225,-0.022604068391086408,-1.6739202102352955
37137.58079893019,0.08359474992081165,-0.02592035497409136,-1.6389199355697937
37156.04801961895,0.09550028534563709,-0.028668971289450357,-1.5112959638139916
37174.515240307715,0.10538273175626586,-0.030835664551947573,-1.3094824895003556
37192.98246099648,0.11245884076135665,-0.0324477805193343,-1.0626265496544423
37211.44968168524,0.1160721705219174,-0.03354995101538499,-0.8063786126020882
37229.916902374,0.11585531285319339,-0.034177685112119535,-0.5777441763230012
37248.384123062766,0.11185299362764542,-0.03433539778527415,-0.40973996594712525
37266.85134375153,0.10453668219334589,-0.03398470081536359,-0.3266263258352696
37285.31856444029,0.09468825510735127,-0.03304593203695766,-0.34040411077060356
37303.785785129054,0.08351365455694237,-0.03141027912531026,-0.4490819073692754
37322.253005817816,0.07168843772467434,-0.02896699951356021,-0.6369638684588462
37340.72022650658,0.059342182594101206,-0.02564993317669445,-0.8769164770821932
37359.18744719534,0.04704838398735603,-0.021489816624547964,-1.1342866480196323
37377.654667884104,0.03537279088457276,-0.016647144422925496,-1.3719054046110857
37396.12188857287,0.023743784617256174,-0.011398602764644092,-1.5554550073911952
37414.58910926163,0.012575273363954038,-0.006091725029556051,-1.6584248123631191
37433.05632995039,0.002234839140279779,-0.001081547046202991,-1.6659401112044305
37451.523550639155,0.007863295588369817,0.003326465444693339,-1.5769107539557146
37469.99077132792,0.016559875238908808,0.006915028621393384,-1.404189062402071
37488.45799201668,0.023239712539368202,0.009566604050378758,-1.172714142903609
37506.92521270544,0.027744863897185838,0.01125848339790317,-0.9159105683231044
37525.392433394205,0.030142662361365497,0.012035699982416033,-0.6708615260539337
37543.85965408297,0.0303637133891097,0.011981294450830198,-0.4729535312345198
37562.32687477173,0.028543587648219956,0.011189017642065016,-0.3507661313943443
37580.79409546049,0.02488170927833513,0.0097425531152693,-0.32194463770373527
37599.261316149255,0.019600674294038386,0.00770499114436385,-0.390651917788351
37617.72853683802,0.012913892435548458,0.005119051058839913,-0.5469672341728252
37636.19575752678,0.005018293984781902,0.002010092228710142,-0.768318923711621
37654.66297821554,0.004045842615710756,-0.0016105275432547377,-1.0227440184008627
37673.130198904306,0.01410105288741408,-0.005738176176637521,-1.2735040806923865
37691.59741959307,0.024673377591595172,-0.01037722847199746,-1.4843906513168963
37710.06464028183,0.03532962109005621,-0.015541324340447665,-1.6249541196715453
37728.531860970594,0.04562124986729967,-0.021254068557170706,-1.6749008799241092
37746.999081659356,0.05542794596804757,-0.027550413994500776,-1.6270237525569937
37765.46630234812,0.06473555663863748,-0.03446317017268784,-1.4882424627375836
37783.93352303688,0.07286715847594792,-0.04199272687780619,-1.2786038510028181
37802.400743725644,0.08082119928904573,-0.050051966873906596,-1.0283861593247896
37820.86796441441,0.08651693446021132,-0.05839618557369424,-0.7737258238383214
37839.33518510317,0.09149486617049328,-0.06656915141148867,-0.5513989547390975
37857.80240579193,0.09451542827231414,-0.07391114781607211,-0.39351137428275834
37876.269626480695,0.093945155299981,-0.0796398937983464,-0.3228631221359809
37894.73684716946,0.09020407900664683,-0.08299272219304482,-0.3496559630012541
37913.20406785822,0.08585366994582085,-0.08337762095849605,-0.4700197999116072
37931.67128854698,0.07836802281764892,-0.08049165198259153,-0.6665715327868516
37950.138509235745,0.06856429996891722,-0.07437600701746835,-0.9109255285774344
37968.60572992451,0.05733302757163075,-0.06540294032456942,-1.167792661360048
37987.07295061327,0.04588019242802252,-0.054201011342472113,-1.4000759499934199
38005.54017130203,0.03463995302485003,-0.04155244021334814,-1.5742273944976775
38024.007391990795,0.023354078647554927,-0.02828430134136521,-1.6650927517856269
38042.47461267956,0.012476957321655335,-0.015178532333583145,-1.6595445481728262
38060.94183336832,0.002396947789947276,-0.00291640925261194,-1.5583784285088023
38079.40905405708,0.010201756247390547,0.007950097621721025,-1.376198755959852
38097.876274745846,0.02198577971331983,0.017005725171931343,-1.1393098828199717
38116.34349543461,0.03133448262225514,0.02397387531545433,-0.8819176225430082
38134.81071612337,0.03800379312760187,0.02870818706091915,-0.6411895417029233
38153.277936812134,0.04181282638684068,0.031179395990711335,-0.45188750360114255
38171.745157500896,0.04268216876693645,0.03145853265002666,-0.34134764291669184
38190.21237818966,0.04065217147402242,0.029684688587620633,-0.3255327334943445
38208.67959887842,0.03588086222852084,0.02603412820736299,-0.4067270139510805
38227.146819567184,0.028608978808687312,0.020689559374814204,-0.5732063202808749
38245.61404025595,0.019134496769568944,0.013816298149337297,-0.800931138815211
38264.08126094471,0.0076959999005719905,0.005546589565829948,-1.0570180863866825
38282.54848163347,0.0036050236821703317,-0.004018210284463172,-1.3044885318897161
38301.015702322235,0.013110007603786073,-0.014798876391036013,-1.5076086386418994
38319.482923011,0.023246571480249372,-0.026713309661394343,-1.6370496598661404
38337.95014369976,0.03372651204992758,-0.039643008028524766,-1.6741232545692568
38356.41736438852,0.0442287485202898,-0.05339111705796084,-1.6134801466427644
38374.884585077285,0.05439199177741471,-0.06763741901876213,-1.463882377554408
38393.35180576605,0.06380694574347505,-0.08189808324429605,-1.2469376385638453
38411.81902645481,0.07201600560767124,-0.09550223647096641,-0.9939785281700199
38430.28624714357,0.07884173964844399,-0.10760278612544576,-0.7415375389771175
38448.753467832335,0.08412847423335346,-0.11724093544269983,-0.5260713727253614
38467.2206885211,0.08714193077196983,-0.12349074189799843,-0.378696439409481
38485.68790920986,0.08762224131913218,-0.12565895378692957,-0.3206956319520885
38504.15512989862,0.08550462887568872,-0.12347335681260968,-0.3604450397176636
38522.622350587386,0.08095173250437107,-0.11716996100988888,-0.49220438922418575
38541.08957127615,0.07432688012944617,-0.10742136627244425,-0.6969459507217785
38559.55679196491,0.069847961033151,-0.09516269275100192,-0.9451021681965791
38578.024012653674,0.0636842579608864,-0.08137715523395125,-1.2008352140846228
38596.491233342436,0.05523344303148897,-0.06693618131581894,-1.4272120624094795
38614.9584540312,0.04517934641752812,-0.052525001886293,-1.5915379543041097
38633.42567471996,0.034276212737575064,-0.03862765693994506,-1.6700781001371225
38651.892895408724,0.023204894817629648,-0.025570505197489136,-1.6514856375635592
38670.36011609749,0.012504780822445341,-0.01356950057469802,-1.5384406631789491
38688.82733678625,0.0025780601812570208,-0.0027715372768534977,-1.3472635303332912
38707.29455747501,0.007538348933090436,0.006711081057248191,-1.1055582207560128
38725.761778163775,0.01652047497524176,0.0147730130788064,-0.8482261254375407
38744.22899885254,0.023636627875907996,0.02130651180545388,-0.6124259328134042
38762.6962195413,0.028718457892392347,0.02619156337371419,-0.4322075147660032
38781.16344023006,0.03164204995961014,0.029298081653514347,-0.33359476522053577
38799.630660918825,0.03235572901152784,0.030497519246520517,-0.3308274822873414
38818.09788160759,0.031247892096334856,0.029683780938050127,-0.4243050018690515
38836.56510229635,0.028095344091980543,0.02679624974039296,-0.6005285265262033
38855.03232298511,0.022806100487430578,0.021841267184317063,-0.8340504662035974
38873.499543673875,0.015506039095382153,0.014909152937890597,-1.091149288761953
38891.96676436264,0.006409869026989319,0.006183633580104752,-1.3346991973494764
38910.4339850514,0.003223788272650219,-0.004059532196953854,-1.5295314136123468
38928.90120574016,0.012262376784610214,-0.015451496415768644,-1.647512845980283
38947.368426428926,0.02199046805309976,-0.027536150265910945,-1.671608726389644
38965.83564711769,0.032186496597717676,-0.039784403958290034,-1.5983425185192093
38984.30286780645,0.04254822850269387,-0.05161891905290945,-1.4382978522836893
39002.770088495214,0.0526646005428642,-0.06245477275457224,-1.214590004040234
39021.237309183976,0.06200409327584027,-0.07175907306572926,-0.9595276849530825
39039.70452987274,0.06995191678095683,-0.0791115239057982,-0.7099472603271331
39058.1717505615,0.07725849384548701,-0.08425283598860417,-0.5018932332430353
39076.638971250264,0.08318237688410506,-0.08710042926000613,-0.3654131892899243
39095.10619193903,0.09029745983139856,-0.08772686948152436,-0.320218761625628
39113.57341262779,0.09572610440972529,-0.08631192944152302,-0.3728390450023678
39132.04063331655,0.10269276998652227,-0.08308487556302793,-0.515677376901228
39150.507854005315,0.10283970120099498,-0.07827827501584295,-0.7281077636147116
39168.97507469408,0.10443278575592019,-0.07210420087582892,-0.9794529648809427
39187.44229538284,0.09989404835627139,-0.0647617779863967,-1.2334145776977126
39205.9095160716,0.09472976952847656,-0.0564620387882462,-1.4533154210522992
39224.376736760365,0.08309840438882432,-0.04745266414196764,-1.6073968363105373
39242.84395744913,0.0705456228700294,-0.038023281819692875,-1.6734054477904046
39261.31117813789,0.055033340805417136,-0.028488752929588565,-1.6418067597569528
39279.77839882665,0.037865381415200725,-0.019163283501466406,-1.5171616098520566
39298.245619515415,0.020679573816091958,-0.010334621785148702,-1.317467077101048
39316.71284020418,0.004544136089458677,-0.0022549751519519686,-1.071557367644941
39335.18006089294,0.005975388169010495,0.004868211465242878,-0.8149400943181504
39353.6472815817,0.013445097173456438,0.010868970863795494,-0.5846690788070892
39372.114502270466,0.019511191861549784,0.015623019752885868,-0.413993881707421
39390.58172295923,0.024024822584907127,0.01904276890017281,-0.32755858174915364
39409.04894364799,0.02684629351054733,0.021075439533592772,-0.3378431008793913
39427.516164336754,0.02786299450210358,0.0216968074235936,-0.4433609982496592
39445.983385025516,0.027008425699276046,0.020906899868339875,-0.6288740307297996
39464.45060571428,0.024275728224714525,0.018726833144309157,-0.8675925509154477
39482.91782640304,0.019723403772751728,0.015199668470571259,-1.125044034091205
39501.385047091804,0.013471664852285278,0.010393351017830732,-1.3640511253505057
39519.85226778057,0.005696064011796955,0.004406818777479558,-1.5501003591703482
39538.31948846933,0.004402921785161069,-0.0026230435742269115,-1.6563262617536143
39556.78670915809,0.01755012397810914,-0.010518080741650492,-1.6673910770339897
39575.253929846855,0.03179279847470148,-0.019057593566588295,-1.5816998192674447
39593.72115053562,0.04681550951999323,-0.027983722383199745,-1.411630747464542
39612.18837122438,0.0635614595065546,-0.03700569859205102,-1.1817479310696062
39630.65559191314,0.08122694489709326,-0.04580472618738969,-0.9252539577944241
39649.122812601905,0.09799458763314409,-0.05403694007402979,-0.6791949441945895
39667.59003329067,0.11168463496252234,-0.061338057272780466,-0.47911018979105996
39686.05725397943,0.12513232544186365,-0.06733786992444499,-0.3538991228077866
39704.52447466819,0.13255471036686023,-0.07169241234274222,-0.32164706766963985
39722.991695356955,0.13180840299679308,-0.0741332545929909,-0.387013159828557
39741.45891604572,0.1298763055967284,-0.07451351974349936,-0.5405579992843942
39759.92613673448,0.12059604667785728,-0.07283686319770157,-0.7601078670733984
39778.39335742324,0.11052685892857952,-0.06925231279804692,-1.0139576872533973
39796.860578112006,0.09859694553557395,-0.06402344319464741,-1.2654496412433913
39815.32779880077,0.08518187208052921,-0.05748365282171407,-1.4782663568596477
39833.79501948953,0.07294517733564615,-0.049991174173161027,-1.6216747436682097
39852.262240178294,0.05980679607183918,-0.04189325489761793,-1.674963580867236
39870.729460867056,0.04750620795616953,-0.03350609127951044,-1.6304342063536479
39889.19668155582,0.03591734119467341,-0.0251083888217032,-1.4945124344654848
39907.66390224458,0.024298426157017425,-0.016943664793509144,-1.2868210305715346
39926.131122933344,0.013226391279203758,-0.009224647590127123,-1.0373465388611212
39944.59834362211,0.0030697660835837647,-0.002138038645784624,-0.7821094639309958
39963.06556431087,0.005561905260807736,0.004155944056966715,-0.5579629909993871
39981.53278499963,0.012682386676585583,0.009518444265296999,-0.3972713254143454
40000.000005688395,0.018275984418018,0.013833677036381263,-0.3232361482911356
40018.46722637716,0.022199122235859767,0.017006404511742367,-0.3465461133022805
40036.93444706592,0.024390563936218083,0.018962558611717573,-0.46383325588034785
40055.40166775468,0.024860897722317737,0.019649663942958192,-0.6581592546046358
40073.868888443445,0.023678622222592472,0.019040195880492498,-0.9014613550373126
40092.33610913221,0.0209535614787293,0.017134999932419657,-1.158604769488586
40110.80332982097,0.016905664712773487,0.013966777848401585,-1.3924563709416857
40129.27055050973,0.011552414226784359,0.009604806453041147,-1.5692470140066794
40147.737771198495,0.0049743858131206225,0.004158032938607465,-1.6634481264255925
40166.20499188726,0.0031331257609205697,-0.0022260190007521354,-1.6614583341004765
40184.67221257602,0.013068347861910317,-0.009354572249228487,-1.5635677150907792
40203.13943326478,0.02350543989608997,-0.016990884950938777,-1.3839159778887467
40221.606653953546,0.03422073343201884,-0.024859999169861386,-1.148450553588135
40240.07387464231,0.045310000167536335,-0.032652401208021306,-0.8911794406542608
40258.54109533107,0.05622990910634339,-0.04004335847174698,-0.64925992926724
40277.008316019834,0.06649762598072381,-0.04671173753950695,-0.4576324820511926
40295.475536708596,0.07560471394381944,-0.05237237609169928,-0.34397474539734135
40313.94275739736,0.08306798604676298,-0.05680409156090472,-0.32470441385937754
40332.40997808612,0.08847153579292073,-0.05987270843012137,-0.4026081451463974
40350.877198774884,0.09154087323027246,-0.061534926460340096,-0.5664388779736428
40369.34441946365,0.09945806925535677,-0.06182090113046388,-0.7925397374736256
40387.81164015241,0.10692773592569593,-0.06080097660493961,-1.0482602449099208
40406.27886084117,0.11005895751027567,-0.058548950185672764,-1.2966717533163805
40424.746081529935,0.10721187665294968,-0.055127660013855835,-1.501900913074465
40443.2133022187,0.09877820166153559,-0.0506000807535743,-1.634310221339244
40461.68052290746,0.08629133527297078,-0.04505584772363872,-1.674777258420189
40480.14774359622,0.07164634966998865,-0.03863593664395363,-1.6174554328054094
40498.614964284985,0.05642306162256146,-0.03154614107328117,-1.470618383507468
40517.08218497375,0.041633127556667565,-0.02405166061918111,-1.2554658803985645
40535.54940566251,0.02798237052874085,-0.016458137308319524,-1.0030629492920011
40554.01662635127,0.015614572947222002,-0.009082216466493084,-0.7498539578168705
40572.483847040035,0.003846307047183013,-0.0022203791126065853,-0.5323996650054509
40590.9510677288,0.00579013719281973,0.003875137670398124,-0.3820975499753165
40609.41828841756,0.013454666685724207,0.009010876095671772,-0.3206479561022074
40627.88550910632,0.019391290130286804,0.013056607741088714,-0.35692070670230414
40646.352729795086,0.023423265777507276,0.015936636092071084,-0.4856745396898563
40664.81995048385,0.02550088120318734,0.017621436256045325,-0.688314170759974
40683.28717117261,0.02652242717611476,0.01811092753323081,-0.9355756064092225
40701.754391861374,0.025780383118006876,0.017426146030596248,-1.1917519509534855
40720.221612550136,0.023244463355042305,0.015602402064754127,-1.419849555157255
40738.6888332389,0.018970853009291928,0.012687803962387684,-1.5869300134982476
40757.15605392766,0.013079950984452724,0.008746315019403955,-1.6688666635690117
40775.623274616424,0.00575632492117794,0.003861890928176205,-1.6538287301056604
40794.09049530519,0.0035029298264639885,-0.001859683077483768,-1.5439899504859538
40812.55771599395,0.015380994091915538,-0.008286107026594701,-1.3552148873436034
40831.02493668271,0.027798570413899697,-0.015264516247742867,-1.1147681524095754
40849.492157371475,0.04016755300428286,-0.022623001895518222,-0.8573772956934468
40867.95937806024,0.051802498536429445,-0.03018104123106168,-0.6202178882474197
40886.426598749,0.06245269068637641,-0.03775789845502037,-0.4375449963424473
40904.89381943776,0.07582573689577889,-0.04517975363711001,-0.3357462874420825
40923.361040126525,0.088974566181294,-0.05228130889368389,-0.3295310447646116
40941.82826081529,0.10128763114646554,-0.05889777538051981,-0.41980530688376855
40960.29548150405,0.11190111808499421,-0.06484423923215975,-0.5935400527799822
40978.76270219281,0.11973804093595843,-0.06989084820586283,-0.8256518279999276
40997.229922881575,0.12396483314338129,-0.0737430517976854,-1.082624555089478
41015.69714357034,0.12530951799053458,-0.07604840883278008,-1.327349569138273
41034.1643642591,0.12196986180107303,-0.0764430559274683,-1.524484978443389
41052.63158494786,0.11643360191960682,-0.07463010759865488,-1.6455603506781649
41071.098805636626,0.10852847070126499,-0.07047377414834494,-1.6730890929416056
41089.56602632539,0.09787637979858643,-0.06406361103561625,-1.6030940291327829
41108.03324701415,0.08467736339373949,-0.055719118083192645,-1.4456812629154245
41126.500467702914,0.0689814314931094,-0.0459273211569088,-1.223579815477816
41144.967688391676,0.052374663228218724,-0.03525573091599771,-0.9688585591406175
41163.43490908044,0.03574562324751708,-0.024277787737628953,-0.7182950056683328
41181.9021297692,0.019800229002347375,-0.013527932859677152,-0.5080647911916569
41200.369350457964,0.005081068657998544,-0.0034760416792663177,-0.36851846351343587
41218.83657114673,0.007756477114464799,0.005486835752577957,-0.31979947618895616
41237.30379183549,0.018480011605307926,0.01305739368344624,-0.3689359464347582
41255.77101252425,0.026915941993751816,0.019020611455089643,-0.50882609286594
41274.238233213015,0.03299916433329382,0.023246049159124992,-0.7192639193874718
41292.70545390178,0.0365816546494523,0.025679838001544327,-0.9698571233315346
41311.17267459054,0.037582536368425276,0.026328533639897785,-1.2244159202029061
41329.6398952793,0.03605366644331816,0.025248023444609125,-1.4461790266677828
41348.107115968065,0.03212754652855641,0.022527929346379604,-1.6031221522609025
41366.57433665683,0.025992587522917,0.018277944203726106,-1.6725824251425656
41385.04155734559,0.017870071540203418,0.012618223108435918,-1.6445310059569662
41403.50877803435,0.007988767550452601,0.005670044243336428,-1.5230213361175111
41421.975998723115,0.0037850661374623867,-0.0024412093539734107,-1.325603918760526
41440.44321941188,0.01791046849034483,-0.011582556253942944,-1.0807920950542327
41458.91044010064,0.03325862777669235,-0.0215989718548053,-0.8239446789262953
41477.3776607894,0.049400149529512626,-0.03229855740901171,-0.592159896124395
41495.844881478166,0.06568513678494908,-0.04343269732832685,-0.41891786311600265
41514.31210216693,0.08129779735900232,-0.054681709013915065,-0.32924521939450413
41532.77932285569,0.09534427125054036,-0.0656565387492147,-0.33610024658388615
41551.246543544454,0.10615832786811859,-0.07591782098017806,-0.4385006928279041
41569.713764233216,0.11236146608152027,-0.08502566502795968,-0.6216649918106828
41588.18098492198,0.11312299121400389,-0.09257675579191073,-0.8591467338192909
41606.64820561074,0.11856349379914585,-0.09820215452062069,-1.116654155246251
41625.115426299504,0.12230000064877328,-0.10152335498979644,-1.3570027786546766
41643.58264698827,0.12094956401198653,-0.10213730971322489,-1.545485616739357
41662.04986767703,0.1147190093019356,-0.09970958543829002,-1.6548851906481166
41680.51708836579,0.10454590651886697,-0.09415438823722978,-1.669403551661322
41698.984309054555,0.09219334273827347,-0.08576460281490829,-1.5869429666415773
41717.45152974332,0.07927540484643204,-0.07517337723643729,-1.4194082651597448
41735.91875043208,0.067895066728313,-0.06318000336494402,-1.1909874800052942
41754.38597112084,0.05642719018841408,-0.05055265943427484,-0.9346591920923428
41772.853191809605,0.04397319407233069,-0.03791444397295793,-0.6874308040753327
41791.32041249837,0.03082189248279922,-0.025719005199117358,-0.4849951407949185
41809.78763318713,0.01747765548506055,-0.014280538820375343,-0.35657679948503296
41828.25485387589,0.004725627409706803,-0.0038216121859815586,-0.3207123698501621
41846.722074564655,0.005809703192369655,0.005483986834678718,-0.3825738974202877
41865.18929525342,0.014306196704384705,0.01347856213358428,-0.5332221485776912
41883.65651594218,0.02129550166473951,0.020005735159820136,-0.7508975588643437
41902.12373663094,0.02661208903570089,0.024907092264374108,-1.0041624581545154
41920.590957319706,0.030087666373915276,0.02803620895462895,-1.2564408217892056
41939.05817800847,0.031567961239422314,0.029273519048224648,-1.47129998979479
41957.52539869723,0.031033833564585153,0.02854679195942347,-1.6177116815643298
41975.992619385994,0.028345310849635895,0.025845272057051196,-1.674532634033116
41994.459840074756,0.02344739529711585,0.0212263037907069,-1.6335578546442138
42012.92706076352,0.016447082127697982,0.014812963707607273,-1.5007055748842886
42031.39428145228,0.007566583965713199,0.006791969575406991,-1.2951627387347433
42049.861502141044,0.0026964251990501307,-0.0025930318948221387,-1.0466143627760898
42068.32872282981,0.013519674901506946,-0.013037442808650657,-0.7909568090539361
42086.79594351857,0.025203677045801565,-0.02417041599550076,-0.5651139688556573
42105.26316420733,0.03766206158828331,-0.035545752776290365,-0.4017049382917713
42123.730384896095,0.05053569293298163,-0.04663904708124006,-0.3243332578431346
42142.19760558486,0.06368581409763484,-0.05686026690910698,-0.34417806515164995
42160.66482627362,0.07738425533592667,-0.06559585884588798,-0.4583795153048154
42179.13204696238,0.09084094790914359,-0.07226891713041977,-0.6504516699152867
42197.599267651145,0.10345677240246264,-0.07642135952114876,-0.8926631749629342
42216.06648833991,0.11399326106214148,-0.07777951448365561,-1.1500417576544464
42234.53370902867,0.12142380413486577,-0.07629721158984515,-1.3854240866278942
42253.00092971743,0.1248918764095636,-0.07218628610006741,-1.5648218109052836
42271.468150406195,0.124547390540171,-0.06592265262943102,-1.6623293129339358
42289.93537109496,0.12057829247326085,-0.05820593033415897,-1.6638649427221948
42308.40259178372,0.11274107845935738,-0.04982575290802091,-1.5692053088116868
42326.86981247248,0.10180661294187343,-0.041485127607481506,-1.3920180929070065
42345.337033161246,0.08869959283271212,-0.033669273556092255,-1.1578881772073113
42363.80425385001,0.0747315694119573,-0.026613668988127885,-0.9006225284816054
42382.27147453877,0.060219935118054166,-0.020354985845389306,-0.6573680225417534
42400.738695227534,0.04551383648610434,-0.014818061838454844,-0.46324726429387136
42419.2059159163,0.031124771359240674,-0.009892072436327597,-0.3462868256546275
42437.67313660506,0.017467349375439728,-0.005481328471644523,-0.32337028534032886
42456.14035729382,0.004885298784460711,-0.0015255548445791524,-0.3978004878005065
42474.607577982584,0.0076139198157018475,0.0019978265316004237,-0.5588229736678574
42493.07479867135,0.01898605774430159,0.005082946620964201,-0.7831793295883135
42511.54201936011,0.027799203576937142,0.007698788858570651,-1.038466116855766
42530.00924004887,0.033766041702948404,0.009792878133386296,-1.2878143174361172
42548.476460737635,0.03679650823833172,0.0112912295608451,-1.4952135507563549
42566.9436814264,0.03700499650481551,0.012102408964465117,-1.630712200947507
42585.41090211516,0.03467931103971162,0.012127655918662935,-1.6747425395785143
42603.87812280392,0.03020600097729864,0.01127758319313726,-1.6209463147759722
42622.345343492685,0.02398167976320985,0.009494696094984469,-1.477092818937893
42640.81256418145,0.016334646596492582,0.006777226680424653,-1.263956907316904
42659.27978487021,0.007477675106380055,0.003198518828886554,-1.0123190017302306
42677.74700555897,0.002768882211392995,-0.0010833264649210265,-0.7585202868259908
42696.214226247735,0.014981141987983037,-0.005828002786781302,-0.5392149032934147
42714.6814469365,0.027982919376806508,-0.010731946115708274,-0.38607688057206735
42733.14866762526,0.04128818514221143,-0.015459323215337132,-0.321226108658636
42751.61588831402,0.05435747228727639,-0.019688818125667557,-0.35403385313137026
42770.083109002786,0.06662039011152997,-0.02316624465137495,-0.47976914865612447
42788.55032969155,0.07751648910725385,-0.02575720178410834,-0.6802815923211792
42807.01755038031,0.08734350490223577,-0.02747917973054751,-0.9266220243765698
42825.484771069074,0.09520661466889296,-0.028509256124627243,-1.1832227934419446
42843.95199175784,0.10075342264113687,-0.029151071723838087,-1.4130340432644277
42862.4192124466,0.1047616718518548,-0.029764303522080315,-1.5828741018573038
42880.88643313536,0.10619486742657995,-0.030655871232780525,-1.6682207383342293
42899.353653824124,0.11532442964069238,-0.03196112682000016,-1.6567512031478628
42917.82087451289,0.12507479982880038,-0.03355891305912189,-1.5501207729679145
42936.28809520165,0.12869608644791908,-0.035070013797484006,-1.3637243773288061
42954.75531589041,0.12747665741454936,-0.03594451470015016,-1.1244755729970353
42973.222536579175,0.11720729186348389,-0.03560779561775519,-0.8669213736292322
42991.68975726794,0.10140870233250406,-0.03362374969365725,-0.6282527180118957
43010.1569779567,0.0847910561941196,-0.029824741482533133,-0.442932318850704
43028.62419864546,0.06524339504767904,-0.024363525969698645,-0.3377171826779303
43047.091419334225,0.0463419405316899,-0.017672684575020428,-0.32779485427181576
43065.55864002299,0.026688309753212305,-0.010355651833315844,-0.41459090999246795
43084.02586071175,0.007804038982022022,-0.0030601990484892113,-0.5855638624797345
43102.49308140051,0.006221849983598055,0.0036260285992488115,-0.8160168594787106
43120.960302089276,0.015927386747958756,0.00924677406268235,-1.0726644940493164
43139.42752277804,0.023818119002141553,0.013507008442247842,-1.318439682932673
43157.8947434668,0.02973699190656166,0.016283241038859402,-1.5178465196315778
43176.36196415556,0.03349130951986889,0.017601060637827536,-1.6420861638447433
43194.829184844326,0.034954094459523063,0.017593097172144488,-1.6732155894356022
43213.29640553309,0.03406015326835052,0.016446087512637736,-1.6067386352676796
43231.76362622185,0.03082750646654569,0.014350544848800707,-1.452255190731386
43250.230846910614,0.0253613671759333,0.011465488557517473,-1.2320747763960205
43268.69806759938,0.01783385554880157,0.007899513085143868,-0.9779947713340937
43287.16528828814,0.00846413176258594,0.00370944045985494,-0.7267085940549342
43305.6325089769,0.0032455762589513894,-0.0010960651892171496,-0.514506968661624
43324.099729665664,0.01909323581848424,-0.0065476454183936795,-0.3720374016960905
43342.56695035443,0.036064022049498545,-0.01271331787607889,-0.3198785412963857
43361.03417104319,0.05427400102809752,-0.019694674076009333,-0.3655684224696694
43379.50139173195,0.07346035749310267,-0.027618209071407697,-0.5025156957062461
43397.968612420715,0.09224369839742247,-0.03660656236892247,-0.7109510954460324
43416.43583310948,0.11110851952004253,-0.04670952060362249,-0.9607818505035729
43434.90305379824,0.13085464379149636,-0.05777445887111608,-1.2159369849514672
43453.370274487,0.1468114922905952,-0.06924394461508608,-1.4395761019580127
43471.837495175765,0.16363580335571748,-0.07994745033091198,-1.599409369274557
43490.30471586453,0.17217720541997664,-0.08808923790547397,-1.672360169075121
43508.77193655329,0.18173182807780738,-0.09173354871758381,-1.6478969569181483
43527.23915724205,0.1825832580794365,-0.08978725310634063,-1.5295535653215953
43545.706377930816,0.18112453234666168,-0.082727382551616,-1.3344191113998494
43564.17359861958,0.17133050112644868,-0.07232494781110797,-1.0906711814675853
43582.64081930834,0.1579199187280362,-0.0606451582927478,-0.8335075029033522
43601.1080399971,0.13753850186953306,-0.04921725249035887,-0.600062797543842
43619.575260685866,0.11535296708638273,-0.03880904700942649,-0.42404532737808875
43638.04248137463,0.09240073083631054,-0.029615131762253943,-0.33086862694616975
43656.50970206339,0.06912161129100225,-0.02154174053876915,-0.3339817895168496
43674.976922752154,0.046899685572211317,-0.014411796337898356,-0.4329279206584609
43693.44414344092,0.026406061838787936,-0.008069782496523487,-0.6134107471674046
43711.91136412968,0.007902507418164494,-0.0024129560711017035,-0.8493596123293108
43730.37858481844,0.006058429999511942,0.002608032901201947,-1.1066946902943886
43748.845805507204,0.01612032675635848,0.00700201174257415,-1.3482487325102392
43767.31302619597,0.024431003938173497,0.01074242471725883,-1.5391345644797976
43785.78024688473,0.030839724014586317,0.01376891165677608,-1.6517831436162984
43804.24746757349,0.035158726496695006,0.01598336690571499,-1.6699246177132654
43822.714688262255,0.03718917062337114,0.01725117615506161,-1.590937561950275
43841.18190895102,0.03675293667115591,0.017415467992000624,-1.4262272843593986
43859.64912963978,0.0337360896893274,0.0163243100006746,-1.1995786905647075
43878.11635032854,0.02812725379107134,0.013870705767003524,-0.9437216044815389
43896.583571017305,0.020037765106377795,0.010033597243877805,-0.6956044834922799
43915.05079170607,0.009711210217138094,0.0049118702093113795,-0.4910589392510821
43933.51801239483,0.0033633987566785354,-0.0012630374038841963,-0.3596254723135474
43951.98523308359,0.021777378380465232,-0.008131642034966425,-0.3202875854786018
43970.452453772356,0.04145465421251793,-0.015233722771832341,-0.37873030212251335
43988.91967446112,0.061587007189895876,-0.022059582243789146,-0.5265189992953024
44007.38689514988,0.08106374872261518,-0.028118559651551297,-0.7423171664821262
44025.85411583864,0.09846733848249423,-0.03303298931958427,-0.9949672891368401
44044.321336527406,0.11224661047809051,-0.036618572998279295,-1.2479900289521926
44062.78855721617,0.12109664727529107,-0.03892535298848579,-1.4648520553048396
44081.25577790493,0.12602209115524685,-0.040214914070266713,-1.61424180315139
44099.722998593694,0.1255844095630568,-0.040873508157606195,-1.6745911374947866
44118.19021928246,0.11973648044600513,-0.04129132385465567,-1.6371896829364052
44136.65743997122,0.10990229832632126,-0.04174039187781799,-1.5074418789771205
44155.12466065998,0.0997677157752093,-0.04228234590897943,-1.304085469207917
44173.591881348744,0.08907815697530448,-0.04274051259678825,-1.0564851969148568
44192.05910203751,0.07747581831963561,-0.042754982732908994,-0.8003933882171564
44210.52632272627,0.07104199098149054,-0.04189789526982511,-0.5727889265714391
44228.99354341503,0.06540457141916678,-0.03980192065896056,-0.40653804798254395
44247.460764103795,0.05730329945412094,-0.03625416337953612,-0.32564738886847966
44265.92798479256,0.04705191735408923,-0.031254553751751166,-0.3417958951305063
44284.39520548132,0.036683570094406065,-0.025019288650124323,-0.4526475551582761
44302.86242617008,0.025744445520478998,-0.017945559431775553,-0.6421888614231508
44321.329646858845,0.01488539356536226,-0.010536559035466016,-0.883041929742701
44339.79686754761,0.004650381767005263,-0.0033153612056487014,-1.1404188536534474
44358.26408823637,0.004570982628693058,0.0032472469233087806,-1.3771460064464116
44376.73130892513,0.012579658600781878,0.008786573832067015,-1.5590326325534114
44395.198529613896,0.019242339338578024,0.01306665031806736,-1.6598084714142087
44413.66575030266,0.024387241002799473,0.015982441759707876,-1.664917439424787
44432.13297099142,0.027817152806312757,0.017538880931599124,-1.5736195950082186
44450.60019168018,0.02935267865973073,0.01781843734975365,-1.3990978852936315
44469.067412368946,0.028874618444415162,0.016943671934999318,-1.166554276118156
44487.53463305771,0.026353952712962626,0.015043658005308946,-0.9095702248776675
44506.00185374647,0.02185927932193453,0.012231677293854389,-0.6652571093178147
44524.469074435234,0.01554330603563324,0.008595704375356273,-0.4688969821759
44542.936295124,0.007617567845287308,0.004197424773868182,-0.34884760251125674
44561.40351581276,0.0014434048387605757,-0.0009201627665406068,-0.3224474708741399
44579.87073650152,0.010448794410817334,-0.006726843397326532,-0.3935121544448109
44598.337957190284,0.020194443753518962,-0.013200597707866515,-0.5517833613070241
44616.80517787905,0.030443506941596983,-0.02032382307134293,-0.7744102522218991
44635.27239856781,0.04137409386654333,-0.028077209897132763,-1.0292490519378108
44653.73961925657,0.05253988651377168,-0.03642858166584827,-1.2795044913752043
44672.206839945335,0.06328719557852708,-0.04530500773630192,-1.4890428873182062
44690.6740606341,0.07284603435264166,-0.0545421435199262,-1.6276097086920203
44709.14128132286,0.08108731979869623,-0.06381778325779511,-1.6751982960404326
44727.60850201162,0.08861097333170588,-0.07258248737328975,-1.6249389507485634
44746.075722700385,0.0930956176193282,-0.08004335636936645,-1.4840911987091454
44764.54294338915,0.09452465295771867,-0.08526450623614983,-1.2729957912001988
44783.01016407791,0.0941614603111475,-0.08740448469719685,-1.0221375482878943
44801.47738476667,0.09054885330071877,-0.08601383850312223,-0.7677430241387079
44819.944605455436,0.08404848757188263,-0.08120733666038878,-0.5465487771327114
44838.4118261442,0.07530588633959223,-0.07360224819648208,-0.39049594745362076
44856.87904683296,0.06508778572174663,-0.06407999741598805,-0.32211746290115656
44875.34626752172,0.054447876964754116,-0.05352954015591299,-0.35128407864361705
44893.813488210486,0.04348740878867467,-0.04267099844704812,-0.47377916626229666
44912.28070889925,0.03267650295927451,-0.03202260972467358,-0.6719080148506946
44930.74792958801,0.02236787679821707,-0.02190905548011908,-0.9170535475666203
44949.215150276774,0.012792093692399673,-0.012531352402523833,-1.1738092746269149
44967.68237096554,0.004087678716697332,-0.004006427172851704,-1.4050925864570156
44986.1495916543,0.0041487908701373965,0.0035757200386640304,-1.5774999760943986
45004.61681234306,0.011692982596730697,0.010133031080551058,-1.6661308687293632
45023.084033031824,0.017738006582672602,0.015569646690048006,-1.6581834728268314
45041.55125372059,0.022161625693626664,0.01977264435739518,-1.5548033984525544
45060.01847440935,0.024893372364661107,0.022613566332881637,-1.3709181130195838
45078.48569509811,0.025875309301767537,0.02396698238741882,-1.1330811787517603
45096.952915786875,0.025127413889830853,0.023728809555056036,-0.8756376267186351
45115.42013647564,0.02271373378552292,0.021838002891134908,-0.6357642403991506
45133.8873571644,0.018733541534743724,0.018293714029080584,-0.44810096845343367
45152.35457785316,0.0133142248247086,0.013164592862075435,-0.33974870593996825
45170.821798541925,0.006608700265671759,0.006592070326689644,-0.32635576873583094
45189.28901923069,0.001210197046219383,-0.0012105884915013616,-0.4098581722426311
45207.75623991945,0.009993612827415226,-0.009962841633779713,-0.5782000215453613
45226.22346060821,0.019439455553317664,-0.01931193619735369,-0.8070743939552707
45244.690681296976,0.029156474719142927,-0.02883592920568101,-1.063433326580047
45263.15790198574,0.03868162097567906,-0.03805407784110288,-1.310260058512343
45281.6251226745,0.04749492024540216,-0.04645186988703127,-1.5119144073610467
45300.09234336326,0.05506564572782419,-0.05354042635625066,-1.6392793966120276
45318.559564052026,0.06090799527528978,-0.05891817373997673,-1.6739659442460493
45337.02678474079,0.06465938770890821,-0.06234044436978924,-1.6109684164361622
45355.49400542955,0.06988205641836233,-0.06376248474370598,-1.4593875117430104
45373.961226118314,0.07524165759875222,-0.06333308677187442,-1.2411159925496689
45392.42844680708,0.07816078866698913,-0.061347910009586365,-0.9876769607655251
45410.89566749584,0.0807145059407214,-0.05817060522015252,-0.7356712364863973
45429.3628881846,0.08104418892509734,-0.05415031148164852,-0.5214913796745142
45447.830108873364,0.07839338297209243,-0.04955292338610437,-0.376065926896139
45466.29732956213,0.07307203264146013,-0.04453197040304556,-0.32039313057860586
45484.76455025089,0.06556873703758047,-0.03914406218970623,-0.36250931709532985
45503.23177093965,0.05644207930063726,-0.033402146574354426,-0.49632934075648116
45521.698991628415,0.04708226900406075,-0.027341656898592727,-0.7025259054931186
45540.16621231718,0.036659927616783106,-0.021060974093801962,-0.951320399743452
45558.63343300594,0.025798944274569184,-0.014732584634049951,-1.2067825345625354
45577.1006536947,0.01507955634314068,-0.008578688179703343,-1.4320184596943264
45595.567874383465,0.004996262154008713,-0.0028337949488940594,-1.5944984334617567
45614.03509507223,0.004262485177666903,0.0022902627751889473,-1.6707546650464404
45632.50231576099,0.012352205166864964,0.006630756394044587,-1.6497707522800726
45650.96953644975,0.018683621853297094,0.01008197760340591,-1.5345730551737788
45669.436757138516,0.023035209490524306,0.012590134021009199,-1.341794034474718
45687.90397782728,0.025672800033448465,0.01414066644659394,-1.0992705243699499
45706.37119851604,0.026423777424838493,0.014739330124072995,-0.8420237748984312
45724.8384192048,0.02584173161327314,0.014399468511545199,-0.6072018768399319
45743.305639893566,0.023527574439625956,0.013135087169294216,-0.42871505368637636
45761.77286058233,0.01955161671956103,0.010962759816203474,-0.3323386200172508
45780.24008127109,0.014023713746768602,0.007909874738187607,-0.33199080493173355
45798.707301959854,0.007091625945760615,0.004026221244234934,-0.42772292776977927
45817.17452264862,0.0010225651013982904,-0.0006073891059104363,-0.6057121126126422
45835.64174333738,0.009842496090282643,-0.005876475749619531,-0.8402575641977875
45854.10896402614,0.0194112851709335,-0.01163739707920477,-1.0974921101918504
45872.576184714904,0.029533971518052617,-0.01773062246156027,-1.3402730233500448
45891.04340540367,0.04003634946141985,-0.02399979947874893,-1.5335458433252815
45909.51062609243,0.050547311147651534,-0.03030826299575516,-1.6494066014855433
45927.97784678119,0.06068476561572709,-0.03655696837464067,-1.6711313676742432
45946.445067469955,0.07179270903130569,-0.04267408628056769,-1.5955911329318342
45964.91228815872,0.08314228186737957,-0.04859875628888547,-1.4337031537603488
45983.37950884748,0.09385488666137856,-0.0542403627271154,-1.2088534885315658
46001.84672953624,0.10437849098453643,-0.059438722206791146,-0.9535186216772211
46020.313950225005,0.11517566453942478,-0.06394111299633524,-0.7045744538658897
46038.78117091377,0.12344399754775594,-0.0674098314229803,-0.49797081301734797
46057.24839160253,0.12780836573301912,-0.06945636258622072,-0.3635410069057616
46075.71561229129,0.12717124004141128,-0.06969369403409649,-0.3206953116230553
46094.182832980056,0.12114730483044053,-0.06780060844629603,-0.3756190412673222
46112.65005366882,0.11022181965126834,-0.06359293565861189,-0.5203794748265064
46131.11727435758,0.09553131058451952,-0.057091708843462874,-0.7340709793684156
46149.58449504634,0.07845736879895507,-0.04856166513086324,-0.9858331927221302
46168.051715735106,0.060290801710095474,-0.03849145064033174,-1.2393066672549102
46186.51893642387,0.042071631470459975,-0.027519504701983014,-1.4578829437163716
46204.98615711263,0.024572275992492155,-0.016336474796787816,-1.6099911834110603
46223.453377801394,0.008352330036072185,-0.0055970487581510995,-1.6736578788934766
46241.92059849016,0.005110363958674638,0.00413572475675321,-1.639680905185766
46260.38781917892,0.015445493010053216,0.01242317947473642,-1.5129592332826267
46278.85503986768,0.023821798107613878,0.018959157159583084,-1.3117860722461556
46297.322260556444,0.03000470866650556,0.023572914268984124,-1.065207453434471
46315.78948124521,0.033815728341203784,0.026218446498530407,-0.8088277603131756
46334.25670193397,0.0351677921237011,0.026951789560702922,-0.579668037036812
46352.72392262273,0.03409055464214112,0.025899316694104,-0.4108196771665708
46371.191143311495,0.030726042821146618,0.023221786903089143,-0.32666560768262837
46389.65836400026,0.025428950840061512,0.01908297766746946,-0.33935907789144926
46408.12558468902,0.01825532025665206,0.013625980603154248,-0.4470685550095834
46426.59280537778,0.00933107869151079,0.006962775862924757,-0.6342421955086405
46445.060026066545,0.0013750396521755215,-0.0008251111374709093,-0.8738537360540733
46463.52724675531,0.015972436914988834,-0.00967651622454872,-1.1313054907719249
46481.99446744407,0.03179188868969661,-0.01953678039976512,-1.369424781008156
46500.46168813283,0.048418621214817305,-0.030334605538594225,-1.55383216696805
46518.928908821596,0.065311924813429,-0.04195385555435815,-1.6579061296320112
46537.39612951036,0.08176489966594111,-0.05419450135328089,-1.6666271557431322
46555.86335019912,0.09690740191184799,-0.06672460060916185,-1.5787460975253342
46574.33057088788,0.10977750909010739,-0.0790261049588503,-1.40696379646785
46592.797791576646,0.11946469933358062,-0.09035497294260846,-1.1760962239541635
46611.26501226541,0.12851186241093593,-0.09976441914001737,-0.919490246261952
46629.73223295417,0.13436085822946645,-0.10623740311218328,-0.6742075038326666
46648.199453642934,0.14027372173004762,-0.10894023669764892,-0.47567170890727195
46666.6666743317,0.14208461298343647,-0.10750662550531191,-0.3525527756284089
46685.13389502046,0.1424413646918645,-0.10218180712149864,-0.32262774100861885
46703.60111570922,0.13876576722005982,-0.09372104208573352,-0.3902159602661054
46722.068336397984,0.1302243090037348,-0.08311911939020418,-0.545556403580495
46740.53555708675,0.11846850348437388,-0.07133357333902203,-0.7662159356170006
46759.00277777551,0.1036861068558643,-0.05912306205371114,-1.0203270007665157
46777.46999846427,0.0860090564096162,-0.047016493387135996,-1.2711886419213283
46795.937219153035,0.06669981552304378,-0.03535570465976884,-1.4825665000672428
46814.4044398418,0.046926438694823366,-0.024359387915771386,-1.6239260819993435
46832.87166053056,0.027659789511031492,-0.014177204916391954,-1.6748432389582961
46851.33888121932,0.009662184402038379,-0.004923579646074691,-1.6279546391071733
46869.806101908085,0.005838871827961822,0.00330329026574189,-1.490021929436254
46888.27332259685,0.018271073635174172,0.010409194497324322,-1.2809557859067635
46906.74054328561,0.028168383429902733,0.01629650319318755,-1.0309407969415427
46925.20776397437,0.0352338796845808,0.02086002511020994,-0.7760764639068146
46943.674984663136,0.039326610345878095,0.023985248232459826,-0.5531639236046436
46962.1422053519,0.04047244525086945,0.025553110466752817,-0.39439135166988154
46980.60942604066,0.03884819280933325,0.025454206422097937,-0.3226855768273606
46999.07664672942,0.03473294193078721,0.023608034016674374,-0.34840118671923065
47017.543867418186,0.028441249933574407,0.019984904471500965,-0.4678252194187616
47036.01108810695,0.020264393370432107,0.014628109820511045,-0.6637133602749202
47054.47830879571,0.010428073376418993,0.007665970400877497,-0.9077802100569005
47072.945529484474,0.0011213726544970454,-0.0006788177336718647,-1.1647840242419087
47091.41275017324,0.016721325270169562,-0.010091965158381478,-1.3976160343802826
47109.879970862,0.03377280766556618,-0.020173989603505613,-1.5726593454445497
47128.34719155076,0.051918585087439885,-0.030458743563506942,-1.6646434426082273
47146.814412239524,0.0706749120037819,-0.04044153420997302,-1.6602931853160023
47165.28163292829,0.0893768379828912,-0.04962353686855691,-1.5602453214192755
47183.74885361705,0.10715134855341066,-0.05756553408101137,-1.3789558465403884
47202.21607430581,0.12295540811196129,-0.0639421828518735,-1.1426117704911112
47220.683294994575,0.13570325542614553,-0.06857634368475256,-0.8853490483949824
47239.15051568334,0.14517156110805604,-0.07144091791481696,-0.6443229641031867
47257.6177363721,0.15157530799533306,-0.07262561351945324,-0.4543428328663406
47276.08495706086,0.15322669258304059,-0.07227984266044954,-0.34284563914084404
47294.552177749625,0.15021923944369966,-0.0705590948988519,-0.32593417297494465
47313.01939843839,0.14547099368665065,-0.06758708084449519,-0.4060515742753899
47331.48661912715,0.1367001277555651,-0.06344704156894844,-0.5716281683533748
47349.95383981591,0.12443265527599856,-0.058199956038743075,-0.7987518599660252
47368.421060504676,0.10985678892476114,-0.051920523173503,-1.0546210451630067
47386.88828119344,0.09398192951052592,-0.0447349327284388,-1.3022813851249877
47405.3555018822,0.07665744667935759,-0.03684463727673949,-1.5059623697106952
47423.82272257096,0.0587858658881011,-0.028524271174479955,-1.6362431044404295
47442.289943259726,0.04112207764106725,-0.0200975385881762,-1.6743014097029558
47460.75716394849,0.02426278947575032,-0.011901961937413521,-1.6146325512778652
47479.22438463725,0.00867238998122683,-0.004253560345356247,-1.4658448348762847
47497.691605326014,0.004314414341482259,0.00257974145406641,-1.2494170140059369
47516.15882601478,0.014201101242441193,0.008392336214085803,-0.996596877866734
47534.62604670354,0.0224489022852355,0.013044857837182967,-0.7438888943539911
47553.0932673923,0.028879613531611135,0.016456444889613748,-0.5277825833740326
47571.560488081064,0.03328857528082044,0.01859424909296241,-0.37948295828739126
47590.02770876983,0.03547418127927623,0.01945678718329575,-0.3204040695044068
47608.49492945859,0.03528012667433412,0.019062502145340957,-0.3590764684968987
47626.96215014735,0.03262904860535709,0.017441047118408555,-0.48991522026253165
47645.429370836115,0.02754141059602192,0.014630284605491203,-0.6940263866786662
47663.89659152488,0.020141319038175773,0.010680604276401481,-0.9419355200844605
47682.36381221364,0.010646853093616359,0.005659516577042412,-1.1978441259912938
47700.8310329024,0.0007130469429891413,-0.00033914679251801944,-1.424799388367382
47719.298253591165,0.014990728793972227,-0.0071913857507626845,-1.5900305608833336
47737.76547427993,0.030434921727863943,-0.01474068477555116,-1.6696813496546652
47756.23269496869,0.046550213331655356,-0.022801711217823966,-1.6522548567993574
47774.69991565745,0.06275230920233463,-0.031167093048558855,-1.5402735952775548
47793.167136346216,0.07836959152107235,-0.03961552696556109,-1.3499148798221998
47811.63435703498,0.09266859784086266,-0.0479173290062513,-1.1086743139568846
47830.10157772374,0.10491270447100558,-0.05583689636349211,-0.851394891472932
47848.5687984125,0.11455355651137675,-0.06313236316307337,-0.6152352412107782
47867.036019101266,0.12282265426168315,-0.06955453706088571,-0.43430368723319834
47885.50323979003,0.12746243723194506,-0.07485119357947614,-0.33473289521371014
47903.97046047879,0.1282257188620978,-0.07877433842488404,-0.3309061284899572
47922.437681167554,0.1252244003806137,-0.08108694476511064,-0.4233797876093383
47940.90490185632,0.11887125316213731,-0.08156447147321355,-0.5988021638309923
47959.37212254508,0.1097642945120954,-0.08000225872933267,-0.8318405337287861
47977.83934323384,0.0985763643204253,-0.07624513934710941,-1.088839106660957
47996.306563922604,0.08595844653222032,-0.0702507921578609,-1.332680142594236
48014.77378461137,0.0745742249871489,-0.062155396973829574,-1.5281457498332713
48033.24100530013,0.06245511620979054,-0.05229604133084702,-1.647004821301894
48051.70822598889,0.048604097352901124,-0.04118168938947335,-1.6720897488532958
48070.175446677655,0.03427213112498906,-0.029424974115502406,-1.599774559690271
48088.64266736642,0.020610577680308974,-0.01766420556839232,-1.4404975434227156
48107.10988805518,0.0075976182828491855,-0.006494922988497045,-1.2172535670211346
48125.57710874394,0.004021379991684349,0.003574341169503697,-0.9622738699019177
48144.044329432705,0.013737693714812224,0.012150063077408487,-0.7123724608301907
48162.51155012147,0.02157715601733969,0.01896108213253343,-0.5036307279814797
48180.97877081023,0.027520479873226766,0.023858906258800505,-0.36618758237498356
48199.44599149899,0.03132241772250654,0.026795921176069087,-0.31988738874470457
48217.913212187756,0.032880948538798534,0.027810308458750873,-0.37141420158499994
48236.38043287652,0.03218378875803514,0.026994560667458516,-0.5133262533182691
48254.84765356528,0.029313622116688823,0.024470725469210867,-0.7251302729715978
48273.31487425404,0.02444586769586237,0.02036771153309792,-0.9762406125743825
48291.782094942806,0.017821251995105106,0.014807825462117986,-1.2303959481361506
48310.24931563157,0.009488325688462956,0.007900931068414918,-1.4508957692465105
48328.71653632033,0.0003075288760827345,-0.0002558598861830358,-1.6059004401665065
48347.183757009094,0.011382461955966582,-0.00956836996456435,-1.673029410361871
48365.65097769786,0.023440079880069863,-0.019937161720428257,-1.6425934812778575
48384.11819838662,0.03635282137486468,-0.0312422441551623,-1.5189942945832076
48402.58541907538,0.0496994534929548,-0.04332634185021806,-1.3200888608226637
48421.052639764144,0.06281780518653457,-0.05597411112455642,-1.0746107963773717
48439.51986045291,0.07576782786775726,-0.06888704428507458,-0.8180205401140871
48457.98708114167,0.08844789949622917,-0.08165945227681552,-0.5873837136739677
48476.45430183043,0.09858516564506908,-0.09375779467146998,-0.416017216839131
48494.921522519195,0.10614939384177222,-0.104519812092437,-0.3286763797325605
48513.38874320796,0.11265100969193603,-0.11318037145367889,-0.33797862097735903
48531.85596389672,0.11424513781109139,-0.11894535213022693,-0.4425808295764691
48550.32318458548,0.11466192143813196,-0.12112396220458709,-0.627374451946085
48568.790405274245,0.11109129086454315,-0.11930497964370117,-0.8656698034623235
48587.25762596301,0.1031780997241682,-0.11350371291939108,-1.1230525176594026
48605.72484665177,0.09496946228301813,-0.1041877104905987,-1.362353904650182
48624.19206734053,0.0833846880694316,-0.0921524930500708,-1.5490174479628729
48642.659288029296,0.06978787519239492,-0.07832531542542594,-1.6560870462642525
48661.12650871806,0.05769331915067513,-0.06358116890604866,-1.6680976126890015
48679.59372940682,0.04482141991281023,-0.04864562106899238,-1.583307392130409
48698.06095009558,0.031761308302003376,-0.034074750147621714,-1.4139501429176937
48716.528170784346,0.01906956089111763,-0.020282559490711977,-1.1844702354747376
48734.99539147311,0.007183806799050785,-0.007582360184578979,-0.9279945641833353
48753.46261216187,0.004178954299493075,0.003776300160236694,-0.6815500578241541
48771.929832850634,0.015014706828696966,0.013583337770990156,-0.48071722298407776
48790.3970535394,0.02381861078852102,0.021651874480359986,-0.35449197770494195
48808.86427422816,0.030340045325753826,0.027814258871788764,-0.3210980801784322
48827.33149491692,0.03441037658721478,0.03192558486648308,-0.3853551258163584
48845.798715605684,0.03618533087497979,0.0338721279806984,-0.5379823164879927
48864.26593629445,0.035929799198602015,0.0335797781360743,-0.7569385321182598
48882.73315698321,0.033227403062811287,0.03102697894748363,-1.010605154450599
48901.20037767197,0.028120425243163175,0.026251201544227172,-1.2623519721764802
48919.667598360735,0.020729704255340056,0.019355019687208583,-1.475826835208573
48938.1348190495,0.011246845962852078,0.010505249202891889,-1.6202052312518616
48956.60203973826,0.000059765912067605314,-0.00006648869422306997,-1.6746417246821412
48975.06926042702,0.011082078305733802,-0.012059369450232654,-1.6312804138755872
48993.536481115785,0.02310223110735304,-0.025094999191467134,-1.4963895460828762
49012.00370180455,0.035775540340899616,-0.03870949842857465,-1.2894562702116796
49030.47092249331,0.04865659166994921,-0.052348748513084846,-1.040372100797998
49048.93814318207,0.061189031638585474,-0.06538013366861448,-0.7851154805352669
49067.405363870836,0.07273478297343743,-0.07712885704027246,-0.5605550605490901
49085.8725845596,0.0829651824679669,-0.08693904558780645,-0.39912453569150624
49104.33980524836,0.09116096982618598,-0.09424948448064187,-0.3241385890932212
49122.80702593712,0.09658843951539668,-0.09865493013169745,-0.3464267671657902
49141.274246625886,0.10247586181274095,-0.09993726134394394,-0.4627711733279976
49159.74146731465,0.11339135234280952,-0.09807523002298983,-0.6563726439202487
49178.20868800341,0.11982711865711614,-0.09326518546487432,-0.8992769791545315
49196.675908692174,0.12052304655058975,-0.0859517279166253,-1.1564105400589864
49215.14312938094,0.11534216157529827,-0.07680937148297663,-1.3906431962158583
49233.6103500697,0.10526060621647719,-0.06661851804656195,-1.5681486825989936
49252.07757075846,0.09186978508159159,-0.05609747949146614,-1.66328898752161
49270.544791447224,0.07678521520939514,-0.045779468118267067,-1.6623174210979619
49289.01201213599,0.06176369180828768,-0.03598996661800381,-1.565365089654291
49307.47923282475,0.04801499400196178,-0.026891109090190775,-1.386423321503895
49325.94645351351,0.03417398830794619,-0.018545816826032402,-1.1513241639238112
49344.413674202275,0.020657599481484788,-0.010969790484408062,-0.8940104876912174
49362.88089489104,0.00794475078267885,-0.0041641631762999055,-0.6516344363982285
49381.3481155798,0.0030891983575683847,0.0018666820121785107,-0.45919221723543074
49399.81533626856,0.011696213431935353,0.007104062853475609,-0.3444701496350271
49418.282556957325,0.018752296635112083,0.011509654060560448,-0.32403188391223886
49436.74977764609,0.024092681018300373,0.015019733658919726,-0.4008263070386898
49455.21699833485,0.02758212080983822,0.01754446931787388,-0.5637615910174483
49473.68421902361,0.029135417892093986,0.01897278843680967,-0.7893068989018529
49492.151439712376,0.028724138718582377,0.019185635252995707,-1.044890446498514
49510.61866040114,0.026429363483187196,0.01807631814138988,-1.2936032070054702
49529.0858810899,0.02240432454193559,0.015576063364172343,-1.4995289863848467
49547.55310177866,0.01657050794142869,0.011680521009038398,-1.6329311345031692
49566.020322467426,0.009084078000343786,0.006469261982362145,-1.6745468494021822
49584.48754315619,0.00016650265868536852,0.00011923882150518134,-1.6183688969265535
49602.95476384495,0.011499355087932112,-0.007091177298675636,-1.472513017682149
49621.421984533714,0.024024387944098505,-0.014795303523463246,-1.2580457585322
49639.88920522248,0.036889874517798564,-0.02256070490010031,-1.0059420341281873
49658.35642591124,0.04951155575380086,-0.029922705602503565,-0.7526118413595626
49676.8236466,0.061324397633980086,-0.036445033377284046,-0.534642194201823
49695.290867288764,0.07293101391562144,-0.04177029787719564,-0.38351364213269395
49713.75808797753,0.08298140928067806,-0.04567828789137666,-0.32105433198463745
49732.22530866629,0.09138821115744288,-0.048110406409438235,-0.35628795644088224
49750.69252935505,0.09935014580591146,-0.049157650872843815,-0.4841305986861042
49769.159750043815,0.10455662947005089,-0.04901020346549952,-0.6861245599699058
49787.62697073258,0.10691501593599649,-0.047887011217841176,-0.9331032832976971
49806.09419142134,0.10784958480027239,-0.045972328869676345,-1.189402790210201
49824.5614121101,0.10526071038067931,-0.043382378405380805,-1.4180117156151304
49843.028632798865,0.099321564918587,-0.04017127649148106,-1.5859162649608196
49861.49585348763,0.09052899948970215,-0.036367911403003626,-1.6688680040319233
49879.96307417639,0.08442379587213038,-0.032023954168272785,-1.654885770180914
49898.43029486515,0.07441678775412332,-0.027242653000979285,-1.5459860135412837
49916.897515553916,0.06309019683173836,-0.022182717551990763,-1.357891657543468
49935.36473624268,0.05010545888666121,-0.017033081908330444,-1.1177614944122152
49953.83195693144,0.03595570485951283,-0.011981549943375493,-0.860268166091087
49972.2991776202,0.021862557012460482,-0.007191511624839091,-0.6225912332927215
49990.766398308966,0.008575075461172565,-0.0027926355723267285,-0.43904835206980586
50009.23361899773,0.0022420265445301244,0.0011174016057690253,-0.3361397958188918
50027.70083968649,0.009053162254133386,0.004465951485045419,-0.32872188766791366
50046.168060375254,0.014751162268880529,0.007198583256998465,-0.4178618909887466
50064.63528106402,0.01919703436571512,0.009273225117078654,-0.590684089234965
50083.10250175278,0.02225145721691492,0.010657421686363437,-0.8222292481767126
50101.56972244154,0.023792107345454505,0.0113274358002092,-1.07905891930152
50120.036943130304,0.023732382103711543,0.011267012978547509,-1.3240840990258675
50138.50416381907,0.02203786390604308,0.010468153748406902,-1.521920992179911
50156.97138450783,0.018734122954272493,0.008932506351599772,-1.6440005369739743
50175.43860519659,0.013908765559261689,0.006675464016849186,-1.6726939182479623
50193.905825885355,0.007708096979215741,0.003731077780262981,-1.6038583541114337
50212.37304657412,0.00032456156195400916,0.0001587100387231285,-1.4474355034906794
50230.84026726288,0.010233427251682787,-0.003952040280498083,-1.2260160071346762
50249.30748795164,0.021637464282886182,-0.008479013778345278,-0.9715773622751833
50267.774708640405,0.03347564553687502,-0.013269351880582399,-0.7208661385867117
50286.24192932917,0.04579708935105676,-0.018143601538718763,-0.5100913507435774
50304.70915001793,0.058382484093081256,-0.02290137688177776,-0.36969532323862303
50323.17637070669,0.07008379125956309,-0.027326408125374613,-0.3199572472227437
50341.643591395456,0.07971648877608718,-0.03119375660434857,-0.36806440576657556
50360.11081208422,0.08609188049358364,-0.034282139733977986,-0.5070740502381474
50378.57803277298,0.08846791380942086,-0.03639524565740739,-0.7169157593381602
50397.04525346174,0.09074399124440541,-0.03739286888464246,-0.967289473498531
50415.512474150506,0.09641708096095107,-0.037226410408405956,-1.2220408119311665
50433.97969483927,0.10300654317225208,-0.035952876706764135,-1.4443820362836548
50452.44691552803,0.1050656560994696,-0.03372444908956601,-1.6022047512745217
50470.914136216794,0.10490760380991641,-0.030751442840344555,-1.6727170180213158
50489.38135690556,0.10004713800960564,-0.027255223066922185,-1.6457350493443146
50507.84857759432,0.0919296432555234,-0.02344029186738531,-1.5251539640235823
50526.31579828308,0.08120936283403281,-0.01948281096561194,-1.3283851170272567
50544.783018971844,0.06744888229188735,-0.015534323967745348,-1.0838413563912934
50563.25023966061,0.05265051518546843,-0.011719876417770687,-0.8268336289123228
50581.71746034937,0.03792667065627514,-0.008135870286128239,-0.5944717601557775
50600.18468103813,0.023206263634573454,-0.004850177251251583,-0.4203058239406611
50618.651901726895,0.009275238271872578,-0.0019047989858326452,-0.32948176328474715
50637.11912241566,0.0027836211863545256,0.0006761472977635737,-0.335110597483599
50655.58634310442,0.01193319109791203,0.0028789471881662493,-0.43637538830426265
50674.05356379318,0.01946498051284282,0.0046921178201254745,-0.6186493276056084
50692.520784481945,0.02515711345421903,0.0061009340246646,-0.85560796327321
50710.98800517071,0.028841769555692894,0.007084895385997796,-1.1130306282083864
50729.45522585947,0.03042558263667947,0.00761763884879908,-1.3537421611235438
50747.92244654823,0.02990328983537296,0.0076693258552926755,-1.5429812844965316
50766.389667236996,0.02735845046331169,0.007212271284414947,-1.6534203775092318
50784.85688792576,0.02294700551286637,0.006226791323607561,-1.6691117271562614
50803.32410861452,0.016869464274124894,0.0047089953320226625,-1.5877904196398256
50821.79132930328,0.009347119933328391,0.0026769734731124624,-1.4212013709351505
50840.258549992046,0.0006002623219182172,0.00017604878981091886,-1.1934033023404338
50858.72577068081,0.01126951978189112,-0.002717228346600141,-0.9372945745176657
50877.19299136957,0.024389070123847025,-0.005895771402521508,-0.6898624999828563
50895.660212058334,0.038277221480000484,-0.009223700623624327,-0.4868420870491511
50914.1274327471,0.05242376267751027,-0.01254401712515604,-0.3575554668301336
50932.59465343586,0.06610454225611535,-0.01568922894652197,-0.320677217834357
50951.06187412462,0.08009029240076895,-0.018495740797979665,-0.3815371726673075
50969.529094813384,0.0924970725613182,-0.020820187025436407,-0.531350357610076
50987.99631550215,0.10226993720108793,-0.022556227261783766,-0.748485467971676
51006.46353619091,0.11050154934291345,-0.02364873168622405,-1.0015888218657802
51024.93075687967,0.11547814689568506,-0.02410237212302943,-1.2541125209411852
51043.397977568435,0.11748467482650858,-0.023981416830173373,-1.4695925376369865
51061.8651982572,0.11727157932174521,-0.02339328315495398,-1.6169142299591535
51080.33241894596,0.11380074896897575,-0.022453625154014112,-1.6748049496202462
51098.79963963472,0.10896050975414294,-0.021244223020136996,-1.6349053116860703
51117.266860323485,0.10073646291683881,-0.019781891280072246,-1.5029759592604188
51135.73408101225,0.09137112106995315,-0.018025411776479136,-1.298065772622772
51154.20130170101,0.07976882664215473,-0.015917978858618162,-1.0497616047629081
51172.66852238977,0.06626396551848014,-0.013443981161211562,-0.7939164448229313
51191.135743078536,0.05222659743394545,-0.010659987538461337,-0.5674724943785233
51209.6029637673,0.037873085868913706,-0.007693823916990788,-0.40312652180827147
51228.07018445606,0.02340830926929801,-0.00471597863656094,-0.32460796298364786
51246.53740514482,0.009567400946734965,-0.0019027657699256942,-0.3432519530286008
51265.004625833586,0.0025543102872428907,0.0005950905745821901,-0.4563623981332586
51283.47184652235,0.011700129895498542,0.0026712744909448754,-0.6476014959712127
51301.93906721111,0.019148760528724027,0.004270923567993416,-0.8893493336054556
51320.406287899874,0.024705380180634343,0.005383920517317578,-1.1466926787597718
51338.87350858864,0.02826051596127323,0.006033076649115447,-1.3824668667093283
51357.3407292774,0.029779010702660456,0.006257366107160807,-1.5626226896031967
51375.80794996616,0.029289959418939037,0.006096745462383205,-1.661143298856847
51394.275170654924,0.02687556122229828,0.005582414585972081,-1.6638011526357932
51412.74239134369,0.022658384876341208,0.004730983666085079,-1.5702125163661027
51431.20961203245,0.016791976248983244,0.003548946493761072,-1.3938928586586121
51449.67683272121,0.009447513886617437,0.002032835467701618,-1.1603051398957878
51468.144053409975,0.0008141084478134183,0.00018024205074804596,-0.9031828118167993
51486.61127409874,0.010859737939449195,-0.002008893179074155,-0.6596584977260664
51505.0784947875,0.023863790437728676,-0.004528142445879555,-0.46490178500491575
51523.54571547626,0.03767615853792901,-0.007365083317927183,-0.3470404722043986
51542.012936165025,0.05201886785799978,-0.010505439617556773,-0.32309868267683783
51560.48015685379,0.06665343525597796,-0.013932740961578967,-0.3965384167719687
51578.94737754255,0.08099362932168902,-0.01762388625901533,-0.5567595328206475
51597.41459823131,0.09414808876045788,-0.02153491086792192,-0.780630310973077
51615.881818920076,0.10514530519150606,-0.0255767182911426,-1.0358275098762204
51634.34903960884,0.1132719250300488,-0.029591352555119077,-1.2855035784695386
51652.8162602976,0.1177326099030696,-0.03333213892546143,-1.4936071438827918
51671.28348098636,0.11828474208478874,-0.036484933272371595,-1.6300887023335355
51689.750701675126,0.11543436822610369,-0.038704952546114904,-1.6752399739096275
51708.21792236389,0.10850405779743717,-0.03969028136822196,-1.6225403206237325
51726.68514305265,0.0991461748956468,-0.03924868348625768,-1.4795989420904447
51745.152363741414,0.0884159822585458,-0.037344280557535636,-1.2670564689747685
51763.61958443018,0.08573297992260728,-0.03410199237395776,-1.0156044135195508
51782.08680511894,0.07870370481723885,-0.029777396864258822,-0.761552933648009
51800.5540258077,0.06792433364394192,-0.024702943703813554,-0.5415870772819471
51819.021246496464,0.0545310788668987,-0.019230408113416697,-0.3874688658850725
51837.48846718523,0.039760410053184675,-0.013686399700366891,-0.3214504012526969
51855.95568787399,0.024716951112151525,-0.008344679615052496,-0.3530604945691478
51874.42290856275,0.01028038715096219,-0.003416822157797517,-0.4777289041573385
51892.890129251515,0.0029519898785012413,0.0009440175026427048,-0.6774467933234166
51911.35734994028,0.014611806647033676,0.004634960186329106,-0.9233678949875573
51929.82457062904,0.02411966280689687,0.007592269251223044,-1.1799746080378661
51948.2917913178,0.031243411909848244,0.009780732218958818,-1.4102073070481056
51966.759012006565,0.035834512083970364,0.011187587896934291,-1.5808161166128005
51985.22623269533,0.03783328973767721,0.011816821617463913,-1.6671623501997275
52003.69345338409,0.037265795707983475,0.011682397307677886,-1.6567763132842674
52022.16067407285,0.03423851502243263,0.010806929684063103,-1.5511578014077376
52040.627894761616,0.02891841324801045,0.00921619974381683,-1.3655593523704386
52059.09511545038,0.02151024477415009,0.00693877651294926,-1.1267835988454284
52077.56233613914,0.012234593269953017,0.004002977354659038,-0.8693128031309557
52096.0295568279,0.001310258617225034,0.00043689336391370054,-0.6303294740692812
52114.496777516666,0.009882260107777957,-0.0037234412631787592,-0.4443470930400843
52132.96399820543,0.02205164332035562,-0.008427730658535672,-0.33822625541453544
52151.43121889419,0.035242551220367076,-0.013596971350773106,-0.32729588496985074
52169.898439582954,0.04927709294660961,-0.019113031071804846,-0.4131396048985509
52188.36566027172,0.06379766686333148,-0.024806702187550777,-0.5833668972790047
52206.83288096048,0.07818603793219034,-0.030452240459545973,-0.8134020831024918
52225.30010164924,0.09198679335278065,-0.035778000659741585,-1.0700328060579594
52243.767322338004,0.10603801136076799,-0.040486099975172024,-1.3162056500269843
52262.23454302677,0.11778083376462178,-0.044289670546416526,-1.516376468660323
52280.70176371553,0.1281523791458164,-0.046948988030650826,-1.6416429058311843
52299.16898440429,0.13517076785263452,-0.04830608018460472,-1.6739179623680516
52317.636205093055,0.13732952193399436,-0.04829866561193348,-1.6085418465224182
52336.10342578182,0.135294444483314,-0.046954174392086725,-1.4549548385913011
52354.57064647058,0.1309492771430377,-0.044371158844780656,-1.235334115019885
52373.03786715934,0.12182676393405181,-0.040701652282599934,-0.9813917199750664
52391.505087848105,0.10888031245831864,-0.03614082694143049,-0.7297960942544081
52409.97230853687,0.0952072303043717,-0.030921466930390197,-0.5168775581057019
52428.43952922563,0.07915818065619226,-0.025297122157873914,-0.3733815381058853
52446.90674991439,0.061870785951655,-0.019523664763100038,-0.3200275295455653
52465.373970603156,0.04435124512696237,-0.013838272497882848,-0.3645161189097842
52483.84119129192,0.027375853583145038,-0.008445416036110395,-0.5004168805426269
52502.30841198068,0.011513833136866849,-0.003509885149980187,-0.7080976322852313
52520.77563266944,0.002423055552888695,0.0008444334585776332,-0.9575604158378558
52539.242853358206,0.013101536773234595,0.004530816284844359,-1.2127742748454597
52557.71007404697,0.021859845929701485,0.007495150220939392,-1.4368789538774924
52576.17729473573,0.028533057326631778,0.009708725728620993,-1.5975080585152337
52594.644515424494,0.03299814082474582,0.011160027776048279,-1.6714630350343542
52613.11173611326,0.03517514961990753,0.011849957431991897,-1.6480630829020668
52631.57895680202,0.03502522335231663,0.011783201384107588,-1.5306872845383384
52650.04617749078,0.032558067767501225,0.010968714064758288,-1.336286327209085
52668.513398179544,0.02783409477214239,0.009416715429211074,-1.0929344104932779
52686.98061886831,0.020969221453980016,0.007143634392656428,-0.8357749655211462
52705.44783955707,0.012132289488987296,0.004172292390394249,-0.6019457091172113
52723.91506024583,0.0015471037803748452,0.0005395964520926308,-0.4252158781260936
52742.382280934595,0.01199289843476189,-0.003699208223441172,-0.33110998955894566
52760.84950162336,0.02701320742710991,-0.00846557277361219,-0.33322217608691657
52779.31672231212,0.04288757334736047,-0.013650520116498636,-0.43125323103151114
52797.78394300088,0.05910275676970489,-0.019115779300615275,-0.6110537434174226
52816.251163689645,0.07500156189592963,-0.02469242703222027,-0.8466670385521148
52834.71838437841,0.08977622701772803,-0.030185251709312508,-1.104076881847518
52853.18560506717,0.10252930155861431,-0.03537970031521836,-1.3461187913866903
52871.65282575593,0.11383126375866642,-0.04005221522253407,-1.537845919518004
52890.120046444696,0.123241658653542,-0.043985570624517405,-1.6515750348324496
52908.58726713346,0.12867019884092154,-0.04698051748715482,-1.670884417783879
52927.05448782222,0.1297104402890379,-0.0488715881520952,-1.592986433056433
52945.52170851098,0.12688682991946582,-0.049541061745779456,-1.4291313590622272
52963.988929199746,0.11962628563946487,-0.04892894125748674,-1.202982945835705
52982.45614988851,0.10902986314913254,-0.047040754040002804,-0.947199975866852
53000.92337057727,0.09696858498594182,-0.043943717283820745,-0.6987185529755984
53019.390591266034,0.08412015252069069,-0.03976172767443339,-0.4934177346237652
53037.8578119548,0.07353396063637288,-0.034670022358715705,-0.3609391183945302
53056.32503264356,0.061332744475876416,-0.028890764046794137,-0.3204075485873123
53074.79225333232,0.04820824052811018,-0.022684692138795003,-0.37766996459278007
53093.259474021084,0.034977639703135346,-0.01633389135813345,-0.5244510097766801
53111.72669470985,0.02181726123699549,-0.010122297324601293,-0.73954786321433
53130.19391539861,0.00933991706510668,-0.004307713861091587,-0.9918921372510092
53148.66113608737,0.002153842901610835,0.0008957733380892313,-1.2450367239139966
53167.128356776135,0.012892389720966992,0.005325610494936198,-1.4624194868766232
53185.5955774649,0.02168141165270655,0.008875665936616997,-1.6126435246145554
53204.06279815366,0.028298715003256796,0.01149113782645779,-1.6740114068236425
53222.53001884242,0.03259893495281603,0.013157696791526487,-1.6376585527258625
53240.997239531185,0.034525478889413194,0.013891700247418433,-1.508833261605584
53259.46446021995,0.034107170769975374,0.013723935449953494,-1.306138581568632
53277.93168090871,0.031445072840312685,0.01269349706362722,-1.058845616092711
53296.39890159747,0.026689374191397136,0.010838927834407323,-0.8026663612884144
53314.866122286236,0.02001736671296752,0.0081988158267304,-0.574596578221334
53333.333342975,0.011620280137128007,0.004810341436742482,-0.4075734193267932
53351.80056366376,0.0016970055424949003,0.0007132227540245565,-0.32571920330983484
53370.26778435252,0.008950311326326827,-0.004046137268540085,-0.3408581216860026
53388.735005041286,0.02051816027784976,-0.009405767002493655,-0.45080882570507214
53407.20222573005,0.03291135202026266,-0.015285495954235626,-0.6396994504124764
53425.66944641881,0.04577010921665528,-0.021582821771523878,-0.8802595873100078
53444.136667107574,0.058695342794645625,-0.028169703017952376,-1.1377582352372506
53462.60388779634,0.07136967012985716,-0.034892169122504355,-1.3750190478858204
53481.0711084851,0.08382630339643161,-0.04157175805857519,-1.5577886010722741
53499.53832917386,0.09497718490289965,-0.048001925759555975,-1.6596823736942876
53518.005549862624,0.10412197523518403,-0.053943736984700716,-1.6659942185743206
53536.47277055139,0.11057731024421623,-0.05912412330560017,-1.5758193531603117
53554.93999124015,0.11377108200025886,-0.06322693788955462,-1.4021846207887982
53573.40721192891,0.11978583415393558,-0.06590171509210378,-1.1701673743346257
53591.874432617675,0.12958490969025593,-0.0667990470837773,-0.9132743880554123
53610.34165330644,0.1354918087442156,-0.06564233474258027,-0.6686031906863531
53628.8088739952,0.1350055349738437,-0.06232176116460382,-0.4714844643516219
53647.27609468396,0.12787964337313126,-0.05695692379903071,-0.3503798280443016
53665.743315372725,0.1151242057572264,-0.04988980401942858,-0.3227724225663667
53684.21053606149,0.09765517136945612,-0.041606786181135516,-0.39264338546445204
53702.67775675025,0.07777364078935453,-0.03264229103832186,-0.5498975139032022
53721.14497743901,0.05636762141116128,-0.02349900481331975,-0.7718205584951079
53739.612198127776,0.03517409413778491,-0.014607239205500926,-1.0263584400657761
53758.07941881654,0.015272556846313332,-0.006313566402102592,-1.27674582344665
53776.5466395053,0.0022567164939055907,0.0011157802095535872,-1.4868158646736254
53795.01386019406,0.01515054924151559,0.007486596839071995,-1.6262239357736106
53813.481080882826,0.02554968876583624,0.012660387376746216,-1.6748304778499303
53831.94830157159,0.03314105853518196,0.01654998293106563,-1.625609817035367
53850.41552226035,0.038060106234258165,0.019107301162062117,-1.4856648924050044
53868.882742949114,0.04022157658665382,0.020317582295431635,-1.2752014749829899
53887.34996363788,0.03970431420572941,0.020191683046938348,-1.0246101299674706
53905.81718432664,0.036638864592986084,0.018761829798791537,-0.7700773959018021
53924.2844050154,0.031202470259294707,0.01607881393249031,-0.5483600302610587
53942.751625704164,0.023564805442962813,0.012207101048592153,-0.391476988537701
53961.21884639293,0.0138401697372117,0.007219304716414141,-0.32208564414357954
53979.68606708169,0.0022762238558023283,0.0011995067366925025,-0.3502099476188694
53998.15328777045,0.013616841333144744,-0.005755330036768746,-0.4717929824815275
54016.620508459215,0.031690144963312045,-0.013522756846324705,-0.66928292671077
54035.08772914798,0.050985668735254314,-0.021943929307889225,-0.9141677840434961
54053.55494983674,0.07164401804998002,-0.030806576803884902,-1.1710927901498607
54072.0221705255,0.09247634925590661,-0.039834261802836744,-1.4029657907217816
54090.489391214265,0.11187970810828393,-0.04868302630354684,-1.5763131542490352
54108.95661190303,0.12845916927600237,-0.0569560487531812,-1.6661126093413154
54127.42383259179,0.14400393135796907,-0.06423878487355669,-1.6594051391715792
54145.89105328055,0.15420389123743974,-0.07014987809500477,-1.5571648235693332
54164.358273969316,0.1611406062201741,-0.07439290262507299,-1.374157541836133
54182.82549465808,0.15865605280173015,-0.07678994357162462,-1.1368098171687804
54201.29271534684,0.1523590725178901,-0.07728559499875719,-0.8793953876768356
54219.7599360356,0.13848024632275097,-0.07591845323130832,-0.639088288785414
54238.227156724366,0.12334210070752527,-0.07278162103736176,-0.45059451622724334
54256.69437741313,0.10576484046324522,-0.06799133921265271,-0.34113743631672777
54275.16159810189,0.08906698870662148,-0.06168565965123275,-0.3265234833596501
54293.628818790654,0.07290142964330067,-0.05404908666429428,-0.4088583806532098
54312.09603947942,0.057116208110666894,-0.04534199835207922,-0.5762438174008305
54330.56326016818,0.043098959804199116,-0.035904439930228446,-0.8044973343278405
54349.03048085694,0.03084127853718007,-0.026138293703681585,-1.0606460741531891
54367.497701545704,0.01937584016634089,-0.016460694840180416,-1.3076894449578185
54385.96492223447,0.008559241519098868,-0.007273850006388761,-1.5099429169131533
54404.43214292323,0.0018898361954463566,0.0010732283649584912,-1.6381914073091177
54422.89936361199,0.014717916843166111,0.00829482199991452,-1.673908214368084
54441.366584300755,0.025476187910885077,0.014178920604484942,-1.6119303515165169
54459.83380498952,0.03389587069389764,0.018587853818546572,-1.461203989900954
54478.30102567828,0.03973610306032418,0.021452471071042457,-1.2434923815331473
54496.76824636704,0.042801723726311976,0.022763802398455886,-0.9902328663092652
54515.235467055805,0.042982514626005434,0.022556804681480046,-0.7379968760257569
54533.70268774457,0.04050930067066188,0.020897605040804332,-0.5232085941470536
54552.16990843333,0.03508435740978821,0.01786731718644724,-0.3768849848790482
54570.63712912209,0.026829126270289168,0.013556648105937725,-0.3201567767161046
54589.104349810856,0.015986849984692603,0.008059017439128839,-0.3612171632184848
54607.57157049962,0.002915758391699044,0.0014761257588295751,-0.4941387779117133
54626.03879118838,0.008543078983654112,-0.006077611499239028,-0.6997297015288514
54644.50601187714,0.019908770262984904,-0.01446790542438762,-0.9483048392029466
54662.973232565906,0.03131426998369933,-0.02353384783709496,-1.2039724594455896
54681.44045325467,0.04197041799199084,-0.03308257288738145,-1.4298169451298093
54699.90767394343,0.05171658871732223,-0.04288328177337064,-1.593229431613563
54718.374894632194,0.06263349741880875,-0.05266108640275287,-1.6706166569242025
54736.84211532096,0.07278094703914756,-0.06209152038679448,-1.6508080842455009
54755.30933600972,0.08181065145816996,-0.07080999910852694,-1.5366692293859567
54773.77655669848,0.08990000751143797,-0.07844613918380709,-1.3446880547443159
54792.243777387244,0.0965746352175942,-0.08470378338520325,-1.1025939601969907
54810.71099807601,0.10116894077982096,-0.0894471217596222,-0.8453530149942009
54829.17821876477,0.10359082561215312,-0.09269965733126424,-0.6101176182988105
54847.64543945353,0.10326160279189649,-0.0944492354273035,-0.4308600203742465
54866.112660142295,0.09936538816640249,-0.094318585988573,-0.3334654120304289
54884.57988083106,0.09214632865434753,-0.09148453993780147,-0.33199429562704474
54903.04710151982,0.08228316481906796,-0.08517757196904975,-0.42665410019797095
54921.51432220858,0.0706283163564393,-0.07538106522880016,-0.6037714152652262
54939.981542897345,0.0579909159978608,-0.06297952136895901,-0.8377670365018772
54958.44876358611,0.045043342156212834,-0.049262371381527184,-1.0948485834175938
54976.91598427487,0.03234336475854794,-0.035370741974415254,-1.3378888082218554
54995.38320496363,0.020225013143127753,-0.022074162626287336,-1.531786257640463
55013.850425652396,0.00900445673712972,-0.00981372095519413,-1.6485343866525897
55032.31764634116,0.0018226384148401181,0.0011649370705222493,-1.6712667512115995
55050.78486702992,0.016758602579377647,0.010700804542144973,-1.5966936376384802
55069.25208771868,0.029264889086930944,0.01864525926194354,-1.43557790478949
55087.719308407446,0.03910047675094166,0.02483953867663794,-1.2111811640924157
55106.18652909621,0.046002062116797256,0.029114206045729528,-0.9559046871304365
55124.65374978497,0.04971944246928845,0.03132330782995721,-0.7066102282340319
55143.120970473734,0.05006752921669395,0.0313829427713887,-0.49929662248489426
55161.5881911625,0.04712964698309613,0.029299408253009633,-0.3639010287435462
55180.05541185126,0.0408020582892603,0.025169217732438125,-0.3199756299629422
55198.52263254002,0.0312511552267832,0.01916002225771299,-0.37386411067256003
55216.989853228784,0.018773187238650194,0.011465743488251242,-0.5177856166029401
55235.45707391755,0.003748148235530417,0.002286977755209178,-0.7309584625658652
55253.92429460631,0.007936485688630727,-0.00817379341939197,-0.9826013100082646
55272.39151529507,0.019087648054978326,-0.01969788467760165,-1.2363784098417425
55290.858735983835,0.030855708738917763,-0.03200310486050123,-1.4556469510062449
55309.3259566726,0.042794995126308646,-0.04468757668091755,-1.608748692229222
55327.79317736136,0.05440556139896051,-0.057163656935308366,-1.673581640778058
55346.26039805012,0.06516030350893907,-0.06864276235400497,-1.6407915125013979
55364.727618738885,0.07484557563855221,-0.07824336211014055,-1.515122061143775
55383.19483942765,0.08284450846354521,-0.08525616615866938,-1.3147292760971736
55401.66206011641,0.08875125440108017,-0.08944905080911711,-1.0685585116244425
55420.12928080517,0.09281646449660132,-0.09116235873778933,-0.8121635003441217
55438.596501493936,0.10064394974543717,-0.09105065341209154,-0.5825716437368271
55457.0637221827,0.10727266911738828,-0.08964162517948926,-0.4129378437223431
55475.53094287146,0.10845048422467449,-0.08706915265885387,-0.32775851752842766
55493.99816356022,0.10773685847388928,-0.0831452958400431,-0.3393351979860055
55512.465384248986,0.10204137363856974,-0.07763099998444364,-0.445997407345893
55530.93260493775,0.09198839526894939,-0.07045418196153336,-0.6323422749876669
55549.39982562651,0.08084399270391512,-0.061764298794869374,-0.8714576518134688
55567.867046315274,0.06776823716709808,-0.051872125796089255,-1.1288083960500988
55586.33426700404,0.0533888772533814,-0.0411721966785228,-1.3672244798805508
55604.8014876928,0.03868093476260287,-0.030104317588550013,-1.5522698153528522
55623.26870838156,0.024388219539165312,-0.019125681071593292,-1.6572156964456777
55641.735929070324,0.011036087457535388,-0.008688249234584586,-1.6669005449906134
55660.20314975909,0.0016297055726627447,0.0007955091656247809,-1.5799191097327323
55678.67037044785,0.018442553849728607,0.00898823108235475,-1.4088254597100847
55697.13759113661,0.032049922742241624,0.015650700545349644,-1.1783205048567562
55715.604811825375,0.04195605093777031,0.020643743065597513,-0.9216855224418055
55734.07203251414,0.04794453520522087,0.023910975348331087,-0.6759764599024438
55752.5392532029,0.05014531906734865,0.025458287284694528,-0.4766728890722832
55771.00647389166,0.048739026452382164,0.025324024279057618,-0.35255436611244984
55789.473694580425,0.04424807864555861,0.023568729112301873,-0.3215441929736249
55807.94091526919,0.03716416734029069,0.020266040889107974,-0.38812088945057155
55826.40813595795,0.027851077935266935,0.015504529159477188,-0.5426712727972702
55844.87535664671,0.01658920931455694,0.009384839324332695,-0.7628786158429002
55863.342577335476,0.003554571645701214,0.002032604301514547,-1.0169454487314216
55881.80979802424,0.00848878620163603,-0.00640293223588645,-1.2681855840577678
55900.277018713,0.020790965409965452,-0.015743793819127234,-1.48032219876644
55918.74423940176,0.033894419580243286,-0.025788268538922635,-1.62272682909994
55937.211460090526,0.04739339303429143,-0.036317943297353335,-1.674842668413999
55955.67868077929,0.0607513531477839,-0.047114482019051336,-1.6291533627108727
55974.14590146805,0.07329597982593439,-0.05798197297644885,-1.4922685374611568
55992.613122156814,0.0867197133560494,-0.06877994671089432,-1.2839691762272258
56011.08034284558,0.10103113207923474,-0.07946582632345654,-1.0343503706852124
56029.54756353434,0.1119017859116161,-0.09012432996815216,-0.7794735604550596
56048.0147842231,0.12085698815538166,-0.1009019592581616,-0.5561560169336578
56066.482004911864,0.12521824658156486,-0.11166631984216356,-0.3966512053098235
56084.94922560063,0.12635349222637432,-0.12132751659932701,-0.3239904800865492
56103.41644628939,0.1227067603942196,-0.1274260215297272,-0.3486598449570245
56121.88366697815,0.11531250885935809,-0.1271865535854598,-0.46709006436624884
56140.350887666915,0.10349536071122345,-0.11966428923829128,-0.6621755025933966
56158.81810835568,0.09034533920632572,-0.10646633107321707,-0.9057450566404638
56177.28532904444,0.0752750199080252,-0.09026007052376114,-1.162628145721071
56195.7525497332,0.06078233152827073,-0.07315371910379989,-1.3957298636313777
56214.219770421965,0.04676045468711797,-0.056300043426737195,-1.5713846125749646
56232.68699111073,0.03350493971510151,-0.04023275764963084,-1.664216744336555
56251.15421179949,0.02100436109515682,-0.02523463654783522,-1.6608064473562818
56269.62143248825,0.009586627458808072,-0.011511373122287585,-1.5616303929889082
56288.088653177016,0.001329863500943592,0.0007552100662344112,-1.3809955007567583
56306.55587386578,0.02002511704491793,0.011401824892999138,-1.1449745527317532
56325.02309455454,0.03540457536391914,0.020283174692762043,-0.8876416469864291
56343.4903152433,0.0470467958769545,0.027264202284002767,-0.6461514449843786
56361.957535932066,0.05469406848465924,0.032216433882309194,-0.45537321590896485
56380.42475662083,0.058259157413066906,0.03500905767688748,-0.3428548452438973
56398.89197730959,0.05781929957118967,0.03551589932242306,-0.324844186151113
56417.359197998354,0.05358635379692528,0.03363963985998731,-0.4039423348433516
56435.82641868712,0.045860084043157945,0.02935242793946246,-0.5687277629234408
56454.29363937588,0.034968363664781996,0.022722102702134248,-0.7954056087664392
56472.76086006464,0.02122720445918551,0.01392463061715428,-1.0512439552163706
56491.228080753404,0.0049141086878041786,0.0032342496882730738,-1.299300881124577
56509.69530144217,0.007916878075852422,-0.00898827600803781,-1.5037595696559387
56528.16252213093,0.019638111234679206,-0.022296788859730066,-1.6351009260684772
56546.62974281969,0.03179058734698804,-0.03615002769561273,-1.6743665526063751
56565.096963508455,0.04365629095860013,-0.04991735459556241,-1.615896266402825
56583.56418419722,0.05458711753339871,-0.062931318778095,-1.4681446781282284
56602.03140488598,0.06452932003790023,-0.07459277496971344,-1.2524588807368988
56620.49862557474,0.07165422770627133,-0.08448854324234291,-0.9999939974937487
56638.965846263505,0.07679742198194535,-0.09243008487045758,-0.7472126052503953
56657.43306695227,0.08296433287901002,-0.09837638865982425,-0.5306188341330402
56675.90028764103,0.0903928940745418,-0.10230294611810621,-0.3814883416588124
56694.36750832979,0.09522091769924972,-0.10412252316011249,-0.3213550186937894
56712.834729018556,0.0969656742549898,-0.10369079971048088,-0.3589042915095778
56731.30194970732,0.09546131923919897,-0.10087712844543863,-0.48871875182887003
56749.76917039608,0.09230678588469074,-0.09565551225870851,-0.69205674617224
56768.23639108484,0.09008234665905465,-0.0881737681998145,-0.9395550671674775
56786.703611773606,0.08381719101365337,-0.07876226147700412,-1.1954686000895347
56805.17083246237,0.07392963466032967,-0.06789070334814856,-1.4228336592610282
56823.63805315113,0.061600321381449,-0.056090794066078684,-1.5888072628809458
56842.105273839894,0.048196576095562924,-0.043892554365471834,-1.6694109815101592
56860.57249452866,0.03479504385223685,-0.03177566572936849,-1.6529946115779606
56879.03971521742,0.02204242227223626,-0.020148249600599542,-1.5419193996438472
56897.50693590618,0.010253371388494477,-0.00934077590679534,-1.3522175596694876
56915.974156594944,0.0006122417619884919,0.0003846346618208534,-1.1112772568836657
56934.44137728371,0.014045659975452958,0.008820487255535794,-0.8538874596595134
56952.90859797247,0.025264988589592936,0.015801563649752538,-0.6172139076258243
56971.37581866123,0.03406376952057023,0.02119733335222704,-0.4354317846810279
56989.843039349995,0.04024673689865659,0.02490535570284261,-0.33479025955659436
57008.31026003876,0.04365093993410383,0.02686049137068176,-0.32982168171188325
57026.77748072752,0.044158325237842584,0.027030030291242093,-0.4212429006945696
57045.24470141628,0.041719372494462524,0.025420001425291012,-0.5958517685175687
57063.711922105045,0.03660247435070147,0.02207361910429587,-0.828433733263946
57082.17914279381,0.028577315962715073,0.017072895506516094,-1.085403133039671
57100.64636348257,0.01773804602209595,0.010534310705746161,-1.329653315753777
57119.11358417133,0.004404452692776027,0.0026118012190698885,-1.5259151600156549
57137.580804860096,0.007424226395724582,-0.006504341375415736,-1.6458501818778066
57156.04802554886,0.018680848450213682,-0.016579564397534295,-1.6721427267921898
57174.51524623762,0.030375409494586388,-0.027329665906295868,-1.6010003010446872
57192.98246692638,0.04201401330581675,-0.03841569882624057,-1.4427009909313833
57211.449687615146,0.05294849586828988,-0.04943783651474875,-1.220108968007716
57229.91690830391,0.062392844260168306,-0.05994361369036338,-0.9653725196439219
57248.38412899267,0.06953559886377488,-0.06943872174894375,-0.715281500478636
57266.851349681434,0.07429058746805363,-0.07741903391124245,-0.5059546400669211
57285.3185703702,0.07836894171940802,-0.0834123684980914,-0.3676238334257745
57303.78579105896,0.0796348139497161,-0.08703931011842427,-0.32026841786498716
57322.25301174772,0.07974334859671398,-0.08807422385169232,-0.3707296719036019
57340.720232436484,0.07810952389358053,-0.08649108097896906,-0.5117222604888995
57359.18745312525,0.07416161134323718,-0.08247717208874279,-0.7228858702478517
57377.65467381401,0.06851778908923228,-0.07640259587270919,-0.9737256587057325
57396.12189450277,0.06381199349722919,-0.0687519350539309,-1.228016587656832
57414.589115191535,0.0615255217107195,-0.06004053730722861,-1.4490348272884845
57433.0563358803,0.05583757488305066,-0.050746203405209425,-1.60486072736686
57451.52355656906,0.05000938981437343,-0.041269860810631345,-1.6729880914859132
57469.99077725782,0.041689623977235676,-0.03192836620798788,-1.6435743491725283
57488.457997946585,0.031657259253932805,-0.022961671000756648,-1.520862190894781
57506.92521863535,0.020806124278345495,-0.014547745561156872,-1.3225672545361604
57525.39243932411,0.009964607706649031,-0.006818331039338236,-1.0773201699348787
57543.85966001287,0.00022086703379907627,0.00012180454179709589,-0.8205322802254521
57562.326880701636,0.011112817003935856,0.006181124494644767,-0.5892820624316557
57580.7941013904,0.020197627518086254,0.011268913905123218,-0.4169607314473096
57599.26132207916,0.02715637877024665,0.015292815909021585,-0.32845028933330345
57617.72854276792,0.03173631645741051,0.018162522617080613,-0.33653037557797627
57636.195763456686,0.03380104796505624,0.01979671739588901,-0.44003279906455833
57654.66298414545,0.03337616410995362,0.02012925955377021,-0.624010232521427
57673.13020483421,0.031191172075741,0.019119414289376194,-0.8618946869126289
57691.597425522974,0.027279229262541206,0.0167591740792774,-1.119334063929589
57710.06464621174,0.021243590653766943,0.013081405193801382,-1.3591527878046343
57728.5318669005,0.013235053397869432,0.008166496856655886,-1.5467202143949306
57746.99908758926,0.0034748307759729785,0.0021475012825248126,-1.6549516081256876
57765.466308278024,0.0051790771324116015,-0.004789931239638441,-1.6682194995683566
57783.93352896679,0.013394523503935519,-0.012405013714216344,-1.5846105416707912
57802.40074965555,0.022524983990768885,-0.02040993773294806,-1.4162018845719633
57820.86797034431,0.03255488166050695,-0.028473678757100926,-1.1873170982305328
57839.335191033075,0.043438879754471325,-0.036238056811626056,-0.931013479022505
57857.80241172184,0.05496229669355352,-0.04332766079267359,-0.6843080417721539
57876.2696324106,0.06663106805428844,-0.049367031381921535,-0.4828316960496516
57894.73685309936,0.07889793739166757,-0.05399104054123791,-0.3556836737175545
57913.204073788125,0.09098993038468543,-0.05686284425831883,-0.32122927055618855
57931.67129447689,0.10101574468326703,-0.05770801362535977,-0.3844476312694488
57950.13851516565,0.10737034729512633,-0.056376266923978506,-0.5362124653846265
57968.60573585441,0.10878507071202657,-0.05292499459059161,-0.7546096029111963
57987.072956543176,0.10857761646561771,-0.0476781811097046,-1.0081013576258036
58005.54017723194,0.10429344055614899,-0.04120564411727657,-1.2600809714698868
58024.0073979207,0.09550526673604463,-0.03420442932652175,-1.4741593813501206
58042.47461860946,0.08363803263956468,-0.027329273079931757,-1.6194204735082465
58060.941839298226,0.0727802562345318,-0.02105820292836684,-1.6748856267191559
58079.40905998699,0.060195868688015575,-0.015643272447788525,-1.63254289586997
58097.87628067575,0.04699336061045663,-0.011140209855618963,-1.4985037301539086
58116.343501364514,0.033980955692105685,-0.007473732667080665,-1.292120423277071
58134.81072205328,0.02165460253474026,-0.004501369552641101,-1.0431917422934338
58153.27794274204,0.010288967152363413,-0.0020625027752449758,-0.7876601195708288
58171.7451634308,0.00004396527758589732,-9.674351317260892e-6,-0.5624216321841294
58190.212384119564,0.010155550593910139,0.0017716013721170857,-0.39999818096409834
58208.67960480833,0.018736561564063295,0.0033499247116416148,-0.32384123800471776
58227.14682549709,0.025508241623179856,0.004742243409873037,-0.34494535023682665
58245.61404618585,0.03031079534650251,0.005914737863862906,-0.46026045573070423
58264.081266874615,0.033010648780422404,0.0067907685566330825,-0.6531323086661925
58282.54848756338,0.03356479831287848,0.007265983742981567,-0.8957074324404083
58301.01570825214,0.031916105644305914,0.007231301582500798,-1.152955329692028
58319.4829289409,0.027997205822579377,0.006597318287424651,-1.3877271282482575
58337.950149629665,0.02187571272073037,0.005317620572793358,-1.5661201658614703
58356.41737031843,0.013717740041174598,0.0034072761806572295,-1.662373831666672
58374.88459100719,0.0037854756734894135,0.0009508398653490162,-1.662589656740816
58393.35181169595,0.006599740802095262,-0.001896186539184414,-1.5667384284476007
58411.819032384716,0.017359466812990415,-0.004916231051704271,-1.388664463709971
58430.28625307348,0.028581403805104804,-0.007847673290849929,-1.154086395256167
58448.75347376224,0.03979016852726229,-0.010410925227181707,-0.8968831486793003
58467.220694451,0.050419483021742165,-0.012345275118764746,-0.6542014295945926
58485.687915139766,0.0598458452666987,-0.013451586512406707,-0.4610912417281271
58504.15513582853,0.06748312783604107,-0.013633150023256347,-0.3454441394987616
58522.62235651729,0.07481338182939577,-0.012921415239164754,-0.32396522016147045
58541.089577206054,0.08186750424117835,-0.011473682966415032,-0.3997605747053234
58559.55679789482,0.09325526854977005,-0.009537989821219403,-0.5618885918672819
58578.02401858358,0.10171541348415687,-0.007393397801183395,-0.7869398593454573
58596.49123927234,0.10624729464276192,-0.00528419339993642,-1.0424174457343205
58614.958459961104,0.10940829210728528,-0.003374680905227103,-1.2914294432295048
58633.42568064987,0.10698621805196827,-0.0017421519695246667,-1.4980163094290282
58651.89290133863,0.09952380653360916,-0.00040794824547762975,-1.6323439170407548
58670.36012202739,0.08795261082223908,0.0006223172654823019,-1.6750123593241046
58688.827342716155,0.07415453773311083,0.001340512204744244,-1.6198579134154245
58707.29456340492,0.060144408810105354,0.0017405105961879846,-1.4748431868535663
58725.76178409368,0.04653190846391067,0.0018331764072877293,-1.2609069466232312
58744.22900478244,0.033471223065338035,0.0016497030954012943,-1.0089400441959322
58762.696225471205,0.021324821496441694,0.0012410940438177028,-0.7553243945841072
58781.16344615997,0.010358870383707256,0.0006723440658381759,-0.5366792745066875
58799.63066684873,0.0002678913285578276,0.000017777782139896356,-0.38457354839480157
58818.09788753749,0.00858695593239552,-0.000643623972618409,-0.32096731557811203
58836.565108226256,0.01621345354719364,-0.001236923432800766,-0.3550411329206915
58855.03232891502,0.022473122203447556,-0.0016979141448033046,-0.48187060372235213
58873.49954960378,0.027165234119665156,-0.001983103527287286,-0.683137668751932
58891.96677029254,0.03006054648705167,-0.0020746161865133807,-0.9297758675806186
58910.433990981306,0.03094530901051472,-0.0019818474396419224,-1.1861676075350982
58928.90121167007,0.029669969615223703,-0.0017359687274318318,-1.4152874100314459
58947.36843235883,0.026187180645418175,-0.0013821647702943157,-1.5840485021755275
58965.835653047594,0.020568664636546406,-0.0009707291537433506,-1.6680807311579922
58984.30287373636,0.012999813364906295,-0.0005451557040534582,-1.65524985259405
59002.77009442512,0.0037622835937475858,-0.0001397378694511258,-1.547409944039247
59021.23731511388,0.006828696885213148,0.00022791913249174868,-1.3601358314687217
59039.704535802644,0.018292808266257662,0.0005539769057775892,-1.120474112827411
59058.17175649141,0.030015065242685303,0.0008460169240581443,-0.8630375011956901
59076.63897718017,0.04131415773724547,0.0011162220986705852,-0.6250064670123944
59095.10619786893,0.051449389151677315,0.0013738296339039489,-0.4407599662252884
59113.573418557695,0.06005350246285439,0.0016162316670084598,-0.33691061994964255
59132.04063924646,0.07125516460449806,0.0018201867089520135,-0.3284613142925978
59150.50785993522,0.08275333909648315,0.0019356875125902916,-0.4166382294945168
59168.97508062398,0.09318927968310688,0.0018892130102238208,-0.5887132091841767
59187.442301312745,0.10194886807668714,0.001604266442101713,-0.8198411731403012
59205.90952200151,0.10968274840044434,0.0010416307586383676,-1.0766475044482056
59224.37674269027,0.11511679919808104,0.00024217757832522305,-1.3220477103640114
59242.84396337903,0.11703803571816787,-0.0006567985842407626,-1.520603339242376
59261.311184067796,0.11652132223397128,-0.0014600994666992691,-1.6436402894381146
59279.77840475656,0.11203676134328226,-0.001989565689806817,-1.6733900469384981
59298.24562544532,0.10281193817841729,-0.002156742538549715,-1.6055556319426019
59316.71284613408,0.08980875344649931,-0.001986983922903878,-1.449931672675754
59335.180066822846,0.07527766113610032,-0.0015894916475154902,-1.228989372275708
59353.64728751161,0.060441564771495995,-0.0011015551776496738,-0.9746311602181907
59372.11450820037,0.04469724465358775,-0.0006418495667000793,-0.7235838179322247
59390.581728889134,0.02903887614789051,-0.0002879618865679437,-0.5120951826037206
59409.0489495779,0.014191870885562757,-0.00007418119189279889,-0.37070008371187685
59427.51617026666,0.0006564162727130129,-1.230713395479028e-6,-0.31981126895945206
59445.98339095542,0.009331057319759134,-0.000045144025173701164,-0.36677200426324963
59464.450611644184,0.017575803172811356,-0.0001710307169043054,-0.5047959702183237
59482.91783233295,0.023981594378131278,-0.00033867867640940253,-0.7139475182075057
59501.38505302171,0.02840121540553183,-0.0005077555102518807,-0.9640206866205541
59519.85227371047,0.030749765631203498,-0.0006417879025716242,-1.2189011949059976
59538.319494399235,0.03100585599805622,-0.0007123946831360196,-1.4417815095813757
59556.786715088,0.029209023345097278,-0.0007015405720296848,-1.6004759386548066
59575.25393577676,0.025450045121007896,-0.0006061141217427192,-1.6720682939759053
59593.72115646552,0.01985751183176067,-0.00044056431291312505,-1.6462210402676671
59612.188377154285,0.012587701000157537,-0.0002389960373189178,-1.5266681124196477
59630.65559784305,0.003815362472645815,-0.00005329184680698226,-1.3306758185351024
59649.12281853181,0.007715941524037585,0.00005051145580499823,-1.086549640542928
59667.59003922057,0.02138936463801379,2.210801654639326e-7,-0.8295469022643985
59686.057259909336,0.03594706647075055,-0.0002722952669235644,-0.5967854706349687
59704.5244805981,0.05102043025336557,-0.0008176087064787276,-0.42188364549566265
59722.99170128686,0.0659067445634831,-0.0016557539675341947,-0.33010524128291624
59741.45892197562,0.07976702198318415,-0.002759722024768309,-0.3347109587838984
59759.926142664386,0.09161837909658503,-0.00405167340752117,-0.4350430162762312
59778.39336335315,0.10239365024811321,-0.0054009791612856595,-0.6166198102297866
59796.86058404191,0.11159609523505438,-0.006637924050187267,-0.8532270467511295
59815.327804730674,0.12460738229947926,-0.007570052099803389,-1.1107031509944312
59833.79502541944,0.1385926454980053,-0.007999522789632384,-1.3518716868896339
59852.2622461082,0.14880705803551839,-0.0077603413747678145,-1.5419083253272674
59870.72946679696,0.15287374862711758,-0.006795712114037938,-1.6533686236462601
59889.196687485724,0.14978250943503021,-0.005243021182538913,-1.6701525208773538
59907.66390817449,0.14206457115952276,-0.0034302096486108127,-1.589832777538924
59926.13112886325,0.12810938557119528,-0.0017365236480395415,-1.4240076076950774
59944.59834955201,0.10982655666166952,-0.00042871015952594324,-1.1966243295703505
59963.065570240775,0.08955974419606363,0.00040176551210079834,-0.9405181296267457
59981.53279092954,0.06952579837509437,0.0007986876768596615,-0.6926687439986204
60000.0000116183,0.05060594498552057,0.0008649976275252172,-0.48886070361817896
60018.46723230706,0.03295587007299856,0.0007063547478772103,-0.3585171814829596
60036.934452995825,0.016283150746515002,0.0004071257929105127,-0.32045240128765395
60055.40167368459,0.0010743558697411469,0.000030012291036770343,-0.38015555547934154
60073.86889437335,0.01142624665314813,-0.00037445141715198503,-0.5289984903856413
60092.33611506211,0.021931782672400955,-0.0007593286922308255,-0.7454817581628596
60110.803335750876,0.03027652275776328,-0.0010795441326344791,-0.9983392414793285
60129.27055643964,0.036239064384359775,-0.0012956747395317459,-1.2510530953550911
60147.7377771284,0.03964757830560239,-0.0013818531685262881,-1.4671270656819653
60166.20499781716,0.04064639721027072,-0.0013319368586326443,-1.6153567322879905
60184.672218505926,0.03882670167710575,-0.00116183367149158,-1.6743356465541233
60203.13943919469,0.034198646542343926,-0.0009059892172117192,-1.6355466567047094
60221.60665988345,0.026911882183623267,-0.000610059857955411,-1.504591953589568
60240.073880572214,0.0172200067310325,-0.0003211201059288479,-1.3003841447067148
60258.54110126098,0.005438233607286069,-0.00007947128962468267,-1.0524151418699481
60277.00832194974,0.008867722013330368,0.00008739946622973958,-0.7964972798581904
60295.4755426385,0.025052028763209465,0.0001682962110345665,-0.5695916933921683
60313.942763327264,0.041874155980052744,0.00016829213163730108,-0.40447075011108513
60332.40998401603,0.05847279889265509,0.00010210979823940762,-0.3249852693406814
60350.87720470479,0.07405096538471621,-0.000017480317362759318,-0.3426199592660312
60369.34442539355,0.08773536341443695,-0.00019837671366800243,-0.4548345862465607
60387.811646082315,0.10065086673102135,-0.0004886728356738151,-0.6454306112093641
60406.27886677108,0.11351368418582554,-0.00098311086562932,-0.8868904838799604
60424.74608745984,0.12260716376315563,-0.001810734952913075,-1.1443516865537222
60443.2133081486,0.13159299274057118,-0.003100139790900127,-1.380641285008863
60461.680528837365,0.13487150720006405,-0.0049272453217798365,-1.5616435830980582
60480.14774952613,0.13790494168340237,-0.007254685212979925,-1.6612256754603025
60498.61497021489,0.1345821338170114,-0.009885904059992144,-1.6650099869970807
60517.08219090365,0.13073375272688187,-0.0124680023909732,-1.572449703356919
60535.549411592416,0.12102994556217148,-0.014563501266478426,-1.3969080381707466
60554.01663228118,0.10904721852349958,-0.015769873651241273,-1.1637298458062493
60572.48385296994,0.09466820543341617,-0.01583466411612296,-0.9065831656343375
60590.9510736587,0.08105752628799216,-0.014718125454887356,-0.6625981142523032
60609.418294347466,0.06661442443611641,-0.012583348157814762,-0.46700474394472413
60627.88551503623,0.050683793636242966,-0.00973042512501028,-0.34804451955108534
60646.35273572499,0.0337727381266731,-0.006512572186086446,-0.3228911180491043
60664.819956413754,0.017039693241111476,-0.003267147530984598,-0.39517024772377346
60683.28717710252,0.0014463388385131822,-0.0002730860490849131,-0.5544365927959728
60701.75439779128,0.008911525574983094,0.0022674042388775625,-0.7776829959563859
60720.22161848004,0.01739674486186661,0.004232807283125823,-1.0326636036801995
60738.688839168804,0.02424066941498581,0.0055751729996876805,-1.2825509470520629
60757.15605985757,0.02923339701116251,0.0063100945888887585,-1.4912544257685318
60775.62328054633,0.03218201366242612,0.006501176791319295,-1.6286321930962562
60794.09050123509,0.03293943653131,0.006239583814290072,-1.6748438191727242
60812.557721923855,0.03143734558431605,0.005623366182340185,-1.6232152009275738
60831.02494261262,0.027702581978660948,0.004736211313610925,-1.481202078905029
60849.49216330138,0.02185351468498032,0.003631040815815923,-1.2693131318934705
60867.95938399014,0.014080614142063332,0.0023202610042664575,-1.0181482787712455
60886.426604678905,0.004621818464389272,0.0007724207813943141,-0.7639799171114645
60904.89382536767,0.007536993312261095,-0.0010820839452469549,-0.5435151643736417
60923.36104605643,0.021934980895153545,-0.003342294505740479,-0.3885953577703851
60941.82826674519,0.03710780466481619,-0.006121233664446731,-0.3215981258096902
60960.295487433956,0.05242157422663061,-0.009523842383804248,-0.3522059048548908
60978.76270812272,0.0685947518778288,-0.013619474874278765,-0.47600747515121455
60997.22992881148,0.08593990926054551,-0.018404445524472766,-0.6751344209793613
61015.69714950024,0.10279726377972292,-0.02376342419181157,-0.9208406442675716
61034.164370189006,0.11684405794312935,-0.029442516481460648,-1.1776526620131902
61052.63159087777,0.12595125286144668,-0.03505728774705916,-1.4084917626053053
61071.09881156653,0.13031660679280574,-0.04014132507627616,-1.5800286044050393
61089.566032255294,0.13121804458605285,-0.044233861119026635,-1.6674966880924822
61108.03325294406,0.12880310794492686,-0.04696323291276126,-1.6582688931462626
61126.50047363282,0.1240237115952688,-0.048101005423692944,-1.5536803544269746
61144.96769432158,0.12381611266167332,-0.04758228224743047,-1.3688349536297981
61163.434915010344,0.11818390350185055,-0.04548831102754684,-1.1304239801192835
61181.90213569911,0.10762017494198024,-0.042002779482879574,-0.8728721944582155
61200.36935638787,0.09346256259720644,-0.037363068340568906,-0.6333676636509783
61218.83657707663,0.07778447170574446,-0.031827443974907346,-0.44649226422411314
61237.303797765395,0.06133689262311254,-0.025665863711760342,-0.3392274751560447
61255.77101845416,0.044944241119019096,-0.019164352848423993,-0.32705715092047927
61274.23823914292,0.029277234402925095,-0.01262655142339406,-0.4117310790156021
61292.70545983168,0.01472432221308173,-0.006360070446577394,-0.5810126169828276
61311.172680520445,0.0015120794385853442,-0.0006472651211379959,-0.810446550584164
61329.63990120921,0.009435289828658823,0.004284347100309805,-1.0668915118507543
61348.10712189797,0.018367585396088022,0.008283082457576155,-1.3133066099320208
61366.57434258673,0.025044885697170283,0.011276083951039158,-1.514100915438977
61385.041563275496,0.029237772494145914,0.013253719263320746,-1.6402732562891205
61403.50878396426,0.031058721260948472,0.014248176339259571,-1.6736001341054694
61421.97600465302,0.03149483179868938,0.01430838746981535,-1.6092670773927573
61440.44322534178,0.029824971733267397,0.01348480158321753,-1.4565635571335642
61458.910446030546,0.026141416654475516,0.011820296819723011,-1.2375412438109201
61477.37766671931,0.020583928545705593,0.009349417032917385,-0.9838294500628895
61495.84488740807,0.013321213428238235,0.0061000029559732626,-0.7320676762405722
61514.312108096834,0.004533728941676305,0.00209919769883079,-0.5186147776511103
61532.7793287856,0.007028912175952327,-0.002621242387724689,-0.3742987131211463
61551.24654947436,0.020986310420286387,-0.008015657691020158,-0.31996495110429535
61569.71377016312,0.03565124590523511,-0.014017890516928089,-0.36346630074981107
61588.180990851884,0.05037656454212504,-0.0205346517893157,-0.49852880772993
61606.64821154065,0.06436298180856698,-0.027446015598795007,-0.7056574578783169
61625.11543222941,0.07765452937710758,-0.034615152121286484,-0.9549509122407902
61643.58265291817,0.09064484812359717,-0.041907210801046584,-1.2104188776197164
61662.049873606935,0.10147712533372967,-0.04920637459270454,-1.4351787652820118
61680.5170942957,0.10943347548159306,-0.05642028669877013,-1.5967813309368688
61698.98431498446,0.11447317506878643,-0.06344528632840678,-1.671896330461691
61717.45153567322,0.12212978281757297,-0.07008494264902651,-1.6496814780967568
61735.918756361985,0.13232639015507497,-0.07595146509750472,-1.5333479496904088
61754.38597705075,0.13759413757460925,-0.08039894111724924,-1.3396962691529366
61772.85319773951,0.1360561159462926,-0.0825906552595681,-1.0966900391167802
61791.32041842827,0.1273713518501244,-0.08174223085571478,-0.8394182844467374
61809.787639117036,0.11676751834975752,-0.07744845369213671,-0.6050293105657641
61828.2548598058,0.10190641314175056,-0.06989034918285375,-0.4273672395504325
61846.72208049456,0.08446098125255525,-0.059778806146212934,-0.3320846442961565
61865.18930118332,0.06653420542492311,-0.04808307832530276,-0.3329365893385121
61883.656521872086,0.04931474031972867,-0.03574522578355807,-0.4297929304412802
61902.12374256085,0.032392461116397174,-0.02352071342830149,-0.608657334061495
61920.59096324961,0.016458690161014942,-0.011954167179934607,-0.8436897472452035
61939.058183938374,0.001967213880571114,-0.0014266314183913244,-1.1009392157680857
61957.52540462714,0.010253188148520841,0.00778831494347546,-1.343247520292249
61975.9926253159,0.020358671686127174,0.015484216079812664,-1.5356155286027167
61994.45984600466,0.028152803015553857,0.021495370311008996,-1.6502574928627274
62012.927066693424,0.03332500986469419,0.025696357945561236,-1.6706135513081326
62031.39428738219,0.03572646875946999,0.02800342497512509,-1.5937410603791016
62049.86150807095,0.03541719316798749,0.02839171636951794,-1.430739417339993
62068.32872875971,0.03298085491412859,0.026897166611941935,-1.2051470046473867
62086.795949448475,0.029236203133346572,0.023610841519836855,-0.9495417881222205
62105.26317013724,0.023254214534114408,0.018657663830827946,-0.7008365753945013
62123.730390826,0.015220359399233208,0.012177450004889137,-0.4949484668454468
62142.19761151476,0.0053693583015193246,0.004300525794290742,-0.361612301022513
62160.664832203525,0.0069929941163385965,-0.004847314066790207,-0.32008700797552475
62179.13205289229,0.021525941922585695,-0.015130296938370955,-0.37637475150081806
62197.59927358105,0.036815055909699516,-0.026371856963167954,-0.5223542934604145
62216.06649426981,0.052215005748293276,-0.03831342479407801,-0.736953627216477
62234.533714958576,0.0669408218126796,-0.05057243372892424,-0.98919250458013
62253.00093564734,0.08186650149514628,-0.06262339361709998,-1.2426555446701266
62271.4681563361,0.09651614833051637,-0.07382965813988365,-1.4607501344666853
62289.93537702486,0.10991241310725401,-0.08355105859874823,-1.6119901125768095
62308.402597713626,0.12052539738226835,-0.0913078299158277,-1.6745425126634967
62326.86981840239,0.12735108661266545,-0.09692480873290965,-1.6393807655393655
62345.33703909115,0.1326830278324522,-0.10054387624446942,-1.5115883954494256
62363.804259779914,0.133788348941129,-0.10245545339146137,-1.3096242443770567
62382.27148046868,0.1299987083448949,-0.10282271879569266,-1.0626556854494287
62400.73870115744,0.1248078616962705,-0.10147814976082864,-0.8063462220413855
62419.2059218462,0.11611568355968915,-0.0979551743981131,-0.5777063699245679
62437.673142534964,0.10473648922874161,-0.09176817445615093,-0.4097503333472114
62456.14036322373,0.09169953408076024,-0.08274776192675817,-0.32672874937686963
62474.60758391249,0.07670804298805318,-0.0711988895653535,-0.3406259251718901
62493.07480460125,0.0607733108503898,-0.05780906783405387,-0.44942841477101625
62511.542025290015,0.04476690474376997,-0.04343071668713781,-0.6374156891733216
62530.00924597878,0.02935435236433325,-0.028893241552445083,-0.877430896676743
62548.47646666754,0.015003757172446792,-0.014904753489267002,-1.1348034020433238
62566.9436873563,0.002036470324571853,-0.0020304599919324456,-1.372356351225163
62585.410908045065,0.010491255329372135,0.009291946591747523,-1.5557759903763893
62603.87812873383,0.021068993771145874,0.018732892762350257,-1.6585673075741723
62622.34534942259,0.029091781105237854,0.026051061754671045,-1.6658803230072539
62640.81257011135,0.034848158080913336,0.031090452367937,-1.5766544833264102
62659.279790800116,0.03863447670395762,0.03378108866564724,-1.4037715681541518
62677.74701148888,0.04003179231679813,0.03413580104960802,-1.1721951596140032
62696.21423217764,0.038766167623294795,0.03224212807101625,-0.9153654744820147
62714.6814528664,0.03475711609159443,0.028241669406920307,-0.6703702551796731
62733.148673555166,0.027969160226178742,0.02230277340444168,-0.472589072272404
62751.61589424393,0.018547795749869284,0.014601699702436795,-0.35058439102445305
62770.08311493269,0.006776784034408404,0.005304178263644096,-0.32197707906674133
62788.550335621454,0.00597970181641102,-0.005428164755051662,-0.39090190777503375
62807.01755631022,0.01915345879088943,-0.017431257019546537,-0.5474104493834197
62825.48477699898,0.03330015777423612,-0.030514184981623296,-0.7689075883347446
62843.95199768774,0.0479358985590647,-0.04443122642032794,-1.023414212954732
62862.419218376504,0.062451351258525245,-0.05883669521964176,-1.2741849507036551
62880.88643906527,0.07611371624656983,-0.07324611126437151,-1.4850141521680666
62899.35365975403,0.08810320659365363,-0.08701501481797187,-1.6254639635724513
62917.82088044279,0.09834902192558219,-0.09938029414236747,-1.6752595810083213
62936.288101131555,0.10573912820049693,-0.10957996434603239,-1.6272169722417638
62954.75532182032,0.10967187046581699,-0.1170103814733872,-1.4882801148268192
62973.22254250908,0.10996182970149836,-0.12132400835011568,-1.278517654073278
62991.68976319784,0.10680106740183255,-0.1223972474299382,-1.0282237082698507
63010.156983886605,0.10233943629258561,-0.12022069911633836,-0.7735420492723175
63028.62420457537,0.10426713851673322,-0.11485401779978092,-0.5512470031270156
63047.09142526413,0.10407328624211648,-0.10650956762440857,-0.39343550579482245
63065.55864595289,0.09876071905855621,-0.09564723380608571,-0.32289473582749134
63084.025866641656,0.09145187947953284,-0.08292682149263221,-0.34981119651088916
63102.49308733042,0.08046790592240546,-0.06906259979090991,-0.47029690330830337
63120.96030801918,0.06641876552454033,-0.05470667075092385,-0.6669485755405149
63139.42752870794,0.0505280895961272,-0.040408460621211936,-0.9113606242951824
63157.894749396706,0.033993812970973585,-0.026625168606043637,-1.168228376479811
63176.36197008547,0.017806723057124663,-0.013741652719066494,-1.4004478967837493
63194.82919077423,0.0027229463422317407,-0.002080458409079625,-1.574475338578055
63213.296411462994,0.011556410076400302,0.00810060957939276,-1.665171700985941
63231.76363215176,0.02395810931261629,0.01660455088909972,-1.6594334214221689
63250.23085284052,0.03407102190728044,0.02329222996178667,-1.5580846313099344
63268.69807352928,0.04164490384245522,0.028064793510722143,-1.375757938846232
63287.165294218044,0.046396994117526895,0.03085465144528196,-1.1387810537206209
63305.63251490681,0.0480567865329583,0.03161519882035603,-0.8813745277827754
63324.09973559557,0.04643090781411222,0.03032178976030999,-0.6407097533722567
63342.56695628433,0.041459480544368814,0.026980381140198517,-0.4515409520721585
63361.034176973095,0.03324579865426819,0.021639794814030285,-0.34118636263433755
63379.50139766186,0.022050793018143396,0.014401778881766157,-0.32558337112415126
63397.96861835062,0.008257422378353935,0.005424798059247853,-0.40698719739672723
63416.43583903938,0.005800939367685133,-0.005064643656178608,-0.573645412334565
63434.903059728145,0.019178318013978374,-0.016779123584658866,-0.8014952059510037
63453.37028041691,0.033720309301282454,-0.029366762293925302,-1.0576382421278991
63471.83750110567,0.049214207951119505,-0.04242718017285899,-1.305091250621927
63490.30472179443,0.0652969562819379,-0.05552593031150784,-1.5081263312790618
63508.771942483196,0.08136684835935874,-0.06823094661669454,-1.6374298596594545
63527.23916317196,0.09652250537183694,-0.08015426360827474,-1.6743351360942653
63545.70638386072,0.11077212020177779,-0.09100052358501898,-1.613517663170705
63564.17360454948,0.1240556805989603,-0.10058487232948105,-1.463763884002417
63582.640825238246,0.13375415917339356,-0.10881056814335632,-1.2467023536217114
63601.10804592701,0.13865762595828574,-0.11558721664523361,-0.9936805412206685
63619.57526661577,0.13819960411681445,-0.12072166676439394,-0.7412382443855932
63638.042487304534,0.1341354780026006,-0.12382640479615348,-0.5258310946042138
63656.5097079933,0.12773247330609866,-0.12431511079200752,-0.3785659078501691
63674.97692868206,0.11732063477741397,-0.12152998988841987,-0.3207081815424062
63693.44414937082,0.10399764494118152,-0.11497487972468867,-0.3606108599803972
63711.911370059584,0.08892370432489,-0.10455117111159437,-0.4925081650103444
63730.37859074835,0.07398565809175119,-0.09067126162752234,-0.697348573502706
63748.84581143711,0.05888182245644134,-0.0741841546023046,-0.9455463170851756
63767.31303212587,0.04366202326597417,-0.0561726604838326,-1.201253961705421
63785.780252814635,0.028920872794727423,-0.03773750255114022,-1.4275392044224624
63804.2474735034,0.01509981089432226,-0.01985588974855239,-1.5917184651751706
63822.71469419216,0.002524735003074107,-0.0033265273624679924,-1.6700770455402585
63841.18191488092,0.011230858161925874,0.011230858161925874,-1.651294106630707
63859.649135569685,0.02334869313323161,0.02334869313323161,-1.5380777548270164
63878.11635625845,0.03269986452347355,0.03269986452347355,-1.346774068839068
63896.58357694721,0.039089684089340944,0.039089684089340944,-1.1050065481097004
63915.05079763597,0.04245449950530127,0.04245449950530127,-0.847686924630032
63933.518018324736,0.042849409301456386,0.042849409301456386,-0.611973470291291
63951.9852390135,0.04042854210798023,0.04042854210798023,-0.43190491170436507
63970.45245970226,0.03540807123822964,0.03540807123822964,-0.33348489319737323
63988.91968039102,0.028027645018424682,0.028027645018424682,-0.33092683063294703
64007.386901079786,0.018524988967087347,0.018524988967087347,-0.42460141822117675
64025.85412176855,0.007113292305045409,0.007113292305045409,-0.6009831581984784
64044.32134245731,0.005269665693638335,-0.006017795742404074,-0.8346036204737072
64062.788563146074,0.01793120430079317,-0.02068353887022107,-1.0917293456817807
64081.25578383484,0.031214735202046307,-0.036682538550715814,-1.3352332560397369
64099.7230045236,0.04461204787535681,-0.05375928612627152,-1.529956081529273
64118.19022521236,0.05796754099238716,-0.07155137363705819,-1.6477835475572238
64136.657445901124,0.07045648132927908,-0.08953378239155413,-1.6717061206881407
64155.12466658989,0.08144906607933837,-0.10696309112696298,-1.5982750512519683
64173.59188727865,0.09036642155092413,-0.12286387472542051,-1.438100051684615
64192.05910796741,0.09676315803670006,-0.13609940529806341,-1.214316796533832
64210.526328656175,0.10064153148422647,-0.14555196631631662,-0.959245660709794
64228.99354934494,0.10369775602268338,-0.15038302348854582,-0.7097243450596394
64247.4607700337,0.10397250723491239,-0.15025378263247063,-0.5017883855835208
64265.92799072246,0.10162826262388217,-0.14538978125180158,-0.36546746088678106
64284.395211411225,0.10790585569956268,-0.13645735327407432,-0.3204485994055532
64302.86243209999,0.10913029747686684,-0.12434523542096573,-0.37323255985990195
64321.32965278875,0.10432973593387027,-0.10997350648442297,-0.5161946143302507
64339.79687347751,0.09665322117506539,-0.09418376378000926,-0.7286859694382786
64358.264094166276,0.08339080328374712,-0.07770422673315439,-0.9800166250270692
64376.73131485504,0.06962316583702188,-0.061149808284763685,-1.2338881126818109
64395.1985355438,0.05325768189510598,-0.045024759365624986,-1.453635393801681
64413.66575623256,0.03596485818793711,-0.029733158988867456,-1.6075211024091423
64432.132976921326,0.019096993938534944,-0.015586763897216305,-1.6733181820514436
64450.60019761009,0.0034859944834497152,-0.0028259775538911226,-1.641519563330478
64469.06741829885,0.008715506839363953,0.008359677545531295,-1.5167114283142276
64487.534638987614,0.01856604260461073,0.017809948249529414,-1.3169115151722217
64506.00185967638,0.02643695281990748,0.02538097101515002,-1.0709677444578656
64524.46908036514,0.03217123309467097,0.030934345756201246,-0.8143926591923865
64542.9363010539,0.03563602476312753,0.03434435919470726,-0.5842351891860684
64561.403521742664,0.03672829402438967,0.035500600273075396,-0.4137303728292897
64579.87074243143,0.035390759428417455,0.03432330510299597,-0.32749975855040425
64598.33796312019,0.031660373605679595,0.030779204117477095,-0.33799568634770744
64616.80518380895,0.025599288855709716,0.02490144397474152,-0.4437029733290627
64635.272404497715,0.017263200098806903,0.01680272790757258,-0.6293577102359311
64653.73962518648,0.0068637516095867695,0.006684265298163053,-0.8681515615275697
64672.20684587524,0.005438298347332815,-0.005152561299766154,-1.1256032364241995
64690.674066564,0.019337751064522013,-0.018314698470869493,-1.3645380299241796
64709.141287252765,0.03434393408433917,-0.03232236025109424,-1.5504563198414458
64727.60850794153,0.050016956633105056,-0.046625947409388774,-1.6565157245783908
64746.07572863029,0.066913996111657,-0.060631873403403716,-1.6674074071499856
64764.54294931905,0.0843496721294008,-0.07373259837039707,-1.5815666903564698
64783.010170007816,0.10035713086418173,-0.08534105574157712,-1.4113986803349168
64801.47739069658,0.11758024096550683,-0.09492274178803743,-1.181486244786577
64819.94461138534,0.13123036330710247,-0.10202297220752775,-0.9250390885948973
64838.4118320741,0.14241670005146667,-0.10629175020803054,-0.6790967885570872
64856.879052762866,0.14828649038536384,-0.1075136414379007,-0.4791788756258145
64875.34627345163,0.14776399369452145,-0.10564082834993548,-0.35415522077069267
64893.81349414039,0.1437004733182006,-0.1008244945716862,-0.32207805565601666
64912.280714829154,0.1329207810681302,-0.09342291400198051,-0.387577075913487
64930.74793551792,0.12058194817045911,-0.08397299262478002,-0.5411923515723331
64949.21515620668,0.10524433765460414,-0.07312533826794905,-0.7607403889534583
64967.68237689544,0.08977839349061088,-0.06155377346219282,-1.014516426069935
64986.149597584204,0.0738436626042865,-0.04986911235941226,-1.2658714867335044
65004.61681827297,0.05764148149590974,-0.0385575922327851,-1.4785038768646617
65023.08403896173,0.04247266010786695,-0.027956709460435186,-1.6217012489103888
65041.55125965049,0.028282458345748884,-0.018260007738989004,-1.6747762460981155
65060.018480339255,0.015001407478289833,-0.009553574339806699,-1.6300549486955236
65078.48570102802,0.0029388860335227036,-0.0018565534583531431,-1.4939861706743616
65096.95292171678,0.008679710256107006,0.004836707057155578,-1.2862110882305975
65115.42014240554,0.018778550544168018,0.010519867814343706,-1.0367274096546164
65133.887363094305,0.026731947996641758,0.01515587147580761,-0.7815576191890481
65152.35458378307,0.03235857008854967,0.018670351990802685,-0.5575469298028635
65170.82180447183,0.035546104458646144,0.020960362192321287,-0.3970422794185461
65189.28902516059,0.03626207157631656,0.021909836498370715,-0.3232208668595868
65207.756245849356,0.034733603528397106,0.021414614963738768,-0.34674290257652823
65226.22346653812,0.031054820705417666,0.019403603345110355,-0.46421199984702743
65244.69068722688,0.025047660179995553,0.015858249071952064,-0.6586655570989578
65263.15790791564,0.016894013090231783,0.010828019315425493,-0.9020243339268408
65281.625128604406,0.0068485533375777456,0.004436812229620158,-1.1591474602315253
65300.09234929317,0.0046817223604661415,-0.0031110230438372733,-1.3929072723504772
65318.55956998193,0.017302014172784985,-0.011529909634926996,-1.5695510640632222
65337.026790670694,0.030657212885046862,-0.02045971697866151,-1.6635753794713208
65355.49401135946,0.04411548195410831,-0.02947512411364292,-1.6614088747681426
65373.96123204822,0.05692489151786876,-0.03810242210074848,-1.5633718519814739
65392.42845273698,0.06827542209449307,-0.04584998889849489,-1.383629497375616
65410.895673425744,0.07894544253479967,-0.05224623337473238,-1.148145684912579
65429.36289411451,0.0870835362416326,-0.05688744622075915,-0.8909329974682179
65447.83011480327,0.0933040503702956,-0.05948654321569342,-0.6491406117401919
65466.29733549203,0.09716454144673758,-0.05991112032105208,-0.45768933694389463
65484.764556180795,0.09917660299842947,-0.05819773153705945,-0.34422847690850156
65503.23177686956,0.09873578526057551,-0.054547083429045524,-0.3251431490539905
65521.69899755832,0.0966678467799415,-0.04931433889920792,-0.40318910417884807
65540.16621823887,0.09225915269391002,-0.04299395036692975,-0.5670957784554668
65558.63343889125,0.08602979619631831,-0.036170855524597666,-0.7931935964333401
65577.10065954363,0.07766526440729596,-0.029418103957755237,-1.0488308874399062
65595.56788019602,0.0675295363642902,-0.02317471486382077,-1.2970884457438034
65614.0351008484,0.05630222031373665,-0.017676727336961087,-1.5021111047510296
65632.50232150078,0.0471811134231494,-0.01297372821719955,-1.6342859415849338
65650.96954215317,0.036611934445485605,-0.009006291807434424,-1.6745189763780917
65669.43676280555,0.025179460210759445,-0.005678586688045592,-1.6169928211441658
65687.90398345793,0.013728304423415952,-0.0028981834619551516,-1.4700071927268927
65706.37120411031,0.0029086248951398722,-0.0005862873350026626,-1.2547808729427037
65724.8384247627,0.011211516168850985,0.0013246018611203245,-1.002387988063567
65743.30564541508,0.024669969210016046,0.002892699825909301,-0.7492709176994146
65761.77286606746,0.03516210971613618,0.0041638028961160116,-0.5319777938703638
65780.24008671984,0.04243810753563112,0.005165512104478991,-0.3818845986809312
65798.70730737223,0.046397042957549685,0.0059002994068648095,-0.32066410650871113
65817.17452802461,0.04703016744208862,0.006335994163236445,-0.3571560416811034
65835.641748677,0.044507137732692874,0.006409233488588652,-0.48609043475444236
65854.10896932938,0.03910384637231592,0.0060364380250110235,-0.6888485612173793
65872.57618998176,0.031135894021408678,0.005138948759846307,-0.9361515788318128
65891.04341063414,0.02090111487983802,0.003659557228326479,-1.1922886254268314
65909.51063128652,0.008641844692316079,0.0015874442749967076,-1.4202738043803436
65927.97785193891,0.0033244983485531195,-0.0010342305326724265,-1.5871873583510343
65946.44507259129,0.012890417359421527,-0.004102524823468973,-1.6689296823210957
65964.91229324367,0.02313586088389707,-0.007468441848931954,-1.6537016072282893
65983.37951389606,0.03367118089779322,-0.010950836404235042,-1.5437083141278933
66001.84673454844,0.04404072854141769,-0.01436662796016227,-1.3548407704921068
66020.31395520082,0.0553262363955523,-0.017556309953520113,-1.1143806559495308
66038.7811758532,0.06726132270249635,-0.020401589004413603,-0.8570601722581045
66057.24839650559,0.08078658217220627,-0.02281272609902663,-0.6200457295621502
66075.71561715797,0.09339351275401564,-0.02468496572863067,-0.4375700659879267
66094.18283781035,0.10337696835273438,-0.025842799000825405,-0.3359883631592112
66112.65005846274,0.10971496735995255,-0.026046349743355093,-0.32997260970030856
66131.11727911512,0.11566316933112335,-0.02508830369929024,-0.42039344976220216
66149.5844997675,0.11564988107218653,-0.022930337672072452,-0.5941946569714415
66168.05172041988,0.1102121072352411,-0.01977062118118526,-0.8262782409091467
66186.51894107227,0.10448088123226253,-0.01599900470291506,-1.0831285306582858
66204.98616172465,0.09416313433666353,-0.012083893736108433,-1.3276521764420708
66223.45338237703,0.08115883549975532,-0.008452036321693933,-1.524534842736876
66241.92060302942,0.06900120544452185,-0.005409297312397268,-1.6453408364618771
66260.3878236818,0.05535251698688401,-0.003103150114409812,-1.672619357465019
66278.85504433418,0.04135126530585115,-0.0015365197465778044,-1.6024246171950525
66297.32226498656,0.027744912384284393,-0.0006070733666183167,-1.444885990134249
66315.78948563895,0.014983880386447632,-0.00015702380001754928,-1.2227457806332875
66334.25670629133,0.0033437608904020345,-9.985662618509842e-6,-0.9680755966272164
66352.72392694371,0.008813150713656837,-9.6970321614025e-6,-0.7176453707503339
66371.1911475961,0.019906127233818814,-0.000027739635347622105,-0.5076137261978064
66389.65836824848,0.028795909944615006,0.000017059987974156174,-0.3683064640145655
66408.12558890086,0.03526897948951936,0.00016203104209173513,-0.31983725736706875
66426.59280955324,0.03916332530456332,0.0003990620948264813,-0.3692030104945689
66445.06003020563,0.04037707010905042,0.0006826796853377192,-0.5092733666518452
66463.52725085801,0.038907661964763314,0.0009440983351284045,-0.7198203008921854
66481.99447151039,0.035011596022675735,0.001106668101727426,-0.9704391378434252
66500.46169216277,0.028484269664776365,0.001101368243446699,-1.224939182720466
66518.92891281516,0.019495586523003997,0.0008791864301394563,-1.446569948444153
66537.39613346754,0.008304817973086978,0.0004203768264718251,-1.6033282723679272
66555.86335411992,0.0037578359408772678,-0.0002589706294993801,-1.6725799347455175
66574.3305747723,0.015162110312473952,-0.0011044909414195294,-1.6443283431477782
66592.79779542469,0.027343318148257825,-0.0020244776779450857,-1.5226581946310742
66611.26501607707,0.03986767866198494,-0.002889464947530959,-1.3251455692458176
66629.73223672945,0.0521793393855,-0.003552916788690363,-1.080319596120166
66648.19945738184,0.06360989967955424,-0.0038702902851993196,-0.8235422554684978
66666.66667803422,0.07346708795105152,-0.003739111504342979,-0.591901396090845
66685.1338986866,0.08277266611856883,-0.0031418272419836417,-0.41885461006947633
66703.60111933899,0.09052669559214961,-0.002190176331167803,-0.32939759908272553
66722.06833999137,0.09607548520072473,-0.0011446093453574635,-0.3364547896108541
66740.53556064375,0.10434326330615204,-0.00038907291906344716,-0.43901319802420974
66759.00278129613,0.11604154725753657,-0.000344283211728386,-0.622268537220137
66777.47000194852,0.12497912495801097,-0.0013398161948031228,-0.8597619402129629
66795.9372226009,0.13064354827302346,-0.0035002650913405313,-1.1171990494218669
66814.40444325328,0.13114906396065742,-0.0066656961844882585,-1.3574014303835358
66832.87166390567,0.12645460346143755,-0.010340734843609187,-1.5456765776800845
66851.33888455805,0.1149678800492905,-0.013731061283256265,-1.6548302870931224
66869.80610521043,0.1009964115314289,-0.015941844353026164,-1.6690954805466567
66888.27332586281,0.08255570308760422,-0.016292767276280175,-1.5864090183940496
66906.7405465152,0.06224069834808617,-0.014572568472193122,-1.4187083123298756
66925.20776716758,0.04228801885478242,-0.01108423264239847,-1.190206160244569
66943.67498781996,0.023300681601902636,-0.006489504754093291,-0.933893730699896
66962.14220847235,0.005521341450032533,-0.0015777818255648377,-0.68677676083922
66980.60942912473,0.0074355714321394165,0.0029302545699185626,-0.4845325260403161
66999.07664977711,0.01712392207976174,0.006501613058887953,-0.3563587191937731
67017.5438704295,0.0249427256001863,0.008846402208667462,-0.3207578035177088
67036.01109108188,0.03090645747056529,0.009923959226203354,-0.38286549533589737
67054.47831173426,0.034849208709586556,0.009897566004172107,-0.533709184524156
67072.94553238664,0.03647965966766619,0.00905637062917039,-0.7515034799613668
67091.41275303903,0.03563855738559817,0.007719018012575416,-1.0047959150122316
67109.87997369141,0.0322617073204839,0.006153965644337251,-1.2570086739857824
67128.34719434379,0.026399335346177742,0.004531312143422377,-1.4717205665845443
67146.81441499617,0.018274294399197623,0.0029068279046826923,-1.6179265274180001
67165.28163564856,0.00799000842794923,0.0012297553818850153,-1.6745151166212784
67183.74885630094,0.005012912254058285,-0.0006424594735250043,-1.633317398767648
67202.21607695332,0.021520819095274164,-0.0029327955520099687,-1.5002868583494333
67220.6832976057,0.0395346839905416,-0.005940877770677934,-1.2946399026918045
67239.15051825809,0.05862484557141497,-0.0100457196269968,-1.0460809983625445
67257.61773891047,0.07797376045621744,-0.015697882587768188,-0.7905130709751307
67276.08495956285,0.09623661226493184,-0.02336761479803141,-0.5648525276666844
67294.55218021524,0.11340041565137994,-0.0333980083083551,-0.40169756496004416
67313.01940086762,0.129128349523678,-0.04569272180915618,-0.32461967335839587
67331.48662152,0.1392936277779033,-0.05926608609911177,-0.34475840886917186
67349.95384217238,0.14900034515554708,-0.07191958231237035,-0.45921156901428356
67368.42106282477,0.15180542309863496,-0.08065069042240987,-0.6514538517959751
67386.88828347715,0.15400547461987496,-0.08306384402987622,-0.8937239618365758
67405.35550412953,0.1487268643872754,-0.07883973846762597,-1.151035107903137
67423.82272478192,0.14266179333125592,-0.06978241008262444,-1.3862288214331095
67442.2899454343,0.13059401586095465,-0.058487870765078484,-1.5653414663550205
67460.75716608668,0.11670944866859245,-0.0470567405763877,-1.6625082262331188
67479.22438673906,0.10097778701016188,-0.03666821563923878,-1.6636967569244583
67497.69160739145,0.0839760395240303,-0.027759958602232432,-1.56873217598851
67516.15882804383,0.06627993171021235,-0.02033972650091897,-1.3913217438089107
67534.62604869621,0.04898512554085287,-0.014217903148819707,-1.1570758789047937
67553.0932693486,0.03348866630004136,-0.009142703512030007,-0.8998109374976783
67571.56049000098,0.018548354655663582,-0.004868942808847438,-0.6566671395312086
67590.02771065336,0.004631738537043566,-0.0011952033285870687,-0.4627462584845301
67608.49493130574,0.007715536161450459,0.0020246733591320503,-0.3460432815687366
67626.96215195813,0.018134471048678564,0.004872884228751711,-0.32340396455033943
67645.42937261051,0.026395504156255186,0.007369241621425817,-0.3980921445330696
67663.89659326289,0.03228654056604823,0.009471883884859695,-0.5593182333092129
67682.36381391528,0.03568178178368824,0.011084982206259168,-0.7837970845390136
67700.83103456766,0.036552541465945367,0.012070070174363247,-1.039110344400297
67719.29825522004,0.03527820886742994,0.012267527522676491,-1.2883877699222201
67737.76547587242,0.031612261269612515,0.011528068600734522,-1.4956315167409935
67756.2326965248,0.025678847742768206,0.009750043533179943,-1.6309145126569007
67774.69991717719,0.017674461798629915,0.006915306958223948,-1.6747022263146412
67793.16713782957,0.007828296027361951,0.003115386841291112,-1.6206737174335715
67811.63435848196,0.0040163477579965865,-0.0014390300207499736,-1.4766345687991322
67830.10157913434,0.018166376584729842,-0.006423253675294467,-1.2633898094839455
67848.56879978672,0.03321648283672745,-0.011432473572634676,-1.0117394959144
67867.0360204391,0.04848533045530803,-0.01602716470818448,-0.7580307248457598
67885.50324109149,0.06313980553654135,-0.019795726014197285,-0.5389083684679302
67903.97046174387,0.07623426991994967,-0.02242459280980964,-0.3860226400346151
67922.43768239625,0.08682076672786448,-0.0237512816453674,-0.3214579468828312
67940.90490304863,0.09503678104355927,-0.023790183450336847,-0.3545433675621962
67959.37212370102,0.10082483254418402,-0.022716581669452316,-0.48050549063421305
67977.8393443534,0.104330657733589,-0.020822979586519057,-0.6811580297929762
67996.30656500578,0.10415868504713639,-0.018450830612501707,-0.9275282876884703
68014.77378565817,0.09940800411614255,-0.015923699069394125,-1.1840408740826034
68033.24100631055,0.09122870684812252,-0.013491093678470137,-1.4136545976469481
68051.70822696293,0.08547851144021269,-0.011300968073862529,-1.5832111924180898
68070.17544761531,0.07998973621799471,-0.009404357142151543,-1.668223820211485
68088.6426682677,0.07299643783556253,-0.007786931289187313,-1.6564135885818991
68107.10988892008,0.06553576792900137,-0.0063995908409523235,-1.5494828732445196
68125.57710957246,0.05704341069289241,-0.005183721926005398,-1.362869206766901
68144.04433022485,0.04683263448076473,-0.0040810956712543315,-1.1235156442209966
68162.51155087723,0.035736335670158714,-0.0030501243433920305,-0.8659800096710454
68180.97877152961,0.024488817259735257,-0.002070852081106695,-0.6274450092225866
68199.445992182,0.013669349842191328,-0.0011466523785873713,-0.44234950290727465
68217.91321283438,0.003592203922040618,-0.0002983927606037439,-0.3374158758205071
68236.38043348676,0.0053863357401188715,0.0004500505146197119,-0.32779143564776164
68254.84765413914,0.012977619523747675,0.0010794720656165714,-0.4148611029200068
68273.31487479153,0.01904683040818446,0.0015802538337120482,-0.586047386368975
68291.78209544391,0.023445214548623618,0.0019495837988009878,-0.816626624719631
68310.24931609629,0.026156330136763908,0.002189640905878869,-1.0732992444583724
68328.71653674867,0.027186423744215465,0.00229742724093212,-1.3189984403128938
68347.18375740106,0.026421917021147667,0.0022660378208482776,-1.5182428368488303
68365.65097805344,0.023867098450046132,0.0020847778422904335,-1.642260165306971
68384.11819870582,0.019570055039042532,0.0017426326432468816,-1.6731420918174527
68402.5854193582,0.013645885381742856,0.0012354439338385405,-1.6064302782187219
68421.05264001059,0.0062130052195354685,0.0005695772343171329,-1.4517602745239246
68439.51986066297,0.0024898159714115955,-0.00023535399940719336,-1.2314702303380705
68457.98708131535,0.0119950508432715,-0.001147159427978376,-0.9773752535387288
68476.45430196774,0.02219775125199506,-0.00212384972795902,-0.7261731084279496
68494.92152262012,0.03277556752991978,-0.003126366208385943,-0.5141446228633778
68513.3887432725,0.04337953527137953,-0.004128629695461523,-0.37191410016267845
68531.85596392489,0.05362319552806476,-0.005130640237500572,-0.32002646068104124
68550.32318457727,0.06446025583039772,-0.006170532659676464,-0.3659799907194796
68568.79040522965,0.0757124119014076,-0.007331626628987873,-0.5031434018447216
68587.25762588203,0.08636799769630865,-0.008738961860447198,-0.7117137000462186
68605.72484653442,0.09578614226102708,-0.010535558872599599,-0.9615763657509575
68624.1920671868,0.10378033379395717,-0.012827727398831043,-1.2166543344156968
68642.65928783918,0.11137130232153775,-0.015610934694485904,-1.4401172023232707
68661.12650849156,0.11964590685284578,-0.018710639314616574,-1.5996983701594036
68679.59372914395,0.12347678138649733,-0.02178527748961764,-1.6723532516180966
68698.06094979633,0.12042351940201292,-0.024398912728449084,-1.6475871213222866
68716.52817044871,0.11119159197149346,-0.026111640110404035,-1.5289721628523985
68734.9953911011,0.09760984876642405,-0.02655424297059213,-1.3336332820289112
68753.46261175348,0.08167825513680803,-0.0254828003963951,-1.089775737596307
68771.92983240586,0.06508254100236806,-0.022831144706606358,-0.8326115816234483
68790.39705305824,0.04880884462562535,-0.018744942975565945,-0.5992739675693542
68808.86427371063,0.033111626352601245,-0.013583682983563359,-0.42345438150171016
68827.33149436301,0.018407339761025335,-0.007865029326952861,-0.33053729882570215
68845.7987150154,0.00499239448491611,-0.0021685388715040944,-0.3339347288121995
68864.26593566778,0.00785596765699253,0.002975525300485881,-0.4331498518231672
68882.73315632016,0.019235875258580348,0.007171083184600017,-0.6138492782105806
68901.20037697254,0.027994909270005214,0.01019944715108831,-0.8499333823478444
68919.66759762492,0.03383838058007288,0.012017160488367923,-1.1073056331186946
68938.1348182773,0.03667787556283418,0.01271539694840341,-1.348796541265315
68956.60203892969,0.03718021559951584,0.012462367030064007,-1.5395311728121932
68975.06925958207,0.03554365188965333,0.011447428991145465,-1.6519651749612234
68993.53648023446,0.031461742569249336,0.009839306623271269,-1.669862171443672
69012.00370088684,0.02526166219107586,0.007761617924393302,-1.590638248565678
69030.47092153922,0.01729588201524193,0.005282666368755511,-1.425735042983868
69048.9381421916,0.00785981208189182,0.0024137253218244423,-1.1989675695143964
69067.40536284399,0.003197320553061465,-0.0008861245167057692,-0.9430853409113369
69085.87258349637,0.016464722038853595,-0.0047024246480323805,-0.6950432994993644
69104.33980414875,0.030550313079896384,-0.009159441098522856,-0.49066538273683447
69122.80702480114,0.04487525217296871,-0.014417474732427842,-0.35947128524260114
69141.27424545352,0.05877024427415968,-0.020663772534234372,-0.3204134572663273
69159.7414661059,0.07152237702658897,-0.028099553333201837,-0.3791399896969714
69178.20868675828,0.08248140540441155,-0.03692008030944721,-0.527178726488911
69196.67590741067,0.09162969027948116,-0.047267461171137795,-0.7431604626581546
69215.14312806305,0.09946448758557234,-0.059144996772099154,-0.9959044843893786
69233.61034871543,0.10755557776997483,-0.0722763886035454,-1.248920652714215
69252.07756936782,0.11283418110329956,-0.08591613836046488,-1.4656777584441716
69270.5447900202,0.116694970005185,-0.09870420474731079,-1.6148776191410308
69289.01201067258,0.11769425876685172,-0.10872506619944705,-1.6749741272355445
69307.47923132496,0.11617742712551253,-0.11394052448589953,-1.6372855191619577
69325.94645197735,0.11224853529474572,-0.11295916633042852,-1.5072502837543036
69344.41367262973,0.10456656196841292,-0.10571183039718199,-1.303643882687665
69362.88089328211,0.09478997160395583,-0.09349217629857454,-1.0558678446597498
69381.3481139345,0.08263891519631239,-0.07829995498371226,-0.799702508979997
69399.81533458688,0.06826845991986408,-0.06202282344032867,-0.5721380228804664
69418.28255523926,0.0525931906877458,-0.04598858142685831,-0.40603147649331295
69436.74977589164,0.03647521913874431,-0.030935506943937013,-0.3253622319858638
69455.21699654403,0.020682998843760306,-0.017183939417245903,-0.34177018555886657
69473.68421719641,0.005878072086322376,-0.0048355983564130674,-0.4528761639973349
69492.15143784879,0.007990975845771173,0.006079845295474861,-0.6426265179336578
69510.61865850117,0.020426476475928056,0.015515826212536544,-0.8836119970539931
69529.08587915356,0.030864109906786567,0.02336284099488973,-1.1410261227118141
69547.55309980594,0.039080269197616424,0.02943820968611504,-1.3776915737509094
69566.02032045832,0.044744810786983474,0.03351221773385154,-1.559428831671458
69584.4875411107,0.04748525653062158,0.03535234625477956,-1.6599918416816513
69602.95476176309,0.046981435383934,0.03478010669393334,-1.6648579389392333
69621.42198241547,0.04305544677581359,0.03172090924824992,-1.5733247829622041
69639.88920306785,0.035723397954206065,0.02622513055077081,-1.3986115684733875
69658.35642372024,0.02519938695139718,0.018460670687558925,-1.1659499970377207
69676.82364437262,0.011855817088776636,0.008682142416037378,-0.9089407283109112
69695.290865025,0.0028762085405030858,-0.00279517208378145,-0.664701443694082
69713.75808567739,0.01610427124756128,-0.01559022679266679,-0.4685070680671531
69732.22530632977,0.03050122543212234,-0.0292319955968439,-0.3486959967107685
69750.69252698215,0.04577761668870567,-0.04310835897447737,-0.3225777694258859
69769.15974763453,0.06156765738055181,-0.056433858875666446,-0.3939330724764434
69787.62696828692,0.07740861539238277,-0.06828008053452424,-0.5524671149859753
69806.0941889393,0.09274533470783207,-0.07770580078375898,-0.7752954906438231
69824.56140959168,0.10696337188349624,-0.08397417374171272,-1.030248225847755
69843.02863024407,0.11945018023206232,-0.08676345631414169,-1.2805151534890842
69861.49585089645,0.1316713486496783,-0.08624788741003898,-1.489961807981842
69879.96307154883,0.14166335886647805,-0.08299969087341548,-1.6283479463332053
69898.43029220121,0.14834401605230332,-0.07777663304224637,-1.6756946338223828
69916.8975128536,0.15087270420023727,-0.07131354936025823,-1.6251688786168792
69935.36473350598,0.14858663151717857,-0.06418945881697008,-1.4840693629385995
69953.83195415836,0.14470931102126425,-0.05678699796604646,-1.2727716131378881
69972.29917481075,0.1365701897705552,-0.049315857332342866,-1.0217855764557082
69990.76639546313,0.12546131122400894,-0.041876031328901206,-0.7673504877741312
70009.23361611551,0.11013211098550058,-0.03452915997359441,-0.5462025955340536
70027.7008367679,0.09184640300773575,-0.027346799896609084,-0.39027079480972915
70046.16805742028,0.07147804104427713,-0.020423892295788566,-0.3220659452626017
70064.63527807266,0.049968159871656745,-0.013868542697442175,-0.35142988530184416
70083.10249872504,0.028587091433568017,-0.007786964552806969,-0.4741140159350467
70101.56971937742,0.00843159929137448,-0.0022743318358473463,-0.6723930071878338
70120.03694002981,0.007837474031685087,0.0025882594181481674,-0.9176249936004269
70138.50416068219,0.020364386784658826,0.006732599637125533,-1.174388314956477
70156.97138133457,0.030359920331630628,0.01009901922264392,-1.4055971915218826
70175.43860198696,0.03756932210751801,0.012635680102560621,-1.5778574740764375
70193.90582263934,0.041848140211730264,0.014292932340832757,-1.6662890670068229
70212.37304329172,0.04316638051202226,0.01502489505535524,-1.6581187154893946
70230.8402639441,0.041595254541048204,0.014788788277037368,-1.5545244213762601
70249.30748459649,0.03728796625291589,0.013551791142933997,-1.3704652177078422
70267.77470524887,0.030453178637059423,0.011301455417437501,-1.1325209170251394
70286.24192590125,0.021325208584324427,0.008057055424997206,-0.8750537966001443
70304.70914655364,0.01014530091000121,0.00388386990186959,-0.6352464847411132
70323.17636720602,0.0033695956227637936,-0.0010977722695904254,-0.4477325973868445
70341.6435878584,0.020659414344534558,-0.006712795964963809,-0.3395954727928613
70360.11080851078,0.039650668386939175,-0.0127376122499714,-0.3264571944517052
70378.57802916317,0.06004687543248341,-0.01891940659038405,-0.4102226458408232
70397.04524981555,0.08177705893141674,-0.025000297995709953,-0.5788043345915916
70415.51247046793,0.1044042339845058,-0.030738343015298524,-0.8078676705400504
70433.97969112032,0.1269915121501964,-0.03592595070903896,-1.0643445989684812
70452.4469117727,0.14829398397282287,-0.040397002435947564,-1.3112081326100766
70470.91413242508,0.1666641433827792,-0.04403808685266337,-1.5128183401020925
70489.38135307746,0.18026036854303393,-0.046796236450128,-1.6400680331685227
70507.84857372985,0.1875037952169369,-0.04868716450402336,-1.6745855318001324
70526.31579438223,0.18761334551800393,-0.04977642427711899,-1.6113879511470701
70544.78301503461,0.18088334977477813,-0.05012007358237985,-1.4596017505534191
70563.250235687,0.1706017995985979,-0.049691965352477906,-1.2411458386650662
70581.71745633938,0.15608378318533073,-0.04835419363387502,-0.98756682996246
70600.18467699176,0.13842416908897934,-0.045906634028052264,-0.7354832879912954
70618.65189764414,0.11939964070990486,-0.042192686707894174,-0.521296898641149
70637.11911829653,0.10030364896404431,-0.03719972280416526,-0.37593464774645163
70655.58633894891,0.08041911440273092,-0.03109924265322865,-0.320381941885859
70674.05355960129,0.06057541669547513,-0.024217248127292146,-0.36265222801310365
70692.52078025368,0.04143005014486119,-0.016963264189454468,-0.49663064548884706
70710.98800090606,0.02348419549495502,-0.009756748031921648,-0.7029582563636698
70729.45522155844,0.007115286666957137,-0.0029738224583402938,-0.9518287466521392
70747.92244221082,0.005334216217284048,0.0030773969121220485,-1.2072935043733903
70766.3896628632,0.014326068317532773,0.008166044617109678,-1.432453328332774
70784.85688351559,0.021695314326360283,0.012139746494360818,-1.5947870858441284
70803.32410416797,0.02734649746311136,0.01491592835258859,-1.6708479075823202
70821.79132482035,0.031224353090598088,0.01647927071866417,-1.6496488510582092
70840.25854547274,0.03307304935408695,0.01686618700680406,-1.5342492075154657
70858.72576612512,0.03273606900771573,0.016148633514920088,-1.3413124491825736
70877.1929867775,0.030111257318396853,0.014416493933080855,-1.098699712838265
70895.66020742989,0.02517622814899003,0.011760477823854813,-0.8414463701540711
70914.12742808227,0.018010083533010576,0.008264447448912002,-0.606702706669135
70932.59464873465,0.00880292698426403,0.004000252176679372,-0.42836928244227024
70951.06186938703,0.0027615417863046912,-0.0009698164367344214,-0.33220160826800277
70969.52909003942,0.018656591774238063,-0.0065879720268152454,-0.33209097853320674
70987.9963106918,0.035802329979847336,-0.012789992555387573,-0.4280584506919844
71006.46353134418,0.053577345202244483,-0.01950132616387654,-0.6062516049938136
71024.93075199657,0.07126442041964959,-0.026620339046671593,-0.8409445469634607
71043.39797264895,0.08807209159891982,-0.03400004112809356,-1.0982523994424416
71061.86519330133,0.10317653578764452,-0.04142116720255336,-1.3410240002127884
71080.33241395371,0.11578382887919011,-0.048564781780660024,-1.5342064233385027
71098.7996346061,0.12569199449968077,-0.05500007812187224,-1.6499067968859074
71117.26685525848,0.13317506174029858,-0.06021010530875656,-1.671420497234223
71135.73407591086,0.13635011179519507,-0.06367169905088335,-1.595643841318871
71154.20129656325,0.1348718218765652,-0.06498655527581022,-1.4335225159134288
71172.66851721563,0.1288309158906977,-0.06401178306151722,-1.2084706689308407
71191.13573786801,0.11878681067925753,-0.060918585682063806,-0.9529890107093961
71209.6029585204,0.10770927748027354,-0.05613196622532554,-0.7039707240481496
71228.07017917278,0.10581974463460386,-0.050177558590980734,-0.4973735758521749
71246.53739982516,0.1019133530936876,-0.04352763489308774,-0.36302786645638074
71265.00462047754,0.09345869681225327,-0.03652537389116618,-0.32032964187671337
71283.47184112993,0.08014259890680991,-0.029398009174636523,-0.3754402927223546
71301.93906178231,0.06338367728194204,-0.022308119605368756,-0.5203965859193213
71320.40628243469,0.044870424064369016,-0.015403636450169018,-0.7342601462847799
71338.87350308707,0.026108366186656663,-0.008839780786220667,-0.9861410261099732
71357.34072373946,0.008258785050164209,-0.002778249474758127,-1.2396588485230249
71375.80794439184,0.004965310971725561,0.0026255797954820585,-1.4581970404314823
71394.27516504422,0.013758222676600594,0.007239043079589237,-1.6101911301017275
71412.7423856966,0.02088448537837032,0.010957669962985877,-1.6736872933013969
71431.20960634899,0.02609780679753289,0.013709034777078988,-1.63951281418391
71449.67682700137,0.029215974677702896,0.01544777444304144,-1.5126006386552748
71468.14404765375,0.030157251846187543,0.016146935448825738,-1.311276805687684
71486.61126830614,0.02896841827339283,0.015794123677648167,-1.0646137326337788
71505.07848895852,0.02625261094173674,0.014391352486127409,-0.8082316665365179
71523.5457096109,0.021609591177097057,0.011960385797426767,-0.5791546897406958
71542.01293026328,0.015245130733833639,0.008548385855520143,-0.4104641597959601
71560.48015091567,0.0074411355450965215,0.004233173868485053,-0.32652164232831
71578.94737156805,0.0020740528587711083,-0.0008720160610970264,-0.33945112097857494
71597.41459222043,0.01573948793799349,-0.006617586397397325,-0.44738839507973194
71615.88181287282,0.030892481904408544,-0.012820278722107396,-0.6347504062280707
71634.3490335252,0.04756187676281241,-0.01927292835029157,-0.87448556945476
71652.81625417758,0.06564183942920829,-0.02575663509396921,-1.1319801231717566
71671.28347482996,0.08471758624889962,-0.032062286854053254,-1.3700563644053438
71689.75069548235,0.10387472084363823,-0.038012257086219775,-1.5543409587646448
71708.21791613473,0.12160023242985686,-0.04347129890018729,-1.6582281394485157
71726.68513678711,0.13596571469295116,-0.04834396866808459,-1.6667212894017847
71745.1523574395,0.14605228783831464,-0.052538817133900156,-1.578598473855403
71763.61957809188,0.15443594857559934,-0.05591966465601986,-1.4065892188931206
71782.08679874426,0.15630853852733717,-0.05825739494891549,-1.175536473011402
71800.55401939664,0.1516331085659428,-0.05922418400847179,-0.9188085900860855
71819.02124004903,0.14601605797105432,-0.05846505996304051,-0.673479681932405
71837.48846070141,0.1358995249383078,-0.05574258812059131,-0.4749751706417679
71855.9556813538,0.12112228478608794,-0.05109051280603713,-0.3519563882183988
71874.42290200618,0.1055269820915739,-0.044863175152504126,-0.3221831090008812
71892.89012265856,0.08923008309914945,-0.03763563682790827,-0.3899508551193613
71911.35734331094,0.07152227413327758,-0.030016830233222096,-0.5454712649208894
71929.82456396332,0.05373840830744321,-0.022493362035727403,-0.7662841291921282
71948.2917846157,0.03674304414666239,-0.015371634870400747,-1.0204988461800755
71966.75900526809,0.02102174782688332,-0.008803538682122442,-1.2713990383799332
71985.22622592047,0.006810625967530692,-0.0028482658510190035,-1.4827454048170006
72003.69344657286,0.006302765174536489,0.0024654545359562093,-1.6240101472181054
72022.16066722524,0.01793011010424261,0.0070958550819414995,-1.67478642624398
72040.62788787762,0.027155773041113117,0.010968522288254654,-1.6277359044607285
72059.09510853,0.03368711797519197,0.013977534890103668,-1.4896487872153352
72077.56232918239,0.03739759053573285,0.01600309002780234,-1.280463367150858
72096.02954983477,0.038325757222862376,0.016936253823076872,-1.0303866685526033
72114.49677048715,0.03664899507482878,0.016704651368618706,-0.7755319937585944
72132.96399113954,0.0326289463150969,0.015286943908406844,-0.5527034233701685
72151.43121179192,0.026553853051649354,0.012720755544586088,-0.3940806351006397
72169.8984324443,0.018691111531554443,0.00909545151927452,-0.322571764451524
72188.36565309668,0.009259370280440153,0.004542193452393461,-0.3485054036191678
72206.83287374907,0.0017906336786334821,-0.0007733036057323312,-0.4681393902545062
72225.30009440145,0.0154862829464781,-0.006651954289934898,-0.6642015856800318
72243.76731505383,0.030158412203803425,-0.012855606833996294,-0.9083844434961276
72262.23453570621,0.04523737992122906,-0.019094270228290456,-1.1654330431992606
72280.7017563586,0.06001746683527709,-0.02501539996163139,-1.3982361408120636
72299.16897701098,0.07366293371453905,-0.030202975028788468,-1.5731849085749243
72317.63619766336,0.08527885158023044,-0.034203515711440834,-1.6650253539022306
72336.10341831575,0.0981438814228674,-0.03659335994658703,-1.660503637988022
72354.57063896813,0.11159092041702258,-0.0370855811772677,-1.5602783028852156
72373.03785962051,0.12314841233551575,-0.03564649038792065,-1.378824394224039
72391.5050802729,0.13368199972102215,-0.032564326065127644,-1.1423443262777426
72409.97230092528,0.1390303378086944,-0.028412088969931568,-0.8849865376776238
72428.43952157766,0.14062289471973333,-0.02389293857266711,-0.6439161183587612
72446.90674223004,0.13473633623921102,-0.019626683707093147,-0.4539480507950209
72465.37396288243,0.1270047990494965,-0.015987399785540538,-0.3425181637362292
72483.84118353481,0.11396728086772394,-0.01306842314740406,-0.3257189767077806
72502.30840418719,0.10068802473346657,-0.010757803684065072,-0.4059740986582135
72520.77562483957,0.08527163831930194,-0.008852692322699147,-0.5716879056295239
72539.24284549196,0.06997278221910773,-0.007154419004104873,-0.7989210472854591
72557.71006614434,0.05488951888707351,-0.005523765738412406,-1.054849115556201
72576.17728679672,0.039067986224596105,-0.0039023372733617955,-1.302504220934697
72594.6445074491,0.023285281274742713,-0.0022996547126412498,-1.5061143390516278
72613.11172810149,0.007890615963399029,-0.0007740670188250494,-1.6362693872068417
72631.57894875387,0.00480191988853883,0.0006066627211954005,-1.6741682357519723
72650.04616940625,0.014252089831635477,0.0017844665333815032,-1.6143335553302351
72668.51339005864,0.02223949080459062,0.002724489840706928,-1.465402575120462
72686.98061071102,0.02855319686512819,0.0034150627302337124,-1.2488795910676225
72705.4478313634,0.03293489407391537,0.003856785503123418,-0.9960303881037603
72723.91505201579,0.0351191496506359,0.004051689209713304,-0.7433670722674304
72742.38227266817,0.03489794517593261,0.003995647258804389,-0.5273753676021848
72760.84949332055,0.03217425957227905,0.003678476113166581,-0.3792458271630695
72779.31671397293,0.026984311888824324,0.003091065026829467,-0.32036979844388175
72797.78393462532,0.019484113390644882,0.0022352475521332776,-0.3592505106112776
72816.2511552777,0.009929102884669316,0.0011360748990365491,-0.490275265196449
72834.71837593008,0.0014578433001273985,-0.00015517125923457782,-0.6945259706021925
72853.18559658247,0.014892219633165655,-0.0015611341251705907,-0.9425109470025289
72871.65281723485,0.029371010344218497,-0.002994394210577928,-1.1984235331494393
72890.12003788723,0.04464091918205046,-0.004378285377663719,-1.4253125747808146
72908.58725853961,0.06006241750303869,-0.005674501028394945,-1.5904182123188106
72927.054479192,0.07543454524276233,-0.006904875287953291,-1.6699025176489986
72945.52169984438,0.09167125023192413,-0.008164607483691484,-1.6522918872819659
72963.98892049676,0.11123456677372062,-0.009610741399493668,-1.5401340631025602
72982.45614114914,0.13267558003048802,-0.01142196045738445,-1.349630323641607
73000.92336180153,0.15170074815909343,-0.013722961221959628,-1.1082957138332452
73019.39058245391,0.16514085187509583,-0.01648613866841869,-0.8509850581729913
73037.8578031063,0.1703053187002274,-0.019459057822053566,-0.6148588648684343
73056.32502375868,0.1663616979403754,-0.022191634996137403,-0.4340166678681924
73074.79224441106,0.1547420420545221,-0.0241719579047947,-0.3345731217661025
73093.25946506344,0.13817494729684324,-0.025001387341100315,-0.33088747436623717
73111.72668571582,0.11996440937157588,-0.024506263931007174,-0.423490278247333
73130.19390636821,0.10155904077958361,-0.022754726040149345,-0.5990067158496667
73148.66112702059,0.0831032059689143,-0.019994856337413873,-0.8320879228705493
73167.12834767297,0.06590007284243865,-0.016559614286074203,-1.0890714759054523
73185.59556832536,0.04955991205749968,-0.012779739005501077,-1.3328424146149471
73204.06278897774,0.03408530466992248,-0.008931418035378,-1.5281929644342789
73222.53000963012,0.019754019886278104,-0.005219406382053846,-1.646907086476251
73240.9972302825,0.0067436006533751845,-0.0017860838878277982,-1.671835550072173
73259.46445093489,0.004293710809382895,0.0012695046390190747,-1.5993729018386242
73277.93167158727,0.013118342716557574,0.00387403967472913,-1.439978507856853
73296.39889223965,0.020274250442833743,0.00596825946741497,-1.216666356148131
73314.86611289204,0.02562507101798399,0.007504989036888381,-0.9616816911026858
73333.33333354442,0.02906647439531805,0.0084523322687647,-0.7118444371628854
73351.8005541968,0.03052536060209835,0.008796744971997292,-0.5032319255136781
73370.26777484918,0.029967091106930445,0.00854702584609561,-0.36596884450764927
73388.73499550157,0.02740232266636012,0.007732912404567326,-0.3198768551573863
73407.20221615395,0.02289128019727933,0.006397627379331389,-0.3716121306009777
73425.66943680633,0.01654866499553221,0.0045920828660532455,-0.5137041876585394
73444.13665745872,0.008540176390118021,0.002362286327080277,-0.7256347789066748
73462.6038781111,0.0011616600716353434,-0.00025306088932099656,-0.976801000666281
73481.07109876348,0.01456477271406179,-0.003221435419253164,-1.2309346784894577
73499.53831941586,0.028740995392214325,-0.006506435572796125,-1.451339801705353
73518.00554006825,0.04292129349199063,-0.010052901495659974,-1.606191669666102
73536.47276072063,0.05630799093636393,-0.013768057787589574,-1.6731325239492831
73554.93998137301,0.06816918642921202,-0.017501563700539555,-1.6425000438363597
73573.4072020254,0.07863034830145225,-0.02103805097849032,-1.5187225054815863
73591.87442267778,0.08690299596251273,-0.024106158042569978,-1.3196791411429285
73610.34164333016,0.09324109117511899,-0.02640863049117212,-1.0741180776899926
73628.80886398254,0.09901208844391891,-0.027672340531019607,-0.8175047978049864
73647.27608463493,0.10512813431700246,-0.027705049333349795,-0.5869006972118359
73665.74330528731,0.1128307367739231,-0.026439268480941275,-0.41561090523388294
73684.21052593969,0.12161461859960492,-0.023961501801522955,-0.3283732615343917
73702.67774659207,0.12838347685243043,-0.020520081346465067,-0.3377839194486145
73721.14496724446,0.1293686895806637,-0.01650643070927933,-0.44247975762401115
73739.61218789684,0.12477337131118221,-0.01239175342481609,-0.6273396133503517
73758.07940854922,0.11384753995923855,-0.008620630417075016,-0.8656684126483014
73776.5466292016,0.09827700924563537,-0.0055081716205354556,-1.1230494086001905
73795.01384985399,0.08010858641789625,-0.003190927174756673,-1.3623129343986071
73813.48107050637,0.061168777525207094,-0.0016432338349847302,-1.5489040788535955
73831.94829115875,0.04269534478069292,-0.0007301589473351277,-1.6558730555317993
73850.41551181114,0.025047495689296963,-0.0002664507736698142,-1.6677674388111978
73868.88273246352,0.00879604452673511,-0.000064488035818926,-1.5828641505864935
73887.3499531159,0.004700942022100464,0.000037353016274206754,-1.413418763962875
73905.81717376829,0.0149501149058871,0.00015676595072316738,-1.1838960255062054
73924.28439442067,0.023260978216748458,0.0003616227974768386,-0.9274370925878324
73942.75161507305,0.02945710459713852,0.0006673909593102608,-0.6810736804163683
73961.21883572543,0.03341211908542211,0.0010433505548686193,-0.48038031653256913
73979.68605637782,0.03505237245235331,0.0014235049376664078,-0.35433705379978675
73998.1532770302,0.03436014688243197,0.0017216388768006494,-0.32114453954710426
74016.62049768258,0.031378002247212995,0.001852026767201458,-0.38559574571902283
74035.08771833497,0.026203988623418176,0.0017481377858058506,-0.5383838234545375
74053.55493898735,0.018988687206317814,0.001378813037303339,-0.7574459992637977
74072.02215963973,0.009921434547698935,0.0007565753076133291,-1.0111494845368774
74090.48938029211,0.0009568183635357244,-0.000058670079368190763,-1.2628594420927384
74108.9566009445,0.015875640908745315,-0.0009607797197646931,-1.4762294199563883
74127.42382159688,0.03201646425844616,-0.0018048729702547582,-1.6204502333911899
74145.89104224926,0.04886651939865718,-0.002418986732042442,-1.6746992004431656
74164.35826290165,0.06572691620999371,-0.002622864660655107,-1.6311470972890765
74182.82548355403,0.08169294279093195,-0.00225771592159265,-1.49608856535018
74201.29270420641,0.09594036679483617,-0.0012231632148299314,-1.2890328243363807
74219.7599248588,0.10787710737654976,0.00048212666002534247,-1.0398861439825853
74238.22714551118,0.11623115641155084,0.0027353840642015794,-0.7846329718119086
74256.69436616356,0.1207189141091242,0.005289224273718467,-0.560139233945168
74275.16158681594,0.12369070928252533,0.007815955153745432,-0.39882810163893784
74293.62880746833,0.12264950237782192,0.009985913523440684,-0.3239971829039759
74312.09602812071,0.12002071298315786,0.011549085951451264,-0.3464538725838455
74330.56324877309,0.11450146190675634,0.01238619869553338,-0.4629550886793867
74349.03046942547,0.10621352461986977,0.012506212668415841,-0.6566762831323651
74367.49769007786,0.09746833456217713,0.012003162251706037,-0.899641321313974
74385.96491073024,0.08640990701567128,0.011003047036393052,-1.1567623123588178
74404.43213138262,0.0737652264781759,0.009631284294602015,-1.390906364991428
74422.899352035,0.06074947575961036,0.008005322148281419,-1.568257792093363
74441.36657268739,0.04713348572895741,0.0062350569569357694,-1.6632015145236962
74459.83379333977,0.03353118227824758,0.004419911968581628,-1.662022305257744
74478.30101399215,0.020112206440496883,0.002642081495582254,-1.5648854512707595
74496.76823464454,0.007308522816930046,0.0009624793290376084,-1.3858128705579842
74515.23545529692,0.005164735837459845,-0.0005743254058843683,-1.150658371530931
74533.7026759493,0.017095803214075476,-0.001929660516363488,-0.8933745266717331
74552.16989660168,0.026608447469597972,-0.0030666370455232086,-0.6511101182895032
74570.63711725407,0.033420189607231435,-0.003945189814434099,-0.45884594535137196
74589.10433790645,0.03739994748907103,-0.004529693738539634,-0.3443435229329183
74607.57155855883,0.0389762542439442,-0.004792590612222712,-0.3241361014168615
74626.03877921122,0.03809227665153908,-0.004721712152161192,-0.4011409689518261
74644.5059998636,0.03460275137629499,-0.004320476874825149,-0.5642379293105386
74662.97322051598,0.028720065238508494,-0.0036077449398757436,-0.789874919052424
74681.44044116836,0.020718993198978485,-0.0026134534928865874,-1.0454689859383859
74699.90766182075,0.010880563199580258,-0.0013741659506785135,-1.294111529090395
74718.37488247313,0.0004640592391773455,0.00006906539126205444,-1.499898329895308
74736.84210312551,0.011560377458890127,0.0016733330449850423,-1.6331146287961327
74755.3093237779,0.02362872887728224,0.0033914991753970993,-1.6745264254587082
74773.77654443028,0.03653609323888085,0.005169520507552005,-1.6181582347108607
74792.24376508266,0.050036396090240284,0.006937166129624662,-1.4721561084899033
74810.71098573504,0.06371270551146752,0.008603345895630396,-1.2576112523142282
74829.17820638743,0.07713163159111082,0.010049181897219829,-1.0055140742904538
74847.64542703981,0.08980262488643768,0.011128175484585908,-0.7522784428459759
74866.11264769219,0.10139654642697844,0.01166863688691881,-0.5344823274833347
74884.57986834458,0.11158098498736947,0.011496830417962465,-0.3835842210699636
74903.04708899696,0.11973157804191702,0.010488199453423707,-0.3213788084800534
74921.51430964934,0.1247837134557895,0.00863913561192381,-0.3568494462157197
74939.98153030172,0.12631136302457951,0.006113154591443999,-0.48487280754669526
74958.4487509541,0.12417125464791035,0.003217865926372847,-0.6869611239279468
74976.91597160649,0.11847757631525405,0.0003250875597636191,-0.9339323203536003
74995.38319225887,0.11077822747376553,-0.0022130301914168784,-1.190122604549822
75013.85041291126,0.10000918956293378,-0.004121901451978883,-1.4185352466608245
75032.31763356364,0.08728003136838834,-0.0052392832594759945,-1.5861829611360911
75050.78485421602,0.07277828593365042,-0.005526237663229961,-1.6688518400640364
75069.2520748684,0.05686705120733668,-0.005059754785601943,-1.6545982606101954
75087.71929552079,0.04039965688747606,-0.004004657230652934,-1.5454737950213286
75106.18651617317,0.024187364314060017,-0.0025740702070431018,-1.357229270232056
75124.65373682555,0.008944870242892769,-0.0009927383176162306,-1.1170407837108898
75143.12095747794,0.004628243575046069,0.0005347343624697454,-0.8595859087003827
75161.58817813032,0.016092886256666213,0.0018443338491844236,-0.6220365116656213
75180.0553987827,0.025434522296799406,0.002824952364586306,-0.4386911419626145
75198.52261943508,0.0324458710140639,0.003423842827335588,-0.33602211865901127
75216.98984008747,0.036964325754542345,0.0036432658143483836,-0.3288526244321734
75235.45706073985,0.038891043975670565,0.0035300935436949985,-0.41821595469957884
75253.92428139223,0.03820263955146901,0.0031607600877340955,-0.5912061298778609
75272.39150204461,0.034957895920701816,0.0026231277524934402,-0.8228414961413605
75290.858722697,0.029287349738930338,0.001997199394105586,-1.0796722128759373
75309.32594334938,0.02137711620294571,0.0013405004247768848,-1.3246106846089005
75327.79316400176,0.01144570265943778,0.0006755523229244312,-1.5222873749773027
75346.26038465415,0.00025666172924614447,-0.000014120613049164371,-1.6441585611568008
75364.72760530653,0.013268416031870116,-0.0007847950059986223,-1.6726284053913767
75383.19482595891,0.02757328010839536,-0.001723094841047298,-1.603590034958402
75401.6620466113,0.04300032025368924,-0.0029356017065482677,-1.447018627074289
75420.12926726368,0.0591866603669502,-0.004528157014974187,-1.225530802656429
75438.59648791606,0.07570724801356687,-0.006584059787610044,-0.97111833538482
75457.06370856844,0.0920088203432787,-0.009135908298297279,-0.720527868185269
75475.53092922083,0.10740033394780543,-0.012138898976310925,-0.5099538920120643
75493.99814987321,0.12105862850125745,-0.015452885858954787,-0.3698114493941731
75512.46537052559,0.13250413776885542,-0.018845213552529785,-0.32034350643484805
75530.93259117797,0.14056516961433527,-0.022025560396273604,-0.36869734329530407
75549.39981183036,0.1443043596740967,-0.024713357479525036,-0.5078921272002351
75567.86703248274,0.14332682213896894,-0.026697480885712638,-0.7178268971998715
75586.33425313512,0.137725743465698,-0.02785902074288804,-0.9681839092840241
75604.8014737875,0.128054914526602,-0.028143469060676322,-1.2228082004959944
75623.26869443989,0.11518940985872178,-0.02752209212509589,-1.444929648651427
75641.73591509227,0.100177880398015,-0.025979734371545125,-1.602472140856866
75660.20313574465,0.0840071021743252,-0.023533826967690748,-1.6726838715506083
75678.67035639704,0.06743570757416661,-0.02026111167211487,-1.6454217011726349
75697.13757704942,0.05112720447603104,-0.016312143825939773,-1.5246159769750587
75715.6047977018,0.03556494111202595,-0.011906028776734093,-1.32770392865418
75734.07201835419,0.021082779372136665,-0.007308796296620663,-1.083112796849297
75752.53923900657,0.00790947198383762,-0.0028017117085634372,-0.826155669886905
75771.00645965895,0.0035833197273205846,0.00135212179663022,-0.5939325264107677
75789.47368031133,0.01307980186998065,0.004937299557169644,-0.4199728588092043
75807.94090096372,0.020830843666588612,0.0077992455548292075,-0.3293936604985014
75826.4081216161,0.02673079464562916,0.00985221150455422,-0.3352721421222
75844.87534226848,0.030841517122675955,0.011067674830400677,-0.43675708979849853
75863.34256292087,0.03275764844134461,0.011463568086575978,-0.6191916624459138
75881.80978357325,0.0323656218579736,0.011087351731554172,-0.8562298979781728
75900.27700422563,0.029688874403049667,0.010004178089201473,-1.113641256853982
75918.74422487801,0.024876411416382894,0.008285128928922839,-1.3542537568421964
75937.2114455304,0.018158067607618372,0.006002938769861138,-1.5433218699083067
75955.67866618278,0.009790639516802386,0.003223970120546661,-1.6535440524543454
75974.14588683516,0.00002404788342154706,9.430552938836299e-6,-1.6690053697024394
75992.61310748754,0.012612283462187351,-0.0035900002941672685,-1.5874758590688618
76011.08032813993,0.026318715941007736,-0.007527478844914701,-1.4207326478785265
76029.54754879231,0.04054512972630702,-0.011760281730043681,-1.1928592085570502
76048.0147694447,0.054662188789704656,-0.016243732668447624,-0.9367672874424293
76066.48199009708,0.0679797159766163,-0.020925877863306727,-0.6894438029190261
76084.94921074946,0.0797890730719597,-0.025742165831230054,-0.4866092452092967
76103.41643140184,0.08950050826960075,-0.030612499820321437,-0.3575591190685744
76121.88365205422,0.09710556883412332,-0.03543682240725371,-0.3209333876545365
76140.35087270661,0.10176698533001823,-0.04009800136060278,-0.3820246077671847
76158.81809335899,0.10328061250388175,-0.0444500385803233,-0.5320132906461186
76177.28531401137,0.10169942968538505,-0.04829976623272031,-0.7492412040980396
76195.75253466376,0.09732825119562045,-0.051390454656052256,-1.0023393650466015
76214.21975531614,0.09164815906691384,-0.053415018096817896,-1.254758584344614
76232.68697596852,0.08448894578330271,-0.05406093407290863,-1.4700473411476007
76251.1541966209,0.07580537954439681,-0.0530652870850188,-1.6171152066008883
76269.62141727329,0.0663547293202372,-0.050263904307880025,-1.6747224360197654
76288.08863792567,0.056355766333219384,-0.04563397093805656,-1.6345471801427973
76306.55585857805,0.04638290008045971,-0.03932530332534109,-1.502387248841986
76325.02307923044,0.0377408546546882,-0.03166405850552035,-1.297323032329163
76343.49029988282,0.028343812278021893,-0.023118062553718878,-1.04896245221412
76361.9575205352,0.017779540735648268,-0.014232490657676903,-0.7931656701302325
76380.42474118758,0.007000493306062545,-0.005558676922656977,-0.5668668641101602
76398.89196183997,0.0040446357052793085,0.002407935822483042,-0.4027408400880346
76417.35918249235,0.015556948653513213,0.009263670277529378,-0.32448467797705305
76435.82640314473,0.024797516880726435,0.014722319672729594,-0.3433957886547419
76454.29362379712,0.03174805822492836,0.01861872945430249,-0.45674054537442066
76472.7608444495,0.03628683218311893,0.020902779022088844,-0.6481490785498915
76491.22806510188,0.03806931716305105,0.02161876665962507,-0.8899792214044544
76509.69528575426,0.03708224923775684,0.020874943669218698,-1.1473082216950512
76528.16250640665,0.03351555645965446,0.018814614172376665,-1.382975779564353
76546.62972705903,0.027903638121723175,0.015587074030175257,-1.5629501684863727
76565.09694771141,0.020334321299650335,0.01133141517434847,-1.6612425748097703
76583.5641683638,0.011054019403849757,0.0061623058120171895,-1.6636600451859729
76602.03138901618,0.00029552206312652874,0.00016650664810929515,-1.5698551258424362
76620.49860966856,0.008286165701932623,-0.0065903911341595066,-1.3933761953174018
76638.96583032094,0.01750872526778308,-0.014059615663873655,-1.159711143712144
76657.43305097333,0.027152106591488607,-0.02219570549155749,-0.9026068127080068
76675.90027162571,0.03686493756281939,-0.03093512339642254,-0.659195629125753
76694.36749227809,0.04625693907313147,-0.040174294905833664,-0.4646331720110701
76712.83471293047,0.05678123633981978,-0.04973650179640806,-0.34702109677698567
76731.30193358286,0.07079804450916867,-0.05933533909674859,-0.3233486552248321
76749.76915423524,0.08544360120640256,-0.06853746406028675,-0.3970389571667019
76768.23637488762,0.09949308620264465,-0.07673634016587606,-0.5574543453838459
76786.70359554,0.11119694076344976,-0.08316160134221777,-0.7814323126144002
76805.17081619239,0.11869256923940723,-0.0869666791601355,-1.03663019406975
76823.63803684477,0.12069037844048659,-0.08743315649921081,-1.286195759966744
76842.10525749715,0.11702064424317037,-0.08425312180950235,-1.494089344611356
76860.57247814954,0.1086195521960429,-0.07772610811467424,-1.6302887954563052
76879.03969880192,0.09699908332274516,-0.06869696409733694,-1.6751251754809662
76897.5069194543,0.08385155523128011,-0.05826202764768809,-1.6221228458160226
76915.97414010669,0.07065649205428441,-0.04744659121147529,-1.4789340128736026
76934.44136075907,0.05699321866756779,-0.03700289209906041,-1.2662332839982122
76952.90858141145,0.043462326389748326,-0.02736908437552623,-1.0147321522894115
76971.37580206383,0.03084850663315094,-0.018720094161914697,-0.7607444319505693
76989.84302271622,0.018734040223897096,-0.011058282200515905,-0.540942751555258
77008.3102433686,0.007385686405914636,-0.004298629555871258,-0.38706314432375055
77026.77746402098,0.00372472359990241,0.0016617479065941655,-0.3213223964150601
77045.24468467337,0.015250775437804615,0.00688899528971943,-0.3532099408315275
77063.71190532575,0.024578567562259433,0.011385059086996012,-0.4781175936022723
77082.17912597813,0.03141670517723239,0.015076751935313869,-0.6780050296946918
77100.64634663051,0.035592044387033846,0.017826763631188278,-0.9240049249062237
77119.1135672829,0.03707771959890633,0.01946405813457914,-1.1805915811162704
77137.58078793528,0.035985471792765976,0.01981602284339297,-1.4107110614007583
77156.04800858766,0.03262093812248603,0.01874849743342371,-1.5811320127207737
77174.51522924005,0.027518643328611293,0.016195888644540673,-1.6672444899209669
77192.98244989243,0.02030132767838861,0.012182167456005477,-1.656613815246059
77211.44967054481,0.011221581685055566,0.006827680541687435,-1.5507762808219971
77229.9168911972,0.0005610836947149238,0.0003440218828272088,-1.3650173718943845
77248.38411184958,0.009923546616962833,-0.0069681029807315805,-1.1261645040548194
77266.85133250196,0.021084589637737523,-0.014731139188181527,-0.8687129730255749
77285.31855315434,0.032508124873457174,-0.022498773283380163,-0.6298445119170799
77303.78577380673,0.043689653508311416,-0.029776546578533892,-0.4440577861037884
77322.25299445911,0.0543260481192589,-0.0360582014696186,-0.3381862326281094
77340.72021511149,0.06438750754021111,-0.04087997959898027,-0.3275227675888733
77359.18743576387,0.07371266147885136,-0.04388239064727754,-0.4136110781536097
77377.65465641626,0.08141872668022354,-0.04485893004783823,-0.5840225246944086
77396.12187706864,0.08711683392075462,-0.04377563209856459,-0.814150870303485
77414.58909772102,0.09054794210658079,-0.040767225824493096,-1.070765636645828
77433.0563183734,0.0923276310904655,-0.036131579492613315,-1.3168109789128524
77451.52353902579,0.0931719002212411,-0.03032522220644234,-1.5167570774194135
77469.99075967817,0.09155784589465087,-0.023932063878627202,-1.6417310298397614
77488.45798033055,0.08761392177401255,-0.017583682170025566,-1.6736860270158966
77506.92520098294,0.08179185388860025,-0.011848914005753365,-1.6080069045465781
77525.39242163532,0.07627911018752767,-0.00713071968527188,-1.454176314256608
77543.8596422877,0.0681122443337874,-0.0036138454998360737,-1.2344055873598094
77562.32686294008,0.05773930751972496,-0.0012781422437486032,-0.9804277646326528
77580.79408359247,0.04582571622343716,0.00004068130861256329,-0.7289155304203184
77599.26130424485,0.033124962934000975,0.0005783193072131,-0.5161855598586205
77617.72852489723,0.02037017511024028,0.0005847776347387147,-0.37295408205352276
77636.19574554962,0.008208594647494587,0.00029075339731245,-0.3199011583729778
77654.662966202,0.0025660334946862253,-0.00010874384098314705,-0.36468434449234677
77673.13018685438,0.011261375850527154,-0.0004621776336605951,-0.5008330168985416
77691.59740750676,0.01840124888579136,-0.0006666478200800348,-0.7086829965280513
77710.06462815915,0.02375709726133242,-0.0006701458447206963,-0.9582164345938963
77728.53184881153,0.027148887356777174,-0.00047322792412012656,-1.2133967845862221
77746.99906946391,0.028485803405891214,-0.00012726234469897198,-1.4373728013129854
77765.4662901163,0.027861650819252834,0.0002786404675390307,-1.59780006291962
77783.93351076868,0.025872990075537554,0.0006355957369516647,-1.6715115967160061
77802.40073142106,0.021964699929456703,0.0008388941834257561,-1.6478632154087405
77820.86795207344,0.016300346127046634,0.0008139690291467452,-1.5302705443831088
77839.33517272583,0.00910997380985077,0.0005366361886134106,-1.3357158106343525
77857.80239337821,0.0006566957347921652,0.00004297078993817706,-1.092295589031543
77876.26961403059,0.008984289048815833,-0.0005698735215571229,-0.8351635798278393
77894.73683468298,0.0195880812858616,-0.0011556931858121792,-0.6014542562940296
77913.20405533536,0.03099236022041782,-0.001545140327473848,-0.42492040881545695
77931.67127598774,0.043002889341656816,-0.0015768665312268799,-0.33105895032444804
77950.13849664012,0.05535218280801918,-0.0011343620534381674,-0.33342884727305866
77968.6057172925,0.06766895596321693,-0.0001778446616619521,-0.43169288785998633
77987.07293794489,0.07945869001943663,0.0012411616160782294,-0.6116660647146288
78005.54015859727,0.09011794044134462,0.0029892994477002635,-0.8473635960895284
78024.00737924966,0.09898866683879505,0.004892478020034053,-1.1047529062267234
78042.47459990204,0.10546072056630994,0.006779132213684978,-1.3466678559803507
78060.94182055442,0.10908515470270101,0.0085109732375913,-1.5381756872573171
78079.4090412068,0.1105002454508701,0.009979720333219083,-1.6516216945181839
78097.87626185919,0.10905189359149171,0.011090129842578204,-1.6706230961773858
78116.34348251157,0.10597419022111983,0.011754805667846821,-1.5924352274161326
78134.81070316395,0.1015118004707697,0.01190792428700965,-1.4283481450855704
78153.27792381633,0.09381155313260263,0.011522853035943659,-1.20205620781699
78171.74514446872,0.08312422555657938,0.01062038716106563,-0.9462361343027814
78190.2123651211,0.0700606411807473,0.009263068614500167,-0.6978279602418783
78208.67958577348,0.05540862535822297,0.007545340735166533,-0.4927005594309323
78227.14680642587,0.040013511253451164,0.005586236370155977,-0.36047204939135913
78245.61402707825,0.024682390032691487,0.003515740604032879,-0.32023291077615335
78264.08124773063,0.01012264828930919,0.0014639679637980826,-0.37778936371297195
78282.54846838301,0.0026673042175020594,-0.0004511890437632862,-0.5248251041130737
78301.0156890354,0.012392879991132269,-0.002130763647640103,-0.7401025063860226
78319.48290968778,0.020132241186178453,-0.003501929241170316,-0.9925298068098677
78337.95013034016,0.025813138218939147,-0.004516283860932752,-1.2456512633704042
78356.41735099255,0.029573760248316944,-0.005148339324030334,-1.4629118021909362
78374.88457164493,0.031271552148843855,-0.005393847718484005,-1.6129358650598296
78393.35179229731,0.03083078744316111,-0.005265098155805491,-1.674058176557684
78411.8190129497,0.028319176309414634,-0.004787562427183006,-1.6374522182165503
78430.28623360208,0.02387468537016122,-0.003996328088407885,-1.5084046976985828
78448.75345425446,0.017687596571096503,-0.002931855584452096,-1.3055520235203968
78467.22067490684,0.009969443800480256,-0.0016363274386194514,-1.0581890689912241
78485.68789555923,0.0009312973092766618,-0.00015096730300656738,-0.8020388483499216
78504.15511621161,0.010920481054760853,0.001486951401762212,-0.5740939593797808
78522.62233686399,0.02418177378249291,0.0032439206657978977,-0.4072746688175578
78541.08955751637,0.03846677743080963,0.005091867737775668,-0.32567500155358126
78559.55677816876,0.05349366035020546,0.007004542046026108,-0.3410833173660321
78578.02399882114,0.06887779114606438,0.008957156490254366,-0.4512798526823179
78596.49121947352,0.08409569487895042,0.01092454188201174,-0.6403571322046046
78614.9584401259,0.09846472774722477,0.012877475904233573,-0.881017014256304
78633.42566077829,0.11115747175476261,0.014774554045096831,-1.1385126127061538
78651.89288143067,0.12148336971538296,0.016546036948831735,-1.3756656762448047
78670.36010208305,0.12916618777506253,0.018070015730897105,-1.5582346358644164
78688.82732273544,0.1331728564785262,0.019159703665443315,-1.6598581773678767
78707.29454338782,0.13315318810532953,0.019592956037330782,-1.665861215657056
78725.7617640402,0.12913535814963886,0.019193528107003404,-1.5753747825646804
78744.22898469259,0.12160922180670664,0.017919491000009214,-1.4014635024542375
78762.69620534497,0.11271146332256166,0.01589745859225955,-1.169240300739321
78781.16342599735,0.10115312869928986,0.013384853963300088,-0.9122394236293665
78799.63064664973,0.08752239297178788,0.010690416352192502,-0.6675725967714062
78818.09786730212,0.07272476246560143,0.008091361364767145,-0.4705691360614532
78836.5650879545,0.05727353868335544,0.0057753429207973595,-0.3496741159403701
78855.03230860688,0.04132261620708218,0.0038214767426618087,-0.3223408740048459
78873.49952925926,0.025568179678671983,0.0022162982184918897,-0.392510826227967
78891.96674991165,0.010659077625460239,0.0008910904691054155,-0.5500446007425297
78910.43397056403,0.0030291254429796848,-0.000237355197077516,-0.7721866801150199
78928.90119121641,0.01546017843593667,-0.0012367922075714483,-1.026851977519319
78947.3684118688,0.025668481071685192,-0.002140340225142703,-1.2772596275125547
78965.83563252118,0.03344466538002935,-0.0029403980610170715,-1.4872447435398555
78984.30285317356,0.03862355712706325,-0.0035961522822935683,-1.6264810358227186
79002.77007382594,0.04115493527867094,-0.004046386218413999,-1.6748600982832222
79021.23729447833,0.04134125535267448,-0.004227479962820829,-1.6253950064143947
79039.70451513071,0.03872816469536122,-0.004088066422829016,-1.4852290185509487
79058.1717357831,0.03344207346165204,-0.0036004683314680855,-1.2746038244696836
79076.63895643548,0.02534597253381122,-0.002764263090862594,-1.0239364079428108
79095.10617708786,0.014638807966398357,-0.0016075307961202546,-0.7694266572957421
79113.57339774024,0.001679164032653323,-0.00018438760156024822,-0.5478299753434565
79132.04061839262,0.01114665840649977,0.0014283607454196208,-0.3911497039021116
79150.507839045,0.024947447878015394,0.003130642764581212,-0.3220157550974312
79168.97505969739,0.0396092421817192,0.004799157465708387,-0.35041676233278646
79187.44228034977,0.05498514729809446,0.006286342433465368,-0.47225761726066257
79205.90950100216,0.07066352345380515,0.007423310376830432,-0.6699506726003638
79224.37672165454,0.08617414095631125,0.008031828690647495,-0.9149552331218528
79242.84394230692,0.10101376970612498,0.007950925983918694,-1.1718986262311992
79261.3111629593,0.11461672513742317,0.007080359334102875,-1.403683764727788
79279.77838361169,0.1263612285729194,0.005433549256184949,-1.5768456752113833
79298.24560426407,0.13558982258687463,0.003177495214918314,-1.6663835516503047
79316.71282491645,0.14204143697671814,0.0006270355624063638,-1.6593706946598712
79335.18004556884,0.14483729731861314,-0.0018262708886262473,-1.5568211943913208
79353.64726622122,0.14311172383901347,-0.0038313953343076437,-1.3735438251961787
79372.1144868736,0.13676075659667936,-0.0051800523108964415,-1.1360040468054724
79390.58170752598,0.12631076507439962,-0.005839307702938421,-0.8785026026230477
79409.04892817837,0.11308868484022466,-0.0059078791730723754,-0.6382224450189257
79427.51614883075,0.09739867982034311,-0.00553569849351873,-0.44985922322626837
79445.98336948313,0.08016441826678852,-0.004859848484406959,-0.34061072794967423
79464.45059013552,0.06226665540691197,-0.0039835494499287595,-0.32624892817461404
79482.9178107879,0.044468392132744936,-0.0029801630822106906,-0.40884204652935724
79501.38503144028,0.027396639093961603,-0.001910094106627696,-0.576455884358207
79519.85225209266,0.011551466266932514,-0.0008314426691907939,-0.8048776429437337
79538.31947274505,0.0028303124859346317,0.00019701513798794882,-1.0611131871763355
79556.78669339743,0.015860724174090773,0.0011181257015792114,-1.3081524587640492
79575.25391404981,0.026586185989446908,0.001881720101068193,-1.5103146385076995
79593.7211347022,0.03477314313776523,0.002448813161742855,-1.63840105549055
79612.18835535458,0.04023639671592088,0.0027952404832908254,-1.6739117223983087
79630.65557600696,0.04285502799911733,0.002914420288961044,-1.6117166766484612
79649.12279665934,0.0425825984556693,0.002815346509259893,-1.4607964803495899
79667.59001731173,0.03946226752884504,0.0025225742706323656,-1.2429450780564943
79686.05723796411,0.03362060963075471,0.002070459326086838,-0.989622422267177
79704.52445861649,0.025254387622017295,0.0014974025576422654,-0.7374113982472574
79722.99167926887,0.014608407038150552,0.0008365422158761076,-0.5227350735208812
79741.45889992126,0.001957597082668913,0.00010925154857380871,-0.376597082980063
79759.92612057364,0.012077825242087736,-0.0006778707020023674,-0.3201046373221315
79778.39334122602,0.02741540486675006,-0.0015289032289777444,-0.36142060795976183
79796.8605618784,0.043655943465956186,-0.0024517191418179977,-0.4945847809852607
79815.32778253079,0.06025781962525852,-0.0034456320515870126,-0.7003744449895849
79833.79500318317,0.07659252522898127,-0.00449195954844295,-0.9490800004799357
79852.26222383555,0.0919641718112156,-0.005550640129495673,-1.204794786306162
79870.72944448794,0.1056589257856233,-0.006565995667884651,-1.43059970244698
79889.19666514032,0.11702321278994735,-0.007479286868065244,-1.5938940008691185
79907.6638857927,0.12583794971009646,-0.008240584511330714,-1.671102451248726
79926.13110644509,0.13806573542871464,-0.008812121005507838,-1.6510791620960885
79944.59832709747,0.14665017593463958,-0.009162390909758721,-1.5367168311655581
79963.06554774985,0.15196117439550286,-0.009260625846721665,-1.3445295921089655
79981.53276840223,0.1513102598623756,-0.009083743573342658,-1.1022696822046627
79999.99998905462,0.14401033804112337,-0.008629866830981407,-0.844920933298805
80018.467209707,0.13257035378918325,-0.007930282833019388,-0.6096465712732372
80036.93443035938,0.1201426334196247,-0.007043401294624574,-0.43042126106677114
80055.40165101177,0.10414183150933068,-0.006037182294903734,-0.3331237665885092
80073.86887166415,0.0861755462573873,-0.0049723894213848895,-0.33179952408609836
80092.33609231653,0.06810888025978787,-0.0038924800345703026,-0.4266326969523594
80110.80331296891,0.04931019176104773,-0.002824820961687129,-0.6039202377592802
80129.2705336213,0.030763053168369497,-0.0017845165351996106,-0.8380514832825503
80147.73775427368,0.01324947117257344,-0.000783924083396747,-1.0952072985182897
80166.20497492606,0.002417066013457633,0.00016001903182305413,-1.338244480205503
80184.67219557845,0.015050113962590232,0.0010256541015014032,-1.5320599804537902
80203.13941623083,0.025409211929534027,0.0017834737643113623,-1.6486602682799043
80221.60663688321,0.03327473815712607,0.0024001326334586355,-1.6712037869694032
80240.0738575356,0.03849541214074554,0.0028419200371290034,-1.5964328061651587
80258.54107818798,0.04099175943855999,0.003081111944780066,-1.435143582416522
80277.00829884036,0.040750569967935975,0.003098549114796567,-1.2106270242913202
80295.47551949274,0.03782670909500677,0.002888677363914913,-0.9553051190165911
80313.94274014512,0.032330061140018705,0.0024603843369565203,-0.7060488833550335
80332.40996079751,0.024422895853130143,0.001837626677429364,-0.4988539491001856
80350.87718144989,0.014299771607670316,0.0010550770737900253,-0.36364262026010147
80369.34440210227,0.002192137160357252,0.00015735334404535888,-0.319942982962528
80387.81162275466,0.012521206589541497,-0.0008061508302980661,-0.37406899381123704
80406.27884340704,0.02878100049454875,-0.0017822790938401408,-0.5182087211878488
80424.74606405942,0.045949551709816086,-0.002717509405488036,-0.7315523685293154
80443.2132847118,0.06399765878020727,-0.0035589367264304947,-0.983297163117067
80461.68050536419,0.0821135910659805,-0.004257320021479411,-1.2370951866866966
80480.14772601657,0.09947755185929073,-0.004770950750436516,-1.4563018943113522
80498.61494666895,0.1150637386759646,-0.005073911521201249,-1.609267476643745
80517.08216732134,0.12773044995428903,-0.005168344768286896,-1.673907034717013
80535.54938797372,0.13642460448503227,-0.005099667717780627,-1.640889647736215
80554.0166086261,0.14045859073935685,-0.0049672458684375444,-1.514985761194098
80572.48382927848,0.1397175569619119,-0.004912944234544183,-1.3143781981894123
80590.95104993087,0.13466369505016826,-0.005071616900910684,-1.0680362992246788
80609.41827058325,0.1261671980185045,-0.005491272374111095,-0.8115327434626667
80627.88549123563,0.1150443313695037,-0.006080275200901928,-0.5819074745661903
80646.35271188802,0.10225611276690469,-0.006631790354167014,-0.4123197669492753
80664.8199325404,0.08996204501216475,-0.0069165986538864115,-0.32725933703067905
80683.28715319278,0.07849393095842515,-0.006778228231211063,-0.3390080996936128
80701.75437384516,0.06508044569521938,-0.006176800804165782,-0.44586528026676275
80720.22159449755,0.050766569898090655,-0.0051762298425422956,-0.6323932791982908
80738.68881514993,0.036423361733199225,-0.0039028970275054474,-0.8716482754830496
80757.15603580231,0.022665907847944367,-0.002501541423125627,-1.1290724688861382
80775.6232564547,0.00988626296734136,-0.001104087379176959,-1.3674853363473167
80794.09047710708,0.0015294503500963648,0.0001850101841474947,-1.5524530899368125
80812.55769775946,0.010834416937295623,0.0012895949549358938,-1.657261122908258
80831.02491841184,0.018589466453748454,0.0021636750457432645,-1.6667715783261814
80849.49213906423,0.02461827344616127,0.0027818322175570415,-1.5796091087862167
80867.95935971661,0.028761051369261083,0.003139080761111388,-1.4083592597105437
80886.42658036899,0.030894182017858055,0.003246714931562666,-1.177750874472068
80904.89380102138,0.031010586323806894,0.003127535636627235,-0.9210850051753064
80923.36102167376,0.029108612473210827,0.0028112965657546302,-0.675426017698235
80941.82824232614,0.025133949360475836,0.002329475672508249,-0.4762492821422451
80960.29546297852,0.01916952294870958,0.0017120997048531688,-0.3523183182234024
80978.7626836309,0.01136657831288609,0.000983951999574365,-0.3215311520806825
80997.22990428329,0.0019496575062345587,0.0001647709380720467,-0.3883356841257063
81015.69712493567,0.009314209311759108,-0.000733372580443012,-0.5430873227291766
81034.16434558805,0.02170077579027978,-0.0017056312398481695,-0.7634416284927603
81052.63156624044,0.03469640383655449,-0.0027558350390779088,-1.0175808583016757
81071.09878689282,0.04779994360492329,-0.00389302596742448,-1.2688084780177047
81089.5660075452,0.060374973228194156,-0.0051242818568714805,-1.4808482012847597
81108.03322819759,0.0716551370014176,-0.006439839142295387,-1.6230824142290439
81126.50044884997,0.08081768440120829,-0.007796139737838554,-1.6749736174464502
81144.96766950235,0.08782497669837817,-0.009096894885359391,-1.6290304451799655
81163.43489015473,0.0927142767657254,-0.010188959935586783,-1.4918898473850257
81181.90211080712,0.09443710282842326,-0.010878095680702735,-1.283358898559003
81200.3693314595,0.09314225424835197,-0.010971016117739155,-1.0335543003629004
81218.83655211188,0.09516187272999958,-0.01034036796278533,-0.7785525814094563
81237.30377276427,0.0956149004553633,-0.008988996025592843,-0.5551794350305566
81255.77099341665,0.09333083617565588,-0.007078497602435728,-0.3956912112563993
81274.23821406903,0.08749302688403826,-0.004896555403033872,-0.32311702817146126
81292.70543472141,0.07856106973660543,-0.0027745096694013665,-0.3479340691390858
81311.1726553738,0.06742670976424149,-0.0009963376999120835,-0.4665556084737417
81329.63987602618,0.0558368654817763,0.00026156252654881693,-0.6618493982402291
81348.10709667856,0.043772310939906287,0.0009464275280794272,-0.9056113702225452
81366.57431733095,0.03158630817951682,0.0011139178747094209,-1.1626379084074927
81385.04153798333,0.019798350439698062,0.0008933185265428379,-1.3958092381686027
81403.50875863571,0.008777394123525462,0.000447495015144062,-1.571449989359608
81421.9759792881,0.00121580000696837,-0.0000639479637388051,-1.6641925801256112
81440.44319994048,0.009964186531394898,-0.0005123388293334084,-1.6606408640396417
81458.91042059286,0.017154314438716435,-0.0008151512820725195,-1.5613048848620679
81477.37764124524,0.022556373821743334,-0.0009402985139734324,-1.3805273392299708
81495.84486189763,0.026020505894710274,-0.0008995156111676012,-1.1444123799610608
81514.31208255001,0.027493773768507365,-0.0007362316709505485,-0.8870558791395753
81532.77930320239,0.027028131230096068,-0.0005100358805490989,-0.6456215760475712
81551.24652385477,0.02476423503007331,-0.0002814598680754358,-0.454974220172957
81569.71374450716,0.02093193211709827,-0.00009939346479030615,-0.3426447760932866
81588.18096515954,0.01569634348557511,7.515425141783218e-6,-0.32485475899717337
81606.64818581192,0.009224737710484886,0.000035946004872869026,-0.4041737828740609
81625.1154064643,0.0017184590158441549,8.964426686896838e-6,-0.5691485440079316
81643.58262711669,0.0077762875707004415,-0.000024894230451319268,-0.7959567928427245
81662.04984776907,0.018375128360250532,8.890483654797682e-6,-1.0518474454901172
81680.51706842145,0.029418946869602114,0.00020629668448830563,-1.2998700629044058
81698.98428907384,0.04077545709461226,0.000681527767107171,-1.5042107318911857
81717.45150972622,0.05182881621460945,0.0015583001245642002,-1.63536380392666
81735.9187303786,0.06195997296052159,0.002954045097679446,-1.6743926351968803
81754.38595103098,0.07046899779184343,0.004958296315448023,-1.615664023999855
81772.85317168337,0.07667407493466435,0.007605163353806748,-1.4676614499735532
81791.32039233575,0.08006040343096982,0.010844534721779093,-1.251759734773709
81809.78761298813,0.0812108684986001,0.014515909253533991,-0.9991382655252732
81828.25483364052,0.08048071747972207,0.01833670499192401,-0.7462787129844115
81846.7220542929,0.07785547960996636,0.021915986487007696,-0.5296971559669564
81865.18927494528,0.0768252453613072,0.02481031491254164,-0.3806707668206173
81883.65649559766,0.07351616368039547,0.02661788807969133,-0.3207205730764312
81902.12371625005,0.06601743765817557,0.027077994018279247,-0.3585033057148912
81920.59093690243,0.05950892527498747,0.026128138324383765,-0.48856149991024583
81939.05815755481,0.053386609331171744,0.0238944530012222,-0.6921119641991675
81957.5253782072,0.04576164211809369,0.02063275454555029,-0.9397583889741826
81975.99259885958,0.036790781474795795,0.016658596262869516,-1.1957364014958247
81994.45981951196,0.02709935200634772,0.012293790049912642,-1.4230782117448524
82012.92704016434,0.017270131831739883,0.007835145657509908,-1.588951104139
82031.39426081673,0.007811224076846635,0.00353883465654243,-1.6693988525546453
82049.86148146911,0.0011988824328372364,-0.000387007339490258,-1.6528013442077054
82068.3287021215,0.011819470828811119,-0.003783560591072646,-1.541552788084383
82086.79592277388,0.02069467977789958,-0.006542087913299931,-1.351716119919731
82105.26314342626,0.027615443767421206,-0.008595762768497653,-1.1107034715031558
82123.73036407864,0.032393016490948716,-0.009915826124379508,-0.8533176501767807
82142.19758473102,0.034879741792373214,-0.010503166003401615,-0.6167262903512241
82160.6648053834,0.034990497291824046,-0.010381958836569316,-0.4350944899537252
82179.13202603579,0.03272293440670436,-0.009593185606848792,-0.3346510581002735
82197.59924668817,0.028162572735980808,-0.008187509335113898,-0.32990085661630036
82216.06646734056,0.021472299670098727,-0.006217653966449936,-0.421530188355613
82234.53368799294,0.012875790030242605,-0.0037318988413210944,-0.5963076888103345
82253.00090864532,0.002634652607085811,-0.0007683752789380974,-0.8289950220358492
82271.4681292977,0.00573885867954738,0.0026429452844756946,-1.0859914717998098
82289.93534995009,0.013916455207133152,0.00647698101938859,-1.3301861379057702
82308.40257060247,0.022723035592505558,0.010702574724521394,-1.5263170515779103
82326.86979125485,0.031997590403069376,0.015265920015675387,-1.646063305199605
82345.33701190724,0.041514473651727994,0.0200789793550844,-1.672134833574328
82363.80423255962,0.050969085402871046,0.025009662775282254,-1.6007692272333343
82382.271453212,0.059979293862365606,0.029880478855601928,-1.4422749967261783
82400.73867386438,0.06810946200206928,0.03448430496971007,-1.2195428188924078
82419.20589451677,0.07491855515927677,0.038604223532542385,-0.9647397442132628
82437.67311516915,0.08002311490229534,0.04203521590098989,-0.714663753115807
82456.14033582153,0.08313993528715453,0.04459213460433332,-0.505429531635458
82474.60755647391,0.08411239580149861,0.046105332185811455,-0.36725296812952046
82493.0747771263,0.08345466948859621,0.046418690662774535,-0.3200876907688687
82511.54199777868,0.08132951610570792,0.04540739718577808,-0.3707438972053751
82530.00921843106,0.07783689979477386,0.043021822973127156,-0.5119054487316085
82548.47643908345,0.07185269930614953,0.03933237597986717,-0.7231867801904471
82566.94365973583,0.0636408675109527,0.03453962779475371,-0.9740766593109204
82585.41088038821,0.05370510252002246,0.028938825731545104,-1.2283437773677675
82603.8781010406,0.04268302708677536,0.02286610322166943,-1.449268399486824
82622.34532169298,0.03121217175510762,0.01664197767642805,-1.604944894116766
82640.81254234536,0.01985718443439611,0.010545984039189459,-1.67288940510382
82659.27976299774,0.009080415822417011,0.004806233765562013,-1.643287086318803
82677.74698365013,0.0005827935204004038,-0.00039731798425073425,-1.520409788543255
82696.21420430251,0.007274214055474649,-0.004922564358370758,-1.321999389256628
82714.68142495489,0.012929252722534852,-0.008658698446484961,-1.0767058152799145
82733.14864560727,0.01743584255188706,-0.011521727588715398,-0.8199497642795204
82751.61586625966,0.02067645835700013,-0.01345331946153943,-0.5888076235005093
82770.08308691204,0.022534485212426906,-0.014422104719985205,-0.41665728294230137
82788.55030756442,0.022908248527862062,-0.014423529194901388,-0.32835805573224436
82807.0175282168,0.021726783576782923,-0.01347762583330337,-0.33666077227057656
82825.48474886919,0.018967013613136085,-0.011624343763902981,-0.4403664503414881
82843.95196952157,0.014668347492577078,-0.008917977775199565,-0.6244994313646085
82862.41919017395,0.008943841759751377,-0.0054213903783113596,-0.8624699763104016
82880.88641082634,0.0019838368842407562,-0.0012058187062040848,-1.119914032091928
82899.35363147872,0.006692937586302803,0.0036497318217734373,-1.3596556840020857
82917.8208521311,0.016499762993573083,0.009052294352698859,-1.5470756765497873
82936.28807278349,0.02697705498114835,0.014886609080390335,-1.6551107274022645
82954.75529343587,0.03785285455928553,0.0210042973642104,-1.6681616653328921
82973.22251408825,0.04877467978377361,0.027212604488057287,-1.5843460007139565
82991.68973474063,0.05928795766984834,0.0332672640493072,-1.4157696410424743
83010.15695539302,0.06883684341024975,0.0388737721234928,-1.1867785440085032
83028.6241760454,0.07680496007193947,0.0437061683591211,-0.9304428433096595
83047.09139669778,0.0826008596368125,0.047441182312231114,-0.6837812166377405
83065.55861735017,0.08681674437846731,0.04980529930698556,-0.4824151255885253
83084.02583800255,0.08848927920933478,0.05062031048892843,-0.35542483068284714
83102.49305865493,0.08738687246399784,0.04983446419740917,-0.3211499208798211
83120.96027930731,0.08362843544030774,0.047531701213607044,-0.3845407511041984
83139.4274999597,0.07870762136728222,0.04391944549127609,-0.5364433317082857
83157.89472061208,0.07204706151864225,0.03929879396498623,-0.7549211083778493
83176.36194126446,0.06378648154799374,0.034020460938516545,-1.0084228969780915
83194.82916191684,0.05566944329062132,0.02843274049765171,-1.260339445159757
83213.29638256923,0.04688371034725074,0.022831406779746183,-1.4742903874719178
83231.76360322161,0.037490301077299185,0.01743596113910091,-1.6193779341145558
83250.230823874,0.027652261869131146,0.012381107467941705,-1.674648644937634
83268.69804452638,0.017780542190652823,0.007738377042517163,-1.6321191400633837
83287.16526517876,0.008280054087118979,0.0035389594034402347,-1.4979289325340976
83305.63248583114,0.0004654584395666213,-0.0002027983145313239,-1.2914539281298842
83324.09970648352,0.008012349402966669,-0.0034725520903380476,-1.0425085591940162
83342.56692713591,0.014416485189480546,-0.006245080223617283,-0.7870405220943943
83361.03414778829,0.019510557767383096,-0.008480050522953066,-0.5619397811639061
83379.50136844067,0.023100684232354816,-0.010121961960486222,-0.399711432558302
83397.96858909306,0.025013755965216027,-0.011107246607182401,-0.3237817086112077
83416.43580974544,0.02514685333651177,-0.011372594763269116,-0.3451149940620952
83434.90303039782,0.02349990209146195,-0.010867035391191696,-0.4606304137739354
83453.3702510502,0.02017830678346928,-0.009563144561269521,-0.6536466731341928
83471.83747170259,0.015367014553042388,-0.007466030956484687,-0.8962909283192152
83490.30469235497,0.00929048711090149,-0.004618150922359423,-1.153523834557072
83508.77191300735,0.002176633512880167,-0.001102453110812657,-1.3881995259734343
83527.23913365974,0.00569008788052514,0.002957442232214985,-1.5664298238932726
83545.70635431212,0.014258247048975475,0.007398642619959536,-1.6624780325595654
83564.1735749645,0.02335530296303104,0.012022747357066172,-1.6624756063333594
83582.64079561688,0.03274101180438422,0.01660295192473489,-1.5664249570240856
83601.10801626927,0.04229576101333526,0.02089785597004531,-1.3881991627717263
83619.57523692165,0.051710164776917,0.024673435034399758,-1.153538601448446
83638.04245757403,0.0607082578095637,0.027732503887622547,-0.8963337809661369
83656.50967822642,0.06899843530859831,0.02995009443424747,-0.6537311076808109
83674.9768988788,0.07627781676393841,0.03129980516796453,-0.4607682902299187
83693.44411953118,0.08245272550755871,0.03185232119246911,-0.3453140355652796
83711.91134018356,0.08761118485698803,0.03173816400090149,-0.3240429200807012
83730.37856083595,0.0911214279042584,0.031084280616770626,-0.40002710562716104
83748.84578148833,0.09159438399563252,0.029958907951129057,-0.5622930591393384
83767.31300214071,0.08891584365845402,0.02836587341419808,-0.7874070768919568
83785.7802227931,0.0834094484355878,0.0262857865488198,-1.04285993499156
83804.24744344548,0.07534078986247343,0.023723225467043002,-1.2917615620995666
83822.71466409786,0.06537473948445488,0.020728011115411553,-1.498168013994279
83841.18188475024,0.05410144912163545,0.017391160102982382,-1.632271785945479
83859.64910540263,0.042754457255341105,0.013828359682251903,-1.6747060246272842
83878.11632605501,0.031230964772310625,0.010167955818148246,-1.6193410800334889
83896.58354670739,0.01998766212684175,0.006541425806494552,-1.4741696033742537
83915.05076735977,0.009380482520099487,0.003077494031973515,-1.2601524159075488
83933.51798801216,0.00036577449263568894,-0.000103509308119544,-1.0081918123686282
83951.98520866454,0.010318306045255979,-0.002895965311344615,-0.7546693358665939
83970.45242931692,0.01845100081375072,-0.005213301117878391,-0.5361923349562314
83988.9196499693,0.024515070198001414,-0.006993614135572323,-0.38430786482478513
84007.38687062169,0.02838879653609938,-0.008198196299736601,-0.3209472253613486
84025.85409127407,0.03025013645275277,-0.008811353364018445,-0.3552589568188246
84044.32131192645,0.030195267847503905,-0.008835041330189277,-0.48228764600510593
84062.78853257884,0.028132593803695274,-0.008283216901413258,-0.6836893824292124
84081.25575323122,0.024187391544381848,-0.007178161122230771,-0.9303805974017143
84099.7229738836,0.018527191631341894,-0.0055493374862188635,-1.186737825514986
84118.19019453599,0.011345011528261412,-0.0034311138333018507,-1.4157419547359276
84136.65741518837,0.002844865598958247,-0.0008676077953548096,-1.5843241165463076
84155.12463584075,0.006607453288450007,0.002087563605588744,-1.6681412316572917
84173.59185649313,0.01676056448542379,0.005367716064523581,-1.6550915474820966
84192.05907714552,0.02727894297004525,0.008898251012908207,-1.5470624345262614
84210.5262977979,0.03786701021396914,0.01259375899712425,-1.3596579794879358
84228.99351845028,0.04822575883573296,0.016362044651414547,-1.1199456664611105
84247.46073910267,0.05773284760417616,0.02010437615153809,-0.8625475285077738
84265.92795975505,0.06582678750577176,0.023714570926904707,-0.6246402379877781
84284.39518040743,0.07303687084487359,0.02708110429266521,-0.440586129887687
84302.86240105981,0.08101997713314338,0.030085553345964775,-0.33697040234355496
84321.3296217122,0.08669173232730301,0.032608013553323864,-0.32876114814354296
84339.79684236458,0.09207144888439132,0.034530637366291944,-0.417146993207712
84358.26406301696,0.09465998256451981,0.03573928148244239,-0.5893651166308068
84376.73128366935,0.09376209932515299,0.03610544797445116,-0.8205447408649436
84395.19850432173,0.09446711878006243,0.03547575085810335,-1.0772995566675325
84413.66572497411,0.09417476917159422,0.03370971428531106,-1.3225498417803372
84432.1329456265,0.08960681076924153,0.03077746003364778,-1.520877665744808
84450.60016627888,0.08118003794285454,0.026847497583151463,-1.6436416401808154
84469.06738693126,0.06971867727342711,0.022262883067645046,-1.673112509122747
84487.53460758364,0.056222961553059,0.01741532331435703,-1.605032583929754
84506.00182823603,0.04168358420034356,0.012618991489188141,-1.4492299018273018
84524.46904888841,0.027065228208931556,0.008061684193786903,-1.2281988491851008
84542.93626954079,0.012911080841157569,0.0038293526012014682,-0.9738522527644511
84561.40349019317,0.00017020773287072178,-0.00004078757645078195,-0.7229136490534044
84579.87071084556,0.015251849639894344,-0.003515815100714512,-0.5116147700185177
84598.33793149794,0.027814509176551924,-0.00653826436929404,-0.37046380046796346
84616.80515215032,0.037525448246518635,-0.009020714728856086,-0.31983993643475855
84635.2723728027,0.04411864009741027,-0.010855799684025804,-0.3670505300329168
84653.73959345509,0.047435782826741414,-0.01193597396724222,-0.5052758800542785
84672.20681410747,0.047446338663435415,-0.012181228298606014,-0.7145540625185083
84690.67403475985,0.04425986020360503,-0.011555532021846598,-0.964663546864811
84709.14125541224,0.038101792103404954,-0.01007537183432709,-1.2194873001314241
84727.60847606462,0.02926915822926189,-0.0078007165936987855,-1.4422281898025575
84746.075696717,0.01807386918375429,-0.0048279620234544535,-1.6007226251797326
84764.54291736938,0.004802133487840577,-0.001276553131863705,-1.6720852011337473
84783.01013802177,0.007406386531896828,0.00271685648670421,-1.6460136729106025
84801.47735867415,0.01938314461942892,0.006992720088343555,-1.5262769444835336
84819.94457932653,0.032298672726449144,0.011358862704000142,-1.3301710709450254
84838.41179997892,0.04592593659748953,0.015574712846885412,-1.086021670585857
84856.8790206313,0.059934807331835,0.01933693302524719,-0.8290932816930224
84875.34624128368,0.073856310706687,0.022286601941646157,-0.5964963352440851
84893.81346193606,0.08752888901062374,0.024062468382205545,-0.42182730079103387
84912.28068258845,0.09992016284816103,0.02441179543578686,-0.33031626221727417
84930.74790324083,0.11004695819247833,0.02333279501978219,-0.3351830164777665
84949.21512389321,0.11712467292179903,0.021147564754737103,-0.4357281696050066
84967.6823445456,0.12063666623426371,0.01842002926408223,-0.6174347873367868
84986.14956519798,0.12041400530662773,0.01574398752151724,-0.8540653695982614
85004.61678585036,0.1167803055304249,0.013532498166343464,-1.1114507839737375
85023.08400650274,0.11037980192359201,0.01193235535720593,-1.352423924664364
85041.55122715513,0.10105252103111592,0.01086211081744886,-1.542186121549291
85060.01844780751,0.08941860502893523,0.010107665215937527,-1.653331886728613
85078.48566845989,0.07825761237432065,0.009414550748697032,-1.6698066162497913
85096.95288911228,0.06793531072401882,0.008559283254212091,-1.5892255777938324
85115.42010976466,0.05497386275197025,0.007394280958205471,-1.4232189726869087
85133.88733041704,0.04074991780714489,0.005872020583610062,-1.1957529473792505
85152.35455106942,0.02648204128941753,0.004044527248512494,-0.9396689066656563
85170.8217717218,0.012823571795044085,0.002040066589810799,-0.6919409972183066
85189.28899237419,0.00015529523615424764,0.000023518075809717547,-0.4883368107165932
85207.75621302657,0.013372011276751928,-0.0018414186916298767,-0.35825243606767515
85226.22343367896,0.024667477232980923,-0.0034236770788525473,-0.3204676822273603
85244.69065433134,0.03337208710607477,-0.004635128426876431,-0.380434360777494
85263.15787498372,0.039241092237508664,-0.005436178241937585,-0.5294891493137497
85281.6250956361,0.0421423070291343,-0.005818034332718341,-0.746104682070514
85300.09231628849,0.042076844418818836,-0.005796445901618906,-0.9989982166725836
85318.55953694087,0.03918107043203586,-0.005395052556979586,-1.2516490098199844
85337.02675759325,0.03369315919188608,-0.0046415686996483735,-1.467572114071779
85355.49397824563,0.025964648643361475,-0.0035653952419791007,-1.6155870567970496
85373.96119889802,0.01622721468713592,-0.002204381246490498,-1.674320576332361
85392.4284195504,0.004548449486403995,-0.0006079493581134909,-1.6352931636935713
85410.89564020278,0.007060779698791005,0.0011597660032282386,-1.5041436629006513
85429.36286085517,0.018938515025221685,0.0030263472786238635,-1.2998150502848218
85447.83008150755,0.03185093654069214,0.004921721155002571,-1.0518189536597526
85466.29730215993,0.045563755622722364,0.006796370753797124,-0.7959739248978805
85484.76452281231,0.05962515225984138,0.008639762141889738,-0.5692328787243834
85503.2317434647,0.07326825739056857,0.010493558502565744,-0.4043466174409397
85521.69896411708,0.08641204064043043,0.01245166910841459,-0.3251339899121537
85540.16618476946,0.09839381162870736,0.01463967747221222,-0.34304161315781684
85558.63340542185,0.1070488142929058,0.01716872067106633,-0.45548996588515644
85577.10062607423,0.11127320563306245,0.02007088479207957,-0.6462449613077246
85595.56784672661,0.11273069480190732,0.02322063850305962,-0.8877619500069875
85614.035067379,0.11172893899527002,0.026285685356639544,-1.1451640611692244
85632.50228803138,0.10652226545198866,0.02875856476889854,-1.3812799416580273
85650.96950868376,0.10135968112860633,0.03008627155596438,-1.5620123843535871
85669.43672933614,0.09346783287885105,0.029883699880089206,-1.661262049573857
85687.90394998853,0.08378182692648113,0.0280913734863522,-1.6646956427655064
85706.37117064091,0.07396067048919731,0.02498134356677328,-1.5718150923780296
85724.83839129329,0.06217005999609558,0.02100786396712537,-1.3960292304774375
85743.30561194567,0.049309088535535714,0.016631214512767292,-1.1627175501201925
85761.77283259806,0.03667784420002132,0.01219699662253686,-0.9055655225260059
85780.24005325044,0.024106493227255735,0.007909272156089898,-0.661700597128505
85798.70727390282,0.01181033255298932,0.003869654618489221,-0.46633121296930974
85817.1744945552,0.0003925932375546898,0.0001285091414824989,-0.34766292335987725
85835.64171520759,0.012176868517964715,-0.0032681381040752253,-0.3228257158920891
85854.10893585997,0.022744551875068984,-0.006251135973410226,-0.39540061456284153
85872.57615651235,0.030950254411324464,-0.008723723547200987,-0.5549027229342377
85891.04337716474,0.03660406400854361,-0.010568221353829005,-0.77829536795403
85909.51059781712,0.03959397549702657,-0.011670793813829008,-1.0333167169845479
85927.9778184695,0.03988807761664088,-0.01194626043383838,-1.2831385124067731
85946.44503912189,0.03753647325078024,-0.011356618376315618,-1.4916842027953878
85964.91225977427,0.03265849864267425,-0.009920489496752638,-1.628838524157714
85983.37948042665,0.025424858546686045,-0.007706919627149627,-1.6747962633738382
86001.84670107903,0.01603895279157927,-0.00482299689376567,-1.6229222537938852
86020.31392173142,0.004724729431496259,-0.0014004597968021878,-1.4807096181602102
86038.7811423838,0.006345531999868468,0.0024133546621656794,-1.2686978639886313
86057.24836303618,0.017336310741319236,0.006453301660337779,-1.0175069880301657
86075.71558368856,0.029057012176468406,0.010526047241548164,-0.763415784989242
86094.18280434095,0.04115374461887935,0.014396386361100563,-0.5431228115860465
86112.65002499333,0.05340715268728181,0.01777319918480937,-0.38844655735023886
86131.11724564571,0.0664862058543607,0.020319885353231776,-0.32173022043253197
86149.5844662981,0.07913607574614451,0.021697743682639884,-0.3526147717093021
86168.05168695048,0.09055219956213217,0.02164684268871087,-0.4766463684247705
86186.51890760286,0.09981205058800974,0.02008507055439065,-0.6759192237176713
86204.98612825524,0.10608263307275814,0.01716332054231636,-0.9216610816271006
86223.45334890763,0.10995952340010905,0.013238537130834248,-1.1783879837938622
86241.92056956001,0.11038079930398671,0.0087732825844383,-1.4090282767185254
86260.3877902124,0.10744757798457284,0.0042331142706469056,-1.580275649001767
86278.85501086478,0.10253824597434252,0.00004521743490248754,-1.6673985261222677
86297.32223151716,0.0964458353979471,-0.0034030339488123214,-1.6578123459533365
86315.78945216954,0.08847907451808067,-0.005807154763703462,-1.5528986033464125
86334.25667282192,0.08010073562193785,-0.007023368537458939,-1.3678060495100484
86352.7238934743,0.06880336539383376,-0.007111813198697282,-1.1292618325825097
86371.19111412669,0.05552010208756712,-0.006303689856871823,-0.871710115468498
86389.65833477907,0.04127346310781593,-0.004913624787638319,-0.6323374912041875
86408.12555543146,0.026958752402661844,-0.0032538422543431375,-0.4457037705159776
86426.59277608384,0.013268013158273355,-0.001581758530653734,-0.33875260412922464
86445.05999673622,0.0007080800089709237,-0.00008309429230022846,-0.3269216118768278
86463.5272173886,0.014841513072117372,0.0011268199732290276,-0.41191349394043075
86481.99443804099,0.02828889310867134,0.001986363379273775,-0.5814501360396127
86500.46165869337,0.03903389659832351,0.002480485020437727,-0.8110454805251484
86518.92887934575,0.04673366161634029,0.0026349754857064823,-1.067541348340684
86537.39609999814,0.05106391415791612,0.002509644864253295,-1.3138956998304028
86555.86332065052,0.05181349088949138,0.0021893185775362653,-1.5145318497644082
86574.3305413029,0.04895209096848189,0.0017677078538694984,-1.640476071818637
86592.79776195528,0.04269547167282866,0.0013274649092359135,-1.6735415997540755
86611.26498260767,0.03352421673388588,0.0009224851248156979,-1.608954818814525
86629.73220326005,0.02132677024424972,0.000556377571714248,-1.4560444926634912
86648.19942391243,0.006543636468983734,0.00017871064016306362,-1.2368946048665979
86666.66664456482,0.006692789050073853,-0.0003171530661180784,-0.9831553789739418
86685.1338652172,0.018778661253942706,-0.0010777460655232514,-0.7314728910545644
86703.60108586958,0.0318229299274616,-0.0022690154949303845,-0.5181971079138931
86722.06830652196,0.045538385855873546,-0.0040395551722695495,-0.37413240663732833
86740.53552717435,0.05948514432662961,-0.0064784737463545955,-0.32008861810329164
86759.00274782673,0.0730004115148657,-0.009566359429780624,-0.3638752367673409
86777.46996847911,0.08516684156032757,-0.013132967990739014,-0.49917323226095156
86795.9371891315,0.09487413906142832,-0.016837946153911112,-0.7064477492927574
86814.40440978388,0.10192851721103041,-0.020195499050010366,-0.9557698773073433
86832.87163043626,0.11613455717171153,-0.0226520570316843,-1.2111394626116538
86851.33885108864,0.12823980890913037,-0.023710609132417324,-1.435683953658235
86869.80607174103,0.1361067187437499,-0.023064578933949264,-1.596982141311356
86888.27329239341,0.14038934993452054,-0.020698430116207905,-1.6717444459909572
86906.74051304579,0.1405726462357341,-0.016917686969092252,-1.6491749439317929
86925.20773369817,0.13362738838850763,-0.012289197037875142,-1.5325304264986144
86943.67495435056,0.12149158754686654,-0.007513561143123458,-1.3386511720090715
86962.14217500294,0.10649392777326858,-0.003264635613601216,-1.0955303294525605
86980.60939565532,0.08831543211941295,-0.00004473153511933062,-0.8382721824074533
86999.0766163077,0.0704228385740873,0.0019035093830191085,-0.6040228013248768
87017.54383696009,0.051822709335431275,0.0026053949571756465,-0.42660545383620513
87036.01105761247,0.033654355991212956,0.002297937881550567,-0.3316359171838415
87054.47827826485,0.016643953879739926,0.0013369303587685232,-0.33282333610098486
87072.94549891724,0.0012059178153962916,0.00010370622230451842,-0.42999079619038544
87091.41271956962,0.01073628188688708,-0.0010694884727461345,-0.609101282041356
87109.879940222,0.020726121847694613,-0.0019464809651414212,-0.8442850998042957
87128.34716087439,0.028679563153559285,-0.002406093729142262,-1.1015758966957354
87146.81438152677,0.03435723937912593,-0.0024380575898212097,-1.3438157514375355
87165.28160217915,0.03756247443509366,-0.002119444280575388,-1.5360210334455255
87183.74882283153,0.03817713142496449,-0.0015808620229508974,-1.6504342101706708
87202.21604348392,0.0362417263581146,-0.000971770466875146,-1.6705321414422307
87220.6832641363,0.03198026912594384,-0.00042804301887511156,-1.5934120836544365
87239.15048478868,0.02523673625006441,-0.000049165269120801715,-1.4302108727592024
87257.61770544107,0.0162142173201291,0.00011479381946079331,-1.2044967426072184
87276.08492609345,0.005195861565229824,0.00006970003998189,-0.9488659699326835
87294.55214674583,0.008619090101344892,-0.00012167799701911146,-0.7002357663298517
87313.01936739821,0.02469440902091959,-0.000336903984618281,-0.49451312377759443
87331.4865880506,0.0416693342555015,-0.00039512353817590433,-0.36140946408405367
87349.95380870298,0.058785689793698956,-0.00005968914142882276,-0.3201499063861814
87368.42102935536,0.07593066188564117,0.0009463866839714268,-0.3766967788231926
87386.88825000775,0.09196336394144246,0.0029073079997898716,-0.5228883221841207
87405.35547066013,0.10518817701421225,0.006058890384042519,-0.737616971245477
87423.82269131251,0.1141046136232207,0.010512919276713526,-0.9898771130466608
87442.2899119649,0.11927373932144948,0.01618095663778596,-1.2432423341720273
87460.75713261728,0.12095507309570878,0.022726534834912625,-1.4611257733744056
87479.22435326966,0.1173602346591016,0.029574618567207604,-1.6120639934620267
87497.69157392204,0.10926740604838057,0.03599293513381202,-1.6742611094161677
87516.15879457442,0.0986102008513331,0.04122985932726063,-1.6387365168746886
87534.62601522681,0.0860194114034182,0.04465571117826009,-1.5106213828183381
87553.09323587919,0.07249956778772718,0.045877858175991895,-1.3084168930194695
87571.56045653157,0.059945193704119035,0.04478464621450215,-1.0613219394774716
87590.02767718396,0.051666162239226876,0.04152681211435619,-0.8050165458443147
87608.49489783634,0.04412057516963201,0.03645423014233737,-0.5765098523765649
87626.96211848872,0.03561123557839646,0.03003562213558291,-0.40879626924683365
87645.4293391411,0.026839589855202406,0.02278250838860004,-0.3260911682561313
87663.89655979349,0.017827097748070626,0.01519096241747404,-0.340334072240041
87682.36378044587,0.009027067419937806,0.007705983970134831,-0.4494644737857717
87700.83100109825,0.0008266797979987136,0.0007056598562798651,-0.6377194359753777
87719.29822175064,0.009130951985338897,-0.0055023912465233795,-0.8779100433491074
87737.76544240302,0.01768743311600008,-0.010678193514648517,-1.1353479075430146
87756.2326630554,0.024155335879587805,-0.014651634105505844,-1.372854624919538
87774.69988370778,0.02833751969073378,-0.017317918306974756,-1.5561307177022623
87793.16710436017,0.030195296074394938,-0.018639121208670294,-1.658708716188986
87811.63432501255,0.02985180522508285,-0.018639474457095333,-1.6657751355602002
87830.10154566493,0.027875711377081745,-0.017396170704398074,-1.5763094843844632
87848.56876631732,0.024050022959735337,-0.015023983876149588,-1.403231487856217
87867.0359869697,0.01861295187052321,-0.011655973385008355,-1.1715353201712853
87885.50320762208,0.011813570873224419,-0.0074250391686330915,-0.9146802887284303
87903.97042827446,0.00387413125834043,-0.0024466945262747184,-0.6697591466851234
87922.43764892685,0.0040915645981817695,0.003185347711670183,-0.4721417116218403
87940.90486957923,0.012049362487630425,0.009399991247400315,-0.3503672385029576
87959.37209023161,0.020528868553523292,0.016131671493248737,-0.3220231019980556
87977.839310884,0.02928985481617131,0.023296308293188638,-0.3912049444818729
87996.30653153638,0.0381265682613603,0.03076300619336057,-0.5479250940321567
88014.77375218876,0.04684832872615651,0.038324132151519974,-0.7695547209251302
88033.24097284114,0.05513537484929964,0.045680331608563274,-1.024091482573983
88051.70819349353,0.06256771235763166,0.0524410123146158,-1.2747807650611285
88070.17541414591,0.06858708031405507,0.05815464116010417,-1.4854231218526586
88088.64263479829,0.07274945450989255,0.0623666451571354,-1.625601484931922
88107.10985545068,0.07472118889434932,0.06469935174081205,-1.6750734569233856
88125.57707610306,0.07435194590476198,0.06493462817585689,-1.6266946761327126
88144.04429675544,0.07244379747754846,0.06306935492938713,-1.4874511504257097
88162.51151740782,0.0721407292089744,0.05931692838583558,-1.2774509816684296
88180.9787380602,0.06817167240327038,0.05405007241724527,-1.0270203996588172
88199.44595871259,0.0613193987446462,0.04771313589437545,-0.772323534224634
88217.91317936497,0.05498706198423321,0.04073897701892819,-0.5501393476807412
88236.38040001735,0.04786043903812702,0.03349336879517694,-0.39255059786875246
88254.84762066974,0.03923135040893928,0.026257613266299724,-0.3223114898937657
88273.31484132212,0.029691954601931546,0.01923348316762253,-0.34956234053737045
88291.7820619745,0.019843581123250582,0.012563349263600764,-0.47036540672941307
88310.24928262689,0.010193193282427931,0.006353197735625702,-0.6672734354997241
88328.71650327927,0.0011145946627570081,0.0006922174042104192,-0.911849067091001
88347.18372393165,0.005952802774753606,-0.004333770265038107,-1.1687714072245352
88365.65094458403,0.011773939355691912,-0.008635155554262242,-1.4009367537580022
88384.11816523642,0.016325320297995168,-0.012116922966390564,-1.5748168237782927
88402.5853858888,0.01974872509620611,-0.014683298820347787,-1.665300632522572
88421.05260654118,0.022067528000482808,-0.01624272178289963,-1.6593207705027535
88439.51982719357,0.022902118446626134,-0.01671940200830079,-1.5577404116433984
88457.98704784595,0.022323339507770934,-0.01606387117803687,-1.3752285880381896
88476.45426849833,0.020062230285777374,-0.014263240195420454,-1.1381417868018375
88494.92148915071,0.01608064788765443,-0.01134901715527752,-0.8807178171004054
88513.3887098031,0.01050979563110618,-0.007401051434703442,-0.6401315920695476
88531.85593045548,0.0036098326485998165,-0.0025504297593890585,-0.4511267992377012
88550.32315110786,0.004079062920377898,0.003024828891696922,-0.34099866206849777
88568.79037176025,0.01235422971797192,0.009101846664766414,-0.32565230570428144
88587.25759241263,0.02124116388442548,0.01541889256725443,-0.4073059181451192
88605.72481306501,0.030571973874927532,0.021684050387991444,-0.5741703980047589
88624.1920337174,0.04013290429321609,0.027588752300782633,-0.8021517781711942
88642.65925436978,0.04964539537114074,0.03282763221847354,-1.0583306083276856
88661.12647502216,0.05883700585075776,0.037124342950745896,-1.305715832629136
88679.59369567454,0.06804554062739705,0.040260282487715494,-1.5085865843958761
88698.06091632693,0.07659842488310764,0.042100812750392076,-1.637650383820247
88716.52813697931,0.0843874436819865,0.04261271328206003,-1.6742727977426979
88734.99535763169,0.09003981585740506,0.041867776156226076,-1.6131678574614994
88753.46257828407,0.0935028712759993,0.04002922334680597,-1.4631609490540411
88771.92979893646,0.09384340219582096,0.03732362158691909,-1.2459142533032082
88790.39701958884,0.09099454089429715,0.03400099128700199,-0.9927988821970994
88808.86424024122,0.08527489959920342,0.030295510234223715,-0.7403652298057838
88827.3314608936,0.07720210346373799,0.026393310878690894,-0.5250653094115552
88845.79868154599,0.06737737704676326,0.02242319700693267,-0.3779889455109401
88864.26590219837,0.05713773934970484,0.018463638256077497,-0.32037397099286546
88882.73312285075,0.04685736573105076,0.014563387003050817,-0.3605390009745214
88901.20034350314,0.036005455129460906,0.01076224552637503,-0.4926819019560995
88919.66756415552,0.02433963323517857,0.007105873981588911,-0.697717561535619
88938.1347848079,0.01263846058187967,0.003650658010717571,-0.9460339897539676
88956.60200546028,0.0015987715999954176,0.0004617402601304535,-1.201768728463512
88975.06922611267,0.007301081662475849,-0.0023922833271412315,-1.4279879827359174
88993.53644676505,0.014579267795125687,-0.004844221156210376,-1.5920204981521293
89012.00366741743,0.020205417079285304,-0.006831922736781552,-1.670175843758381
89030.47088806982,0.024058923193839565,-0.008298987714878784,-1.6511656714498917
89048.9381087222,0.026136220770051947,-0.009196462510595515,-1.5377338725698961
89067.40532937458,0.02649483092620141,-0.009484219991727336,-1.3462602496198006
89085.87255002696,0.025088974670142157,-0.009134231039411583,-1.1043950013093813
89104.33977067935,0.022000312680390516,-0.00813574975325247,-0.847065681087695
89122.80699133173,0.01735025850783796,-0.00650145175534172,-0.6114333001179019
89141.27421198411,0.011293402360383172,-0.004272231645349544,-0.4315259706082709
89159.7414326365,0.004004920637404243,-0.0015218827984858673,-0.3333250244511495
89178.20865328888,0.004655985353803662,0.0016436936813784202,-0.33101319030512893
89196.67587394126,0.014543022983142436,0.0050904820827506045,-0.4249265991794914
89215.14309459364,0.025056504447874228,0.008664287401114155,-0.6015063429632819
89233.61031524603,0.03583713782074097,0.01220477055855121,-0.8352565588934171
89252.07753589841,0.04683072169536824,0.015561136314336274,-1.0924262525399806
89270.5447565508,0.05926244092614254,0.018608744144049283,-1.3358831513895166
89289.01197720318,0.0719546597581622,0.0212643833217257,-1.5304757552809285
89307.47919785556,0.08436234460606426,0.02349595064008899,-1.6481092721961181
89325.94641850794,0.09568810369726904,0.025324129348630008,-1.671802471625053
89344.41363916032,0.10492986440999252,0.02681682241910221,-1.5981396351668056
89362.8808598127,0.11583233918391388,0.028069764407303625,-1.437763478255451
89381.34808046509,0.12346161931038203,0.029176539179161798,-1.2138376840956644
89399.81530111747,0.1261709387487461,0.03017960646614018,-0.9587009174711484
89418.28252176986,0.126912639208141,0.031013843985024978,-0.7091958807207137
89436.74974242224,0.12278442131322106,0.03147347692421938,-0.5013491346714045
89455.21696307462,0.11253853152765336,0.031239623113489254,-0.3651706843995811
89473.684183727,0.09969594645129563,0.02997181142410754,-0.320322722954274
89492.15140437939,0.08444933231809194,0.027429672577192518,-0.3732807087903955
89510.61862503177,0.06720286090278926,0.02356787331564291,-0.5163968033310627
89529.08584568415,0.05002658657592862,0.018570226161607854,-0.7290026169338379
89547.55306633654,0.033078339526622175,0.012812758364178754,-0.9803930157605013
89566.02028698892,0.017057301982968166,0.006780501245529029,-1.2342601589570112
89584.4875076413,0.0024206347339368875,0.0009712903462392377,-1.4539371786917648
89602.95472829368,0.009187494599036991,-0.004184912560621398,-1.6076939848373875
89621.42194894607,0.018631748473978388,-0.00837681407877016,-1.6733201804549185
89639.88916959845,0.025952506592084902,-0.011431008351166132,-1.641333104059405
89658.35639025083,0.030998838328718296,-0.013304941821553699,-1.516347636080533
89676.82361090322,0.033709376213651186,-0.014057265830487132,-1.3164099364486619
89695.2908315556,0.03410098996340365,-0.013809073004817,-1.0703913491222414
89713.75805220798,0.03225450720483858,-0.012704335204435624,-0.813818871417459
89732.22527286036,0.028296559624633254,-0.01087872615243817,-0.5837444111195549
89750.69249351275,0.02238626740146716,-0.008441154712736943,-0.41339387755385515
89769.15971416513,0.014693170555370137,-0.005465796289002881,-0.3273689502396702
89787.62693481751,0.005393595620654992,-0.0019925297416220835,-0.33809447659165387
89806.0941554699,0.006361701343192108,0.0019725473659408578,-0.4440245094744704
89824.56137612228,0.02048207809616466,0.006456296349868056,-0.6298659499256467
89843.02859677466,0.035534738086616564,0.011521837550736309,-0.8687873874774569
89861.49581742704,0.051321864426490865,0.017271786096092662,-1.1262940508959147
89879.96303807943,0.06718187233661248,0.023846287132656824,-1.3652091759751164
89898.43025873181,0.08227294275328588,0.031405285627766386,-1.5510423340253285
89916.89747938419,0.09560264461670111,0.04008027249424549,-1.6569694550441982
89935.36470003657,0.10620391474856287,0.04987962957423053,-1.6677054928911883
89953.83192068896,0.11563845385762331,0.06054208065809881,-1.5817107125604735
89972.29914134134,0.1270554415158548,0.07136997296364554,-1.4114121009395084
89990.76636199372,0.14243000586754537,0.08114618895110633,-1.1814078792649747
90009.2335826461,0.15323866179246318,0.08830369122692137,-0.9249145985337838
90027.70080329849,0.15696301500465223,0.09143218704916438,-0.6789706580045286
90046.16802395087,0.15264230803392306,0.089885914505015,-0.4790894583355499
90064.63524460325,0.14122074908890866,0.08404312380126282,-0.3541332869774671
90083.10246525564,0.12491598799489792,0.07501310274843957,-0.3221461421418383
90101.56968590802,0.10608829723231872,0.06410482390247138,-0.38774667143419045
90120.0369065604,0.08652659855817607,0.052435521715179526,-0.5414591930893338
90138.50412721279,0.06733198677722878,0.04079537090553953,-0.7610809201343655
90156.97134786517,0.049100718060182624,0.029674993381124927,-1.0148882614816612
90175.43856851755,0.03219566715198713,0.019347700521286697,-1.2662187880366926
90193.90578916993,0.016675356632475293,0.009952480683908742,-1.4787667372146187
90212.37300982232,0.0026253376253417187,0.0015586271417242963,-1.6218270282403278
90230.8402304747,0.011060015038006452,-0.005788329777894585,-1.6747302611522805
90249.30745112708,0.022685237558362888,-0.012035814436395896,-1.6298281197242084
90267.77467177947,0.0315161038013641,-0.017110919084379908,-1.4935980478836008
90286.24189243185,0.03737023046615327,-0.020914009148203284,-1.285707761280133
90304.70911308423,0.040657811132626155,-0.02332760511578116,-1.0361748199997654
90323.17633373661,0.04124688149193898,-0.02423123461236223,-0.781031577720823
90341.643554389,0.03901126038543524,-0.02352288585093298,-0.5571216133807121
90360.11077504138,0.03415007701362632,-0.021143338050373998,-0.3967791414063741
90378.57799569376,0.027148111843247377,-0.017094171566672412,-0.3231597192542364
90397.04521634615,0.01808348104508676,-0.011451256433456264,-0.34689650378726433
90415.51243699853,0.006883531684635026,-0.004364999545431139,-0.46456486165925887
90433.97965765091,0.006655380468084032,0.0039412938719723695,-0.6591770413711133
90452.4468783033,0.022115341610591716,0.013171006086686168,-0.9026354378189374
90470.91409895568,0.03825754320962696,0.022948655964394746,-1.1597901424095034
90489.38131960806,0.05425254104586344,0.032817190132221535,-1.393514768925083
90507.84854026044,0.06921224337447326,0.04224810837101296,-1.5700674961228331
90526.31576091282,0.08228314395428678,0.05067869253269244,-1.663963116671729
90544.78298156521,0.09276383573169604,0.05757709527233293,-1.6616525796707662
90563.25020221759,0.10085304396916879,0.0625176917998023,-1.5634787958839347
90581.71742286997,0.10559366595921037,0.06524066952594376,-1.3836264623604784
90600.18464352236,0.10812920166189295,0.0656775628297332,-1.1480733229465003
90618.65186417474,0.11499088975659418,0.06394316939408312,-0.890838843813506
90637.11908482712,0.11919487254645585,0.06031016564735746,-0.6490720112535971
90655.5863054795,0.12046384589759367,0.0551754394973453,-0.45768729611296366
90674.05352613189,0.11860769779990592,0.04901301284641729,-0.3443229068120683
90692.52074678427,0.11333922908756096,0.04231525028566059,-0.3253492265265969
90710.98796743665,0.1048534961112892,0.035526193264070985,-0.4035041771853274
90729.45518808904,0.09343677030132626,0.02898743672847339,-0.5674974599457281
90747.92240874142,0.07969251071103815,0.02291352889984106,-0.7936409741723811
90766.3896293938,0.0643996850225284,0.017401031806881115,-1.0492698332767283
90784.85685004618,0.04837870532340868,0.012461628212679498,-1.2974598123271046
90803.32407069857,0.032388358974272724,0.008062165879244475,-1.5023599879016416
90821.79129135095,0.01707330654898329,0.004158013429768566,-1.634370494468493
90840.25851200333,0.002953724608856182,0.0007111431503328527,-1.6744176695070965
90858.72573265572,0.011474959626390805,-0.0022993217342313493,-1.6167091088479415
90877.1929533081,0.02414051964881934,-0.004876657270199297,-1.469570641486577
90895.66017396048,0.03417153787126757,-0.007004313447096649,-1.2542442576368982
90914.12739461286,0.04134452644351785,-0.00864726241593941,-1.0018205595750902
90932.59461526525,0.04549491211890853,-0.009752582850997806,-0.7487487817141028
90951.06183591763,0.04653419324340719,-0.010255366767018544,-0.5315728962387632
90969.52905657001,0.044506368045394595,-0.01008806903528061,-0.3816540743110729
90987.9962772224,0.039725785275124756,-0.00919340366046524,-0.32064171590547913
91006.46349787478,0.03195043856016996,-0.007538312161409922,-0.35734708237223967
91024.93071852716,0.02138955910734651,-0.005129181503809406,-0.4864709827256483
91043.39793917954,0.008339227489741918,-0.002022618437766722,-0.689369185540497
91061.86515983193,0.0054840952973364545,0.0016669658516579643,-0.9367449802396612
91080.33238048431,0.01899577034167426,0.0057672749850267244,-1.1928799930911937
91098.79960113669,0.03349113400795672,0.010055632314151478,-1.420792246299876
91117.26682178908,0.048570621559314006,0.014276319437236687,-1.5875765616756625
91135.73404244146,0.06375589171565497,0.018167614109920915,-1.6691561107413802
91154.20126309384,0.07847527809389772,0.02149827004272883,-1.6537589902205323
91172.66848374622,0.09205929497628877,0.024110893425898772,-1.5436178475354205
91191.1357043986,0.10377705589075177,0.025962414225773858,-1.3546471755304292
91209.60292505099,0.11290667905997011,0.027150020099079814,-1.1141448373875358
91228.07014570337,0.11884165848121418,0.027900089089857697,-0.8568494398002799
91246.53736635575,0.12120676387547875,0.028496709996551937,-0.6199224451106708
91265.00458700814,0.11994009005636909,0.029147289600067846,-0.4375797720765223
91283.47180766052,0.11530561673433136,0.029840489360186535,-0.33615013648911757
91301.9390283129,0.1078175128550279,0.030304809126411928,-0.3302760715329405
91320.40624896529,0.09811203116337543,0.030125134699470004,-0.42080376710740514
91338.87346961767,0.08697647400779339,0.02894118030546459,-0.5946612503873394
91357.34069027005,0.07661889803051815,0.02660024494463854,-0.826742816091285
91375.80791092243,0.0658199635696045,0.023196693032815633,-1.0835316177225223
91394.27513157482,0.05401961183542599,0.019008348388924668,-1.3279390714900654
91412.7423522272,0.041122983494061266,0.014388472575773734,-1.5246616631247798
91431.20957287958,0.027866008903989735,0.00967241450851121,-1.6452805821889183
91449.67679353197,0.014909117314633822,0.005129871060456993,-1.6723670089877352
91468.14401418435,0.002807474469445146,0.0009576059320974648,-1.6019999014778905
91486.61123483673,0.010505093320024039,-0.002705078311437919,-1.4443326811727693
91505.07845548911,0.022505839188105867,-0.0057589928810878885,-1.222127109085366
91523.5456761415,0.032033091821407074,-0.008131573474967582,-0.9674662088913842
91542.01289679388,0.038922257762239065,-0.009776105433947762,-0.7171210412400146
91560.48011744626,0.04315208036100693,-0.010671703841411409,-0.507240499381376
91578.94733809865,0.04442554618709116,-0.010826440531657154,-0.3681310302001177
91597.41455875103,0.04268408123984378,-0.010272803444457556,-0.31988013237123825
91615.88177940341,0.03799195084027257,-0.0090593026365132,-0.36945560661749616
91634.3490000558,0.030519326682934993,-0.007237874534957688,-0.509699377302705
91652.81622070818,0.02050181570485264,-0.004855149057076662,-0.7203611617597333
91671.28344136056,0.008200524864856375,-0.0019463445285548982,-0.9710227329926525
91689.75066201294,0.004369831421255288,0.001461960648176171,-1.2254905567011878
91708.21788266533,0.015632909157492065,0.0053456442892330066,-1.447022479951523
91726.68510331771,0.027753262435231622,0.009671160257391417,-1.6036336304638825
91745.15232397009,0.04051286694790694,0.014375253832432456,-1.6727151875188149
91763.61954462247,0.05352299569548484,0.019340811936194423,-1.6442989589207173
91782.08676527486,0.06633003572475864,0.02436715526480548,-1.5224963783751833
91800.55398592724,0.07836501831712193,0.029146362315916937,-1.3249043119348878
91819.02120657962,0.09074753275131259,0.03326460842795704,-1.0800636906898526
91837.488427232,0.10186850281536475,0.036246665848418756,-0.8233380112005291
91855.95564788439,0.11061223909094138,0.03764926234466246,-0.5918066690274132
91874.42286853677,0.11688697082497686,0.037167609385315235,-0.41891021757732533
91892.89008918915,0.11835636178786298,0.03472353214036434,-0.32962065748279695
91911.35730984154,0.11410871095865123,0.03051173565482617,-0.33683444943202767
91929.82453049392,0.10435544326807021,0.025007190912119108,-0.4395096409820597
91948.2917511463,0.09102841765443621,0.018899149581972738,-0.6228165066069042
91966.75897179868,0.0771557848609562,0.012947706362756634,-0.8602798996388247
91985.22619245107,0.06930285444886583,0.007803258297923761,-1.1176034647963582
92003.69341310345,0.062173080163571134,0.003871632214754602,-1.3576228220983781
92022.16063375583,0.05268149394151048,0.0012717188602737444,-1.545672184132486
92040.62785440822,0.04126269892298402,-0.00012319018041829675,-1.654589764911916
92059.0950750606,0.02872212738643288,-0.0005932752114885783,-1.6686397652270504
92077.56229571298,0.015707650686578197,-0.00048123487711739063,-1.5857849026484636
92096.02951636536,0.0031920129041161736,-0.00011035096100725156,-1.4179812393376499
92114.49673701775,0.008331306061618953,0.0002582408826602517,-1.1894524551185537
92132.96395767013,0.018270418632360497,0.00044929665623756176,-0.9331924739371922
92151.43117832251,0.02634168450936396,0.00037980288647544865,-0.6862013302980158
92169.8983989749,0.03235671577303624,0.00005162155600820417,-0.4841422214605354
92188.36561962728,0.036122512142442324,-0.0004600055841023482,-0.3561913531627278
92206.83284027966,0.03766887571825808,-0.0010315369422722075,-0.3208243840932523
92225.30006093204,0.03675209289576355,-0.001518643551175143,-0.38314804480328213
92243.76728158443,0.03320544751903183,-0.001785492653425911,-0.5341623926355396
92262.23450223681,0.02704860680230812,-0.0017341197179743459,-0.7520603296585607
92280.7017228892,0.018425263336205214,-0.0013204491563160972,-1.0053767664087803
92299.16894354158,0.0075841549119126245,-0.0005751474314824904,-1.2575326207174082
92317.63616419396,0.0035866970266621168,0.00039499352517441053,-1.4721173830400218
92336.10338484634,0.013480210551487445,0.0014066747898787851,-1.6181473103554456
92354.57060549872,0.024122892578341323,0.002211560159389021,-1.6745398501653468
92373.0378261511,0.035490685446189475,0.0025171333460856453,-1.6331581186949204
92391.50504680349,0.048152854996322624,0.0020220613059561137,-1.4999857703491137
92409.97226745587,0.061848823713260816,0.00046839115599134904,-1.2942625898504092
92428.43948810826,0.07653500506343636,-0.0022895784963647098,-1.0457055987817088
92446.90670876064,0.092251989247126,-0.006227292814425697,-0.7902169558137184
92465.37392941302,0.1079393068406267,-0.011098958856824697,-0.5646984763517394
92483.8411500654,0.12249550994659797,-0.01643116349260247,-0.40172181105813676
92502.30837071779,0.13475733436481804,-0.02156798933972451,-0.3248243709883889
92520.77559137017,0.14256993818872668,-0.025781633342315532,-0.3451107904654436
92539.24281202255,0.14450127148674272,-0.028434379824490163,-0.4596505546492757
92557.71003267494,0.1421726219422911,-0.029149629277806465,-0.6519023571135888
92576.17725332732,0.1358458292175377,-0.02792048745680178,-0.8941031526469366
92594.6444739797,0.12539648448841206,-0.025093793616193804,-1.151276905845054
92613.11169463208,0.11235393440494723,-0.02124447586966952,-1.386284452133159
92631.57891528447,0.09587546892759172,-0.016983631430828393,-1.565185589774138
92650.04613593685,0.07718970689248544,-0.012806485505027772,-1.6621397245324632
92668.51335658923,0.05827129421283407,-0.009021484156411165,-1.6631378243010781
92686.98057724161,0.0393061607701479,-0.005749941587607025,-1.568026516369135
92705.447797894,0.021196815603211037,-0.002979145066343129,-1.3905314246211034
92723.91501854638,0.00455416263276919,-0.0006269640001977995,-1.1562759609086881
92742.38223919876,0.008969029560281639,0.0013972932657375925,-0.8990815399172768
92760.84945985115,0.019913127028570895,0.0031537838854395176,-0.656083575147083
92779.31668050353,0.0284644281799567,0.00465335616414919,-0.4623686946414553
92797.78390115591,0.03436169135297572,0.005861180826494129,-0.34590774741035357
92816.2511218083,0.03747774528190309,0.0067098616133292235,-0.32351640904123086
92834.71834246068,0.03789781364361038,0.007126225966227622,-0.3984267518412951
92853.18556311306,0.03615404563086703,0.007046462346241424,-0.5598204548470374
92871.65278376544,0.03191435441912625,0.006434141926306579,-0.7843910466001858
92890.12000441783,0.025450451041400916,0.005288952726964419,-1.0397095596814587
92908.58722507021,0.017074274723550782,0.003639222825742714,-1.2889075586527599
92927.05444572259,0.007079904192039799,0.0015377472837114973,-1.4960012782724592
92945.52166637497,0.005420777118043933,-0.000940952458844385,-1.631088038096756
92963.98888702736,0.0213704531360003,-0.0037023097817938774,-1.6746645014464463
92982.45610767974,0.03857830970239489,-0.006619890797321316,-1.6204431378125201
93000.92332833212,0.05651008460760432,-0.00951951544848751,-1.4762600986149153
93019.3905489845,0.07441494194602927,-0.012164246676315181,-1.2629433460530792
93037.85776963689,0.09173004872651182,-0.014251292016055898,-1.011304497883196
93056.32499028927,0.107545306075249,-0.015432251356075996,-0.7576889048915723
93074.79221094165,0.12013953564723968,-0.015362087788592032,-0.5387267774724076
93093.25943159404,0.12827706314732654,-0.013768266878288343,-0.3860435161166548
93111.72665224642,0.13127734204325942,-0.010524940727612692,-0.3216930146182292
93130.1938728988,0.13067458525562808,-0.005705191709191832,-0.3549729129698631
93148.66109355119,0.12550731612610766,0.0003894081368146258,-0.48108120381265457
93167.12831420357,0.11783689252634835,0.007227115753555208,-0.681808480089513
93185.59553485595,0.10807250008214028,0.014081410268417523,-0.928167139323781
93204.06275550833,0.09949365867056754,0.02012269466820028,-1.1845784823523566
93222.52997616072,0.09064896552845027,0.024566884340160727,-1.4140117669050767
93240.9971968131,0.0806754589821297,0.026834450775854963,-1.5833319073465766
93259.46441746548,0.06901235833380992,0.026669630418523552,-1.668084019232081
93277.93163811787,0.05620475382704036,0.02418488081909993,-1.6560245471330572
93296.39885877025,0.042764098481842094,0.01981109012121324,-1.5488892234266023
93314.86607942263,0.029390549332699335,0.014177710393339864,-1.3621425969374277
93333.33330007501,0.01625618135805371,0.007974334709282042,-1.122745231639116
93351.8005207274,0.003744944375531579,0.0018430988774492314,-0.8652608676238175
93370.26774137978,0.007622934075248806,-0.003687099803356809,-0.6268655816139264
93388.73496203216,0.017320408937185377,-0.00822747564002002,-0.4419796085590493
93407.20218268454,0.025082560355796656,-0.011542947449172045,-0.33729701360541525
93425.66940333693,0.030735388445086203,-0.01354675024774683,-0.32793097146717404
93444.13662398931,0.03414483178820544,-0.014285889017018182,-0.4152313161984568
93462.6038446417,0.035222089868338635,-0.013913072204641452,-0.5865895439540728
93481.07106529408,0.03413952044691614,-0.012639584565618433,-0.8172594441573675
93499.53828594646,0.03073747383263057,-0.010686665194728426,-1.0739305010497144
93518.00550659884,0.025030631045601874,-0.008241867912204215,-1.3195380738877325
93536.47272725122,0.01716431151364489,-0.005425371388235475,-1.5186157786352543
93554.93994790361,0.007366141658359075,-0.00227587137194648,-1.642417164159673
93573.40716855599,0.0037416482666855167,0.0012535063391328307,-1.6730670669551404
93591.87438920837,0.015459229720460259,0.0052848665122300145,-1.6061431085735633
93610.34160986076,0.02805661239872422,0.009994232667657608,-1.4513144592023104
93628.80883051314,0.04120015989312604,0.015577015649962465,-1.2309455408164016
93647.27605116552,0.05451567460897868,0.02219556656999323,-0.9768662589662636
93665.7432718179,0.06760108024631545,0.029904391661977548,-0.7257751840399461
93684.21049247029,0.08125380210973684,0.03855329150015573,-0.5139395629730907
93702.67771312267,0.09463898497217141,0.04768497831092285,-0.3719575814954871
93721.14493377505,0.10720765667788021,0.056476052344709794,-0.32033929804631545
93739.61215442744,0.11830053250016215,0.06379688470008411,-0.3665445095017189
93758.07937507982,0.1261182299224526,0.068460603476384,-0.5039053651535813
93776.5465957322,0.12910139584326447,0.06961732747480999,-0.7125890776926103
93795.01381638458,0.13013050874675477,0.06710954548039935,-0.962461541258931
93813.48103703697,0.12666967936696735,0.06155197491740154,-1.2174387454645692
93831.94825768935,0.11931040145637058,0.05405720995009994,-1.4406981420486196
93850.41547834173,0.10970972447571191,0.04578443072214919,-1.5999970492824822
93868.88269899412,0.09623311896405225,0.03759219544195572,-1.6723291540989809
93887.3499196465,0.08233225304705383,0.029938957764314413,-1.6472463171550458
93905.81714029888,0.06656331494314938,0.022976644520405487,-1.528366548232241
93924.28436095126,0.05050827857739289,0.016697347618473454,-1.3328511444604803
93942.75158160365,0.03455861061097,0.011043361938803512,-1.0889267543068955
93961.21880225603,0.019025379998075742,0.005962146200327305,-0.8318099579132054
93979.68602290841,0.004583928471467649,0.0014248375822229508,-0.5986225170785168
93998.1532435608,0.008391801117626099,-0.0025751365437926515,-0.4230313194913518
94016.62046421318,0.01938142637230714,-0.006024202323981817,-0.3303869619209461
94035.08768486556,0.0279916844053299,-0.008890473316362085,-0.3340630191906212
94053.55490551794,0.034030282084390184,-0.011125315832438636,-0.43352472519203117
94072.02212617033,0.03741833953907975,-0.012658531348082619,-0.6144060640259205
94090.48934682271,0.0381814258356791,-0.013404498873763111,-0.8505842182750702
94108.95656747509,0.03642816306906413,-0.013272553062105622,-1.1079518443970342
94127.42378812747,0.03232234034162111,-0.01218542733651096,-1.3493424327501167
94145.89100877986,0.026054789806137596,-0.010103036694814514,-1.5398974689089298
94164.35822943224,0.017816655518319235,-0.007045256651465498,-1.6521003200335327
94182.82545008462,0.007788680103047037,-0.003107093687923209,-1.6697499045086501
94201.292670737,0.004047292857682005,0.001539977964558321,-1.5903003128463846
94219.75989138939,0.0176231117955392,0.006653581655726839,-1.4252285059784477
94238.22711204177,0.03226839465183534,0.011938160599709301,-1.1983769495870125
94256.69433269415,0.047523629200216355,0.017075481591773196,-0.9425104658704356
94275.16155334654,0.06277628029784392,0.02176297759866173,-0.6945844792447694
94293.62877399892,0.07875130645454782,0.02576015369586111,-0.490407962159798
94312.0959946513,0.09381676815977376,0.02892773207948059,-0.3594718617326933
94330.56321530369,0.10685506839903049,0.03124045021652749,-0.3206899347929917
94349.03043595607,0.11698938973816052,0.032761950002791015,-0.3796671537239358
94367.49765660845,0.12343488770984147,0.03359309478511771,-0.5278902138501347
94385.96487726083,0.12471948798235723,0.033820742623930276,-0.7439570734549505
94404.43209791322,0.12119199163455574,0.033496874793311426,-0.996667941750847
94422.8993185656,0.1136285150137592,0.032647676971970005,-1.2495311007806607
94441.36653921798,0.10250605679805705,0.031293277541095586,-1.466032481524488
94459.83375987037,0.08914829511834949,0.029457120922309364,-1.614907917243193
94478.30098052275,0.08129586057886201,0.027160725818539518,-1.6746572437791947
94496.76820117513,0.0772210658467806,0.02441552034404467,-1.636649007585597
94515.23542182751,0.06911492521369512,0.021228054694123102,-1.5063674399287887
94533.7026424799,0.05783790671608682,0.017622582391479215,-1.302621092120762
94552.16986313228,0.04464386908934605,0.013670420415898138,-1.0548270341999828
94570.63708378466,0.030747228593199644,0.00950764274981086,-0.7987628729655232
94589.10430443705,0.01709185857346683,0.005328286215531346,-0.5714002744208996
94607.57152508943,0.0043341724163895355,0.0013544704362044345,-0.4055661734629401
94626.03874574181,0.006169799674702677,-0.0022032671017154443,-0.3252025887394868
94644.5059663942,0.014655668524082385,-0.005180140475818382,-0.34190949096976464
94662.97318704658,0.021390611469986547,-0.007473433834593215,-0.45326991542071354
94681.44040769896,0.02616413952588552,-0.00904154397643686,-0.6431991516935853
94699.90762835134,0.029379863966748784,-0.009890268679154964,-0.8842675553097724
94718.37484900373,0.03095049381157025,-0.01005326470496905,-1.1416615298670494
94736.84206965611,0.030460466834358074,-0.009574555420842656,-1.3782107048249899
94755.30929030849,0.02780857706863104,-0.008498671763712596,-1.559755412772619
94773.77651096087,0.02297645922473849,-0.006867921346993934,-1.6600794538313344
94792.24373161326,0.016047820147344075,-0.004722168202265162,-1.664695892434291
94810.71095226564,0.007217223385222935,-0.0021047189115389283,-1.572939198802733
94829.17817291802,0.002885399968888009,0.000936383876250017,-1.3980615627609316
94847.6453935704,0.013363081033977767,0.004346307494920643,-1.1653193826781358
94866.11261422279,0.02484868216489292,0.008067630208257627,-0.9083261709018915
94884.57983487517,0.03724922866503528,0.012043664831084438,-0.6641984896394363
94903.04705552755,0.050317100148570486,0.01622806760953646,-0.46819586553260006
94921.51427617994,0.06353091950376007,0.02059703705080036,-0.3486287300862841
94939.98149683232,0.07598764467724935,0.0251543470866693,-0.3227697422197855
94958.4487174847,0.08643486425447323,0.029936396346974817,-0.3943589957423916
94976.91593813708,0.09522877412775084,0.034998036622929475,-0.5530635281917129
94995.38315878947,0.09965895984880314,0.040364038508174375,-0.7759693913878409
95013.85037944185,0.09893667232969365,0.045949534924985734,-1.030890802378176
95032.31760009423,0.09342865532194657,0.051460609004946,-1.281017994087552
95050.78482074662,0.08804129969867831,0.05633422137534524,-1.4902321549105917
95069.252041399,0.09012170187239064,0.05979303628959245,-1.6283204853271291
95087.71926205138,0.08781239793450234,0.061052137141334804,-1.6753393551945153
95106.18648270376,0.08256261270551084,0.059596328276270226,-1.6244955931751954
95124.65370335615,0.0755568242954162,0.055369568064633855,-1.4831287112353233
95143.12092400853,0.06514960568918823,0.04875992630607975,-1.2716512198255112
95161.58814466091,0.05369225758580694,0.04043025503854606,-1.0206001220574739
95180.0553653133,0.041517083723205755,0.031111778208687692,-0.7662261757270438
95198.52258596568,0.028710197072689757,0.02146433749945882,-0.5452585242146049
95216.98980661806,0.016095101275332716,0.012020849864510179,-0.38960088272339577
95235.45702727044,0.004275515600472635,0.003190484826485828,-0.32172498005320266
95253.92424792283,0.005750505008075229,-0.004711190146972326,-0.3514261652990871
95272.39146857521,0.013985948097621373,-0.011436825189591169,-0.4744094715536833
95290.85868922759,0.020541637933879333,-0.016788611620464005,-0.6729102422081141
95309.32590987998,0.02519436066879387,-0.02061952558348903,-0.9182597108888585
95327.79313053236,0.027800487141239377,-0.022837935641381233,-1.17502507939269
95346.26035118474,0.0285056434176519,-0.023421507039177506,-1.4061262323408963
95364.72757183712,0.027485888659152993,-0.02241587477570951,-1.5781902054379187
95383.1947924895,0.02455399006403296,-0.01992527970233061,-1.6663702236701639
95401.66201314189,0.019878800034992396,-0.016091925945407738,-1.6579335006354265
95420.12923379427,0.013679692161402354,-0.011070285738394716,-1.5540998141239595
95438.59645444666,0.006177981456917137,-0.005005214215550183,-1.3698654210988157
95457.06367509904,0.002664379877319448,0.0019752147711796066,-1.1318377231590702
95475.53089575142,0.013154159027764723,0.00975691649712911,-0.8743932767029672
95493.9981164038,0.024475099782766845,0.018219962731147593,-0.6347138234008749
95512.46533705619,0.036403650949345674,0.02720482789882723,-0.4474170453351162
95530.93255770857,0.04922163809840594,0.03646884730143365,-0.3395573222509954
95549.39977836095,0.06211779276579866,0.0456471189784333,-0.326718393633213
95567.86699901333,0.07425114262264323,0.0542307943638573,-0.4107622232668273
95586.33421966572,0.08518387800125032,0.06159175720695218,-0.5795592785307884
95604.8014403181,0.09530922711910564,0.06706492313493487,-0.8087393888307713
95623.26866097048,0.10161780916271049,0.0700820129720301,-1.0652106360292801
95641.73588162287,0.10351626128693997,0.07031927642185798,-1.3119383390760169
95660.20310227525,0.10296441742139709,0.06779275787742714,-1.5132939621377244
95678.67032292763,0.09740185215971686,0.06286366556628009,-1.6402010178977176
95697.13754358001,0.08841698432616199,0.05616025193160637,-1.6743341934289762
95715.6047642324,0.08656323469294103,0.04843259786138976,-1.6107650583095483
95734.07198488478,0.0856768316775092,0.04040426262962937,-1.4586727471191543
95752.53920553716,0.08127600765810428,0.03265292930308337,-1.2400177578444083
95771.00642618955,0.07333608827574545,0.0255513191279471,-0.9863707901041145
95789.47364684193,0.06228938255038553,0.019267496407457126,-0.7343543365819373
95807.94086749431,0.048953541221658306,0.013809904357005562,-0.5203548056518273
95826.4080881467,0.03442283724258701,0.00909005460530007,-0.37526850932398004
95844.87530879908,0.01962675182637636,0.0049817910377579905,-0.32004025245626194
95863.34252945146,0.005451966498227058,0.0013654857613265453,-0.3626389289940046
95881.80975010384,0.0064595507705567665,-0.001845101683806358,-0.4969069631296635
95900.27697075623,0.01617772680549058,-0.004689143776988471,-0.7034497314448247
95918.74419140861,0.024167867703941522,-0.007154714755448867,-0.9524364646985467
95937.21141206099,0.030225526600681372,-0.00918483716190763,-1.207908111985311
95955.67863271337,0.03414603089828415,-0.010682388431625832,-1.4329700830114835
95974.14585336576,0.035751805181962776,-0.011529555016711884,-1.5951200330497621
95992.61307401814,0.03493093404585039,-0.011606525097941888,-1.670941368898506
96011.08029467052,0.0316644381279315,-0.010814710237296429,-1.6494847419353964
96029.5475153229,0.026034826452699472,-0.009101548811981537,-1.5338492239012511
96048.01473597529,0.018215036225345503,-0.006476923167292755,-1.340734824117046
96066.48195662767,0.00845159442133765,-0.0030315258891191405,-1.0980309387338385
96084.94917728005,0.002577110938982492,0.0010616667855355912,-0.8407889493852297
96103.41639793244,0.013764546643543079,0.005548741340552396,-0.6061605388031541
96121.88361858482,0.026182699391504492,0.010110995379496389,-0.42803264053325113
96140.3508392372,0.039826855847881426,0.014387808660517096,-0.3321337703940777
96158.81805988959,0.05462197851372601,0.018015259797739654,-0.33231843251208937
96177.28528054197,0.07032461422763142,0.020670015069192364,-0.42856619741499835
96195.75250119435,0.08649797917612669,0.022121773345721397,-0.6069844337812931
96214.21972184673,0.10335280419860778,0.022281018546644157,-0.8418142916854793
96232.68694249912,0.11905599854335867,0.021225220146073868,-1.0991501972551425
96251.1541631515,0.13189342414396563,0.019195223975201788,-1.3418356633976938
96269.62138380388,0.14000494820832624,0.016553685707652633,-1.5348284816973172
96288.08860445626,0.1420134677217267,0.013709478134415368,-1.6502607824765256
96306.55582510865,0.1408823016282593,0.01103155713119508,-1.671463556192847
96325.02304576103,0.1353002541288817,0.008777533182423216,-1.59537439825573
96343.49026641341,0.1272337738677782,0.0070580342117084645,-1.4329802482586307
96361.9574870658,0.1160161908643084,0.005841049594334917,-1.2077307612580108
96380.42470771818,0.10323161381583348,0.00499179458440493,-0.9521515645090707
96398.89192837056,0.08846209058418827,0.00433288085551685,-0.7031469742550958
96417.35914902294,0.07188679710071783,0.0037044277956426314,-0.4966707127962547
96435.82636967533,0.05499579296166081,0.0030032173907505863,-0.362534084769968
96454.29359032771,0.03810295915521471,0.002195470515880707,-0.3201012078561915
96472.7608109801,0.021614041713223724,0.0013039328625446254,-0.3754929746310158
96491.22803163248,0.006216277510620037,0.00038718875256232355,-0.5207035629616852
96509.69525228486,0.004943391611383093,-0.0004839208807481781,-0.7347570058642582
96528.16247293724,0.012588918132143702,-0.0012493878717167342,-0.9867366880184658
96546.62969358962,0.018634065713172512,-0.0018657559829615587,-1.2402502176885648
96565.096914242,0.023031472189809565,-0.0023106488685910804,-1.4586848940374175
96583.56413489439,0.025785999846485174,-0.0025776793944021943,-1.6104948448099166
96602.03135554677,0.026773579044802192,-0.002668206117695357,-1.673756342010597
96620.49857619916,0.025984482825459145,-0.0025865640328125005,-1.639333518751743
96638.96579685154,0.023453044845979158,-0.002335923038815817,-1.512197425754297
96657.43301750392,0.019258333842535714,-0.001919340428196218,-1.31070803766931
96675.9002381563,0.01351822590550333,-0.0013448797121507245,-1.0639629463836777
96694.36745880869,0.006384141238001172,-0.0006302963984398619,-0.8075955850492074
96712.83467946107,0.0029429883767793127,0.00019300052119592269,-0.5786296850477788
96731.30190011345,0.016935525757283205,0.0010808704797210763,-0.4101329382540421
96749.76912076584,0.032032586485913506,0.001984427382600773,-0.32644185014257887
96768.23634141822,0.04778889960084916,0.002861680397063843,-0.33964731323763575
96786.7035620706,0.06363512858861288,0.0036930456722243203,-0.4478483953090016
96805.17078272298,0.07922879068251036,0.004494408816314527,-0.635426509137767
96823.63800337537,0.09447323322286998,0.005323049033356332,-0.8753003870875055
96842.10522402775,0.10785838791298676,0.006266735460230026,-1.1328362809982402
96860.57244468013,0.11834514111180557,0.0074206510322425085,-1.370848831852058
96879.03966533252,0.1253346226327355,0.008851596433877684,-1.554970627861285
96897.5068859849,0.13060609519109034,0.010565280121896368,-1.658615208452322
96915.97410663728,0.13135658679226028,0.01248975012374427,-1.6668168360359576
96934.44132728966,0.12765035827461166,0.014475983877737526,-1.578392226916383
96952.90854794205,0.1200694064773104,0.01630615807293437,-1.4061115593479274
96971.37576859443,0.11030804195696697,0.017712048271675634,-1.1748538776418396
96989.84298924681,0.1014720157455748,0.018417442601736403,-0.9180137285348084
97008.3102098992,0.08903079491067972,0.018206243868729592,-0.6726784810118601
97026.77743055158,0.07647491233118155,0.01699003250179642,-0.47427278688164526
97045.24465120396,0.06322668877997527,0.014835497186406376,-0.351443312300135
97063.71187185634,0.048638702597232075,0.011940397795225734,-0.32192224115886087
97082.17909250873,0.033731010980439756,0.008573896973295,-0.38996686149892695
97100.64631316111,0.019257433998094944,0.005016408991275785,-0.5457450003792718
97119.11353381349,0.0057537197033953845,0.0015211578349080975,-0.7667551007862226
97137.58075446587,0.005762979405076104,-0.0017001450734073407,-1.021075898606498
97156.04797511826,0.015157374513017068,-0.004475468052138435,-1.2719764018728081
97174.51519577064,0.02275658850622535,-0.006674181170630701,-1.483220393261464
97192.98241642302,0.028387639542536428,-0.008209436755183225,-1.6242993694869599
97211.4496370754,0.031921410427951186,-0.009042815676389553,-1.674838206819255
97229.91685772779,0.03327265704853258,-0.009185465531379224,-1.6275373653917393
97248.38407838017,0.032409476592952555,-0.00869134412490504,-1.48922682464122
97266.85129903255,0.029358977221631055,-0.007640849484366203,-1.279879645902064
97285.31851968494,0.02420685740018337,-0.006123882436648773,-1.0297276539897997
97303.78574033732,0.0170971439483613,-0.004219408492059617,-0.7748957660413027
97322.2529609897,0.008218738031226231,-0.001989782479800146,-0.5521853597553187
97340.72018164209,0.0023224904114931516,0.0005278867754413142,-0.3937599672576127
97359.18740229447,0.01451457210765855,0.003317664166354703,-0.32250067412942457
97377.65462294685,0.027484872025494163,0.006376961026421275,-0.34870191189192573
97396.12184359923,0.041074935944006186,0.009707115798872139,-0.46858478437758894
97414.58906425162,0.05477722171765681,0.013287819788428199,-0.664842625963604
97433.056284904,0.06802820947407873,0.017050804494856252,-0.9091400429879295
97451.52350555638,0.08016233891209534,0.020843008142589065,-1.1662046051763215
97469.99072620877,0.09050831294722028,0.024386951203638572,-1.3989203457821813
97488.45794686115,0.1000427678633505,0.02726058816264716,-1.5736875041889686
97506.92516751353,0.1096684518827131,0.02891975936235985,-1.6652744177278984
97525.39238816591,0.11651912418752566,0.028797496183383498,-1.660460753103306
97543.8596088183,0.12306630860891915,0.026488362269890358,-1.5599458437462683
97562.32682947068,0.13067718169669376,0.02197889958535174,-1.3782466712573704
97580.79405012306,0.13676624584343575,0.015824812024289585,-1.1416008358438263
97599.26127077545,0.13568756431183296,0.009094372459506755,-0.8841782057584213
97617.72849142783,0.12762880778030095,0.0030088840640997453,-0.643148469871995
97636.19571208021,0.11538735937674924,-0.001541560333367766,-0.45331549407929317
97654.6629327326,0.09879966752502373,-0.00423998683603196,-0.3420915050887092
97673.13015338498,0.08000466120013022,-0.005256968798707981,-0.32553691523417266
97691.59737403736,0.06060920120521346,-0.00500453843897548,-0.40603937881077823
97710.06459468974,0.04163962582128293,-0.0039307763196415576,-0.5719684859595255
97728.53181534212,0.02372828301674261,-0.002420887728177657,-0.7993558535267546
97746.99903599451,0.007294689300107404,-0.0007745276944687287,-1.0553573318802234
97765.46625664689,0.005215641512011764,0.0007832953813484152,-1.302996869866754
97783.93347729927,0.014210213895387243,0.0020865768725515797,-1.5065067919477384
97802.40069795166,0.021602639320001612,0.003019822500267853,-1.6364932907775078
97820.86791860404,0.02715365647728934,0.0035193544670027942,-1.6741812544790406
97839.33513925642,0.03064444799425024,0.0035816657398107378,-1.6141255134226271
97857.8023599088,0.031927890277172195,0.00326575284448224,-1.4649970377001744
97876.26958056119,0.03097222406589103,0.0026843855990083773,-1.248330588300386
97894.73680121357,0.027869634483971617,0.0019813919181491603,-0.9954147252431224
97913.20402186595,0.022807248612986677,0.0012959038465657929,-0.742773331622503
97931.67124251834,0.016022248208005605,0.000724409225545764,-0.5268912140092795
97950.13846317072,0.007755878703746607,0.000291737199961468,-0.3789454622670242
97968.6056838231,0.0025690492468291954,-0.00005973029524016836,-0.32030338942471154
97987.07290447548,0.017948591776486913,-0.0004611519702370902,-0.3594371202037991
98005.54012512787,0.03447058934910154,-0.0010907942168237757,-0.49070030147859606
98024.00734578025,0.05160902469856286,-0.0021312375279214212,-0.695143499576672
98042.47456643263,0.06870445021480386,-0.003712703027285918,-0.9432504661399028
98060.94178708502,0.08498181307047872,-0.005849870578340849,-1.1992001059493933
98079.4090077374,0.09965115260073718,-0.008398129424181599,-1.4260387291555865
98097.87622838978,0.11206845251556796,-0.011052526622160637,-1.5910157863809702
98116.34344904216,0.12348840934313893,-0.01341722731145177,-1.67031270171563
98134.81066969455,0.13744718934801162,-0.015137468396903478,-1.6524820197602812
98153.27789034693,0.14900015422058832,-0.01604830369897869,-1.5401003492208074
98171.74511099931,0.15420151772737722,-0.016253207527028146,-1.349396680244873
98190.2123316517,0.15187866116899257,-0.01604445887277223,-1.1079099242796924
98208.67955230408,0.14257652164578616,-0.01569278574118239,-0.8505132941863193
98227.14677295646,0.1282118736896277,-0.015269792925891142,-0.6143783682202767
98245.61399360884,0.11182100474214804,-0.01465252635286738,-0.4336057769870336
98264.08121426123,0.09462024521793855,-0.013666622382151421,-0.334299087469399
98282.54843491361,0.07715648796468863,-0.012218450792875452,-0.3307945759810973
98301.01565556599,0.06081984495005131,-0.010334559952980726,-0.4235915363674482
98319.48287621838,0.0454659351315954,-0.008131271048164104,-0.5992813710387106
98337.95009687076,0.031003207474890708,-0.0057591757467875,-0.8324850105861126
98356.41731752314,0.017673272347609792,-0.0033666568904758293,-1.0895185419489013
98374.88453817552,0.005598329104600994,-0.0010820072661882022,-1.3332577260387126
98393.3517588279,0.005458505493940593,0.000992551373661591,-1.5284991043758342
98411.81897948029,0.01514953857317739,0.0027745158970089467,-1.6470436561170136
98430.28620013267,0.022675583690029213,0.004201155544672673,-1.671768934548869
98448.75342078505,0.027785091206618463,0.005227840517640019,-1.5991016222997465
98467.22064143744,0.030432406185274465,0.005830760989194243,-1.4395334404436888
98485.68786208982,0.030950891435679858,0.006004784667149826,-1.216105932219991
98504.1550827422,0.029523860848480427,0.0057645190560711036,-0.9610829769036158
98522.62230339459,0.02616431389303046,0.005141069752894304,-0.7112915951086504
98541.08952404697,0.02115054886788804,0.004175367212039255,-0.5028038776914449
98559.55674469935,0.014754477998811525,0.002917283767126547,-0.365727985304021
98578.02396535173,0.007196178577398439,0.0014191971665855493,-0.31986039253568266
98596.49118600412,0.0018574356666375877,-0.000267319439293709,-0.37182717242670404
98614.9584066565,0.014626958687687595,-0.0020888480674719277,-0.5141271162443144
98633.42562730888,0.028072900919874116,-0.003995600882161752,-0.7262148588739112
98651.89284796127,0.04144309917393177,-0.005940542682929231,-0.9774676154355764
98670.36006861365,0.053923521695992335,-0.007878509707157874,-1.2316071534389674
98688.82728926603,0.06519496184889995,-0.009757340224722908,-1.451938499825415
98707.29450991841,0.07456583047704878,-0.011511763688503497,-1.6066489429225104
98725.7617305708,0.0811647204469041,-0.013053533206803887,-1.6734021317727041
98744.22895122318,0.08461359171697892,-0.014275627262362743,-1.642563755146558
98762.69617187556,0.08490325676961712,-0.015063645925558465,-1.5185927631611453
98781.16339252795,0.0824031838451814,-0.015321374998841288,-1.319396968079803
98799.63061318033,0.07910616273214242,-0.014979918710402133,-1.073746013579543
98818.09783383271,0.08075168846661,-0.01400006895122736,-0.8171156835239666
98836.5650544851,0.07904987827135647,-0.012388487824839265,-0.5865644929413508
98855.03227513748,0.07593741170146039,-0.0102270204112465,-0.4153829744440361
98873.49949578986,0.07156497401013508,-0.007701804679123698,-0.32828782219204394
98891.96671644224,0.06504411718242703,-0.005098608858023225,-0.337853676061556
98910.43393709463,0.057019356730504234,-0.002744699472672936,-0.4426972246428183
98928.90115774701,0.04940822456258549,-0.0009198558463218531,-0.6276762375901133
98947.36837839939,0.03974868510396026,0.00022401926917685038,-0.8660754253049577
98965.83559905177,0.028717128789450867,0.0006927505831195534,-1.1234638576838796
98984.30281970416,0.017104087394758126,0.0006278557148891394,-1.362667048816857
99002.77004035654,0.005698962436881613,0.0002476164426994748,-1.5491356640392322
99021.23726100892,0.00478556268213453,-0.00022049437039625266,-1.655935417319922
99039.7044816613,0.013931429615969276,-0.0005930214045566992,-1.6676373550354564
99058.17170231369,0.02157908099123395,-0.000762444529320672,-1.5825465192173471
99076.63892296607,0.02755009606767131,-0.0007038144645757346,-1.4129470082470743
99095.10614361845,0.031641868124033065,-0.0004596223435397066,-1.1833280246071234
99113.57336427084,0.033648473009285994,-0.0001164457252520825,-0.9268471799521643
99132.04058492322,0.03339757841114334,0.00022542145855996605,-0.6805419411749463
99150.5078055756,0.030787815266793438,0.0004780867077576469,-0.47998086468797385
99168.97502622798,0.02581827065734974,0.000581013885591438,-0.35412708117449154
99187.44224688037,0.018605261057838357,0.0005122384096291549,-0.32115579120422977
99205.90946753275,0.009386291997474639,0.00028765525833397525,-0.3858297311383054
99224.37668818513,0.0010889820302335998,-0.00004438227436896208,-0.5388115694854331
99242.84390883752,0.010011920386157645,-0.0004046456193050044,-0.7580124910409282
99261.3111294899,0.01975364031824841,-0.0006859666810161578,-1.01178216957796
99279.77835014228,0.030083670239000583,-0.000757133285716484,-1.263479423565266
99298.24557079466,0.04115369422880987,-0.0004626940538698869,-1.4767634806977519
99316.71279144705,0.053313733340762406,0.0003729364036013086,-1.6208417347295971
99335.18001209943,0.06689369024627838,0.0019390121410205173,-1.6749162019819441
99353.64723275181,0.08132536828577605,0.004408109948137417,-1.6311866345270838
99372.1144534042,0.0959901484442382,0.007897423333861722,-1.49597663062674
99390.58167405658,0.10960992222325355,0.012397723339610952,-1.2888198535135151
99409.04889470896,0.11999328003345242,0.01769661286542305,-1.039637681565132
99427.51611536134,0.12593338818791494,0.02331129944327302,-0.7844157550807187
99445.98333601373,0.12924684009093493,0.02849959588100145,-0.5600063983640468
99464.45055666611,0.13109445467915806,0.03242189293900217,-0.39881098147587823
99482.9177773185,0.12705152605939393,0.034409492108809336,-0.32410619008821734
99501.38499797088,0.11738012353535329,0.03417089726964899,-0.34668206982518734
99519.85221862326,0.10321880214192226,0.03183783697269653,-0.46327977426368533
99538.31943927564,0.08717713745401563,0.027869852081301216,-0.6570599704966302
99556.78665992802,0.06913375417188632,0.022883257312953195,-0.9000346617071837
99575.2538805804,0.0527064121379026,0.01747139999233179,-1.1571097317314083
99593.72110123279,0.03631183291069248,0.01208547722705956,-1.3911536459874523
99612.18832188517,0.020964320823539856,0.007000577573921611,-1.5683602677310478
99630.65554253756,0.00704242465929379,0.002353461819564786,-1.6631313900115121
99649.12276318994,0.007226531520918978,-0.001794065917670947,-1.6617738609012354
99667.58998384232,0.021538784957979118,-0.005394753440110639,-1.5644773326418293
99686.0572044947,0.03289226568666408,-0.008385279533196588,-1.385287015511058
99704.52442514709,0.04087678278305577,-0.010680263792749976,-1.1500754087906337
99722.99164579947,0.045661835892889864,-0.012186724289355012,-0.8928059885877072
99741.45886645185,0.04717465288760648,-0.012828435967026888,-0.650628507839558
99759.92608710424,0.045286195610876705,-0.012571890385309595,-0.4585142492447117
99778.39330775662,0.040323588257903574,-0.011433046391269071,-0.34420593950792533
99796.860528409,0.03276004386889702,-0.009471715160915564,-0.3242115282474753
99815.32774906138,0.023169919756137212,-0.006774358537112437,-0.4014202941439154
99833.79496971377,0.011717345524940102,-0.003439750590458252,-0.5646855281113312
99852.26219036615,0.0014148265690892348,0.0004383756310434587,-0.7904341407461588
99870.72941101853,0.015365156005819615,0.004769080634776817,-1.0460708200085809
99889.19663167091,0.030129155264438778,0.009451219461321778,-1.2946851519022347
99907.6638523233,0.04491915828588177,0.014344055008637278,-1.5003818798433861
99926.13107297568,0.05861575313103178,0.019231188660714767,-1.6334644600794759
99944.59829362806,0.07184895033586114,0.02377789030993625,-1.6747233174603415
99963.06551428045,0.08317702383291564,0.02751897831401622,-1.618209589768184
99981.53273493283,0.09514510891205542,0.029893498992429855,-1.47209390648154
99999.99995558521,0.10685531133156013,0.03036678923435138,-1.2574862378006473
100018.4671762376,0.11653470226003436,0.02862192134380624,-1.0053870327788672
